2025-11-20 03:45:21,717 [ERROR] LogOutputStream:75 - [STDERR_REDIRECT] 
2025-11-20 14:08:57,282 [INFO] Activator:176 - 


2025-11-20 14:08:57,296 [INFO] Activator:177 - !SESSION log4j initialized
2025-11-20 14:09:09,946 [INFO] LogOutputStream:77 - [STDOUT_REDIRECT] 
2025-11-20 14:09:14,949 [INFO] ApplicationProperties:184 - Using Application install path: /opt/st/stm32cubeide_1.19.0/plugins/com.st.stm32cube.common.mx_6.15.0.202507011659
2025-11-20 14:09:15,036 [INFO] DbMcusXml:78 - Set database path to: /opt/st/stm32cubeide_1.19.0/plugins/com.st.stm32cube.common.mx_6.15.0.202507011659//db//mcu/
2025-11-20 14:09:15,036 [INFO] ApiDb:274 - Set plugin database path to: /opt/st/stm32cubeide_1.19.0/plugins/com.st.stm32cube.common.mx_6.15.0.202507011659//db//plugins/boardmanager/
2025-11-20 14:09:15,037 [WARN] ApiDb:259 - Overriding images path with different value:  => /opt/st/stm32cubeide_1.19.0/plugins/com.st.stm32cube.common.mx_6.15.0.202507011659//db//plugins/mcufinder/images/
2025-11-20 14:09:15,271 [INFO] ApiDb:250 - Set database path to: /home/natthanicha/.stmcufinder/plugins/mcufinder//mcu/
2025-11-20 14:09:15,302 [INFO] DbMcusAds:125 - Set database path to: /home/natthanicha/.stmcufinder/plugins/mcufinder//mcu/
2025-11-20 14:09:15,304 [INFO] CrossReferenceDbSqlite:203 - Set database path to: /home/natthanicha/.stmcufinder/plugins/mcufinder//mcu/cs/
2025-11-20 14:09:15,454 [INFO] RulesReader:64 - Compatibility file has been processed (317 Rules)
2025-11-20 14:09:15,687 [INFO] DbMcusXml:78 - Set database path to: /opt/st/stm32cubeide_1.19.0/plugins/com.st.stm32cube.common.mx_6.15.0.202507011659//db//mcu/
2025-11-20 14:09:15,687 [INFO] ApiDb:274 - Set plugin database path to: /opt/st/stm32cubeide_1.19.0/plugins/com.st.stm32cube.common.mx_6.15.0.202507011659//db//plugins/boardmanager/
2025-11-20 14:09:15,687 [INFO] ApiDb:261 - Set plugin images path to: /opt/st/stm32cubeide_1.19.0/plugins/com.st.stm32cube.common.mx_6.15.0.202507011659//db//plugins/mcufinder/images/
2025-11-20 14:09:15,688 [WARN] DbFile:41 - Overriding database path with different value: /home/natthanicha/.stmcufinder/plugins/mcufinder/ => /home/natthanicha/.stmcufinder/plugins/mcufinder
2025-11-20 14:09:15,688 [INFO] ApiDb:250 - Set database path to: /home/natthanicha/.stmcufinder/plugins/mcufinder//mcu/
2025-11-20 14:09:15,688 [WARN] DbFile:41 - Overriding database path with different value: /home/natthanicha/.stmcufinder/plugins/mcufinder/ => /home/natthanicha/.stmcufinder/plugins/mcufinder
2025-11-20 14:09:15,688 [INFO] DbMcusAds:125 - Set database path to: /home/natthanicha/.stmcufinder/plugins/mcufinder//mcu/
2025-11-20 14:09:15,688 [WARN] DbFile:41 - Overriding database path with different value: /home/natthanicha/.stmcufinder/plugins/mcufinder/ => /home/natthanicha/.stmcufinder/plugins/mcufinder
2025-11-20 14:09:15,688 [WARN] DbFile:41 - Overriding database path with different value: /home/natthanicha/.stmcufinder/plugins/mcufinder/ => /home/natthanicha/.stmcufinder/plugins/mcufinder
2025-11-20 14:09:15,688 [INFO] CrossReferenceDbSqlite:203 - Set database path to: /home/natthanicha/.stmcufinder/plugins/mcufinder//mcu/cs/
2025-11-20 14:09:15,890 [INFO] MainPanel:274 - HeapMemory: 268435456
2025-11-20 14:09:16,276 [INFO] DbMcusXml:78 - Set database path to: /opt/st/stm32cubeide_1.19.0/plugins/com.st.stm32cube.common.mx_6.15.0.202507011659//db//mcu/
2025-11-20 14:09:16,277 [INFO] ApiDb:274 - Set plugin database path to: /opt/st/stm32cubeide_1.19.0/plugins/com.st.stm32cube.common.mx_6.15.0.202507011659//db//plugins/boardmanager/
2025-11-20 14:09:16,277 [INFO] ApiDb:261 - Set plugin images path to: /opt/st/stm32cubeide_1.19.0/plugins/com.st.stm32cube.common.mx_6.15.0.202507011659//db//plugins/mcufinder/images/
2025-11-20 14:09:16,277 [WARN] DbFile:41 - Overriding database path with different value: /home/natthanicha/.stmcufinder/plugins/mcufinder/ => /home/natthanicha/.stmcufinder/plugins/mcufinder
2025-11-20 14:09:16,277 [INFO] ApiDb:250 - Set database path to: /home/natthanicha/.stmcufinder/plugins/mcufinder//mcu/
2025-11-20 14:09:16,277 [WARN] DbFile:41 - Overriding database path with different value: /home/natthanicha/.stmcufinder/plugins/mcufinder/ => /home/natthanicha/.stmcufinder/plugins/mcufinder
2025-11-20 14:09:16,277 [INFO] DbMcusAds:125 - Set database path to: /home/natthanicha/.stmcufinder/plugins/mcufinder//mcu/
2025-11-20 14:09:16,277 [WARN] DbFile:41 - Overriding database path with different value: /home/natthanicha/.stmcufinder/plugins/mcufinder/ => /home/natthanicha/.stmcufinder/plugins/mcufinder
2025-11-20 14:09:16,277 [WARN] DbFile:41 - Overriding database path with different value: /home/natthanicha/.stmcufinder/plugins/mcufinder/ => /home/natthanicha/.stmcufinder/plugins/mcufinder
2025-11-20 14:09:16,277 [INFO] CrossReferenceDbSqlite:203 - Set database path to: /home/natthanicha/.stmcufinder/plugins/mcufinder//mcu/cs/
2025-11-20 14:09:16,300 [INFO] ApplicationProperties:184 - Using Application install path: /opt/st/stm32cubeide_1.19.0/plugins/com.st.stm32cube.common.mx_6.15.0.202507011659
2025-11-20 14:09:16,301 [INFO] PluginManage:196 - Search for loadable plugins [exclusion list=, ]
2025-11-20 14:09:16,301 [INFO] PluginManage:310 - Check plugin analytics
2025-11-20 14:09:16,585 [INFO] AnalyticsPlugin:253 - Accepted Software Licenses: 
2025-11-20 14:09:16,585 [INFO] AnalyticsPlugin:255 - Accepted CMSIS Pack Licenses: 
2025-11-20 14:09:16,585 [INFO] AnalyticsPlugin:257 - Accepted Firmware Licenses: FW.G4.1.6.0
2025-11-20 14:09:16,586 [INFO] PluginManage:359 - Loaded plugin analytics (category:tool,tabindex:-1)
2025-11-20 14:09:16,586 [INFO] PluginManage:310 - Check plugin cadmodel
2025-11-20 14:09:16,641 [INFO] CADModel:105 - Init CAD model plugin
2025-11-20 14:09:16,641 [INFO] PluginManage:359 - Loaded plugin cadmodel (category:power,tabindex:5)
2025-11-20 14:09:16,641 [INFO] PluginManage:310 - Check plugin clock
2025-11-20 14:09:16,720 [INFO] PluginManage:359 - Loaded plugin clock (category:base,tabindex:2)
2025-11-20 14:09:16,720 [INFO] PluginManage:310 - Check plugin ddr
2025-11-20 14:09:16,737 [INFO] PluginManage:359 - Loaded plugin ddr (category:tool,tabindex:6)
2025-11-20 14:09:16,737 [INFO] PluginManage:310 - Check plugin filemanager
2025-11-20 14:09:17,164 [INFO] PluginManage:359 - Loaded plugin filemanager (category:base,tabindex:10)
2025-11-20 14:09:17,165 [INFO] PluginManage:310 - Check plugin ipmanager
2025-11-20 14:09:17,200 [INFO] PluginManage:359 - Loaded plugin ipmanager (category:base,tabindex:5)
2025-11-20 14:09:17,200 [INFO] PluginManage:310 - Check plugin lpbam
2025-11-20 14:09:17,208 [INFO] PluginManage:359 - Loaded plugin lpbam (category:base,tabindex:0)
2025-11-20 14:09:17,208 [INFO] PluginManage:310 - Check plugin memorymap
2025-11-20 14:09:17,234 [INFO] PluginManage:359 - Loaded plugin memorymap (category:base,tabindex:4)
2025-11-20 14:09:17,234 [INFO] PluginManage:310 - Check plugin pinoutandconfiguration
2025-11-20 14:09:17,259 [INFO] PluginManage:359 - Loaded plugin pinoutandconfiguration (category:base,tabindex:1)
2025-11-20 14:09:17,259 [INFO] PluginManage:310 - Check plugin pinoutconfig
2025-11-20 14:09:17,435 [WARN] SupportedApi:132 - Cannot load RTOS API schema: s4s-elt-must-match.1: The content of 'definitions' must match (annotation?, (simpleType | complexType)?, (unique | key | keyref)*)). A problem was found starting at: attribute.
2025-11-20 14:09:17,568 [INFO] PluginManage:359 - Loaded plugin pinoutconfig (category:base,tabindex:0)
2025-11-20 14:09:17,568 [INFO] PluginManage:310 - Check plugin power
2025-11-20 14:09:17,616 [INFO] PluginManage:359 - Loaded plugin power (category:power,tabindex:4)
2025-11-20 14:09:17,617 [INFO] PluginManage:310 - Check plugin projectmanager
2025-11-20 14:09:17,645 [INFO] PluginManage:359 - Loaded plugin projectmanager (category:projectmanager,tabindex:4)
2025-11-20 14:09:17,645 [INFO] PluginManage:310 - Check plugin rif
2025-11-20 14:09:17,683 [INFO] PluginManage:359 - Loaded plugin rif (category:base,tabindex:3)
2025-11-20 14:09:17,683 [INFO] PluginManage:310 - Check plugin thirdparty
2025-11-20 14:09:17,914 [INFO] PluginManage:359 - Loaded plugin thirdparty (category:base,tabindex:-1)
2025-11-20 14:09:17,914 [INFO] PluginManage:310 - Check plugin tools
2025-11-20 14:09:17,914 [WARN] IntegrityCheckThread:84 - waiting for thirdparty lock release [integrity check]
2025-11-20 14:09:17,914 [INFO] IntegrityCheckThread:86 - entering critical section [integrity check]
2025-11-20 14:09:17,915 [INFO] ThirdPartyUpdaterWithRetryManager:70 - Updater plugin not ready yet. [1/15]
2025-11-20 14:09:17,942 [INFO] PluginManage:359 - Loaded plugin tools (category:base,tabindex:7)
2025-11-20 14:09:17,943 [INFO] PluginManage:310 - Check plugin tutovideos
2025-11-20 14:09:18,181 [INFO] PluginManage:359 - Loaded plugin tutovideos (category:base,tabindex:-1)
2025-11-20 14:09:18,181 [INFO] PluginManage:310 - Check plugin updater
2025-11-20 14:09:18,220 [INFO] PluginManage:359 - Loaded plugin updater (category:base,tabindex:12)
2025-11-20 14:09:18,220 [INFO] PluginManage:310 - Check plugin userauth
2025-11-20 14:09:18,257 [INFO] UserAuth:118 - Init User Auth plugin
2025-11-20 14:09:18,258 [INFO] PluginManage:359 - Loaded plugin userauth (category:base,tabindex:14)
2025-11-20 14:09:18,258 [INFO] PluginManage:283 - PluginManage : Loaded plugins [18]
2025-11-20 14:09:18,830 [INFO] PinOutPanel:1589 - setPackage(No Configuration,No Configuration)
2025-11-20 14:09:19,035 [INFO] CADModel:165 - CPN selected for project level
2025-11-20 14:09:19,035 [INFO] CADModel:114 - Register for checkConnection events
2025-11-20 14:09:19,087 [INFO] IPUIPlugin:80 - create IPUIPlugin
2025-11-20 14:09:19,087 [INFO] PluginManager:220 - loadIPPluginJar : add gfxmmu
2025-11-20 14:09:19,111 [INFO] IPUIPlugin:80 - create IPUIPlugin
2025-11-20 14:09:19,111 [INFO] PluginManager:220 - loadIPPluginJar : add spi
2025-11-20 14:09:19,142 [INFO] IPUIPlugin:80 - create IPUIPlugin
2025-11-20 14:09:19,142 [INFO] PluginManager:220 - loadIPPluginJar : add linkedlist
2025-11-20 14:09:19,148 [INFO] IPUIPlugin:80 - create IPUIPlugin
2025-11-20 14:09:19,148 [INFO] PluginManager:220 - loadIPPluginJar : add stm32_wpan
2025-11-20 14:09:19,171 [INFO] IPUIPlugin:80 - create IPUIPlugin
2025-11-20 14:09:19,171 [INFO] PluginManager:220 - loadIPPluginJar : add resmgrutility
2025-11-20 14:09:19,188 [INFO] IPUIPlugin:80 - create IPUIPlugin
2025-11-20 14:09:19,188 [INFO] PluginManager:220 - loadIPPluginJar : add gpio
2025-11-20 14:09:19,189 [INFO] IPUIPlugin:80 - create IPUIPlugin
2025-11-20 14:09:19,189 [INFO] PluginManager:220 - loadIPPluginJar : add ucpd
2025-11-20 14:09:19,199 [INFO] IPUIPlugin:80 - create IPUIPlugin
2025-11-20 14:09:19,199 [INFO] PluginManager:220 - loadIPPluginJar : add dma3
2025-11-20 14:09:19,200 [INFO] IPUIPlugin:80 - create IPUIPlugin
2025-11-20 14:09:19,200 [INFO] PluginManager:220 - loadIPPluginJar : add i2s
2025-11-20 14:09:19,203 [INFO] IPUIPlugin:80 - create IPUIPlugin
2025-11-20 14:09:19,203 [INFO] PluginManager:220 - loadIPPluginJar : add mdma
2025-11-20 14:09:19,204 [INFO] IPUIPlugin:80 - create IPUIPlugin
2025-11-20 14:09:19,204 [INFO] PluginManager:220 - loadIPPluginJar : add tsc
2025-11-20 14:09:19,205 [INFO] IPUIPlugin:80 - create IPUIPlugin
2025-11-20 14:09:19,205 [INFO] PluginManager:220 - loadIPPluginJar : add lorawan
2025-11-20 14:09:19,206 [INFO] IPUIPlugin:80 - create IPUIPlugin
2025-11-20 14:09:19,206 [INFO] PluginManager:220 - loadIPPluginJar : add extmemmanager
2025-11-20 14:09:19,221 [INFO] IPUIPlugin:80 - create IPUIPlugin
2025-11-20 14:09:19,221 [INFO] PluginManager:220 - loadIPPluginJar : add adc
2025-11-20 14:09:19,248 [INFO] IPUIPlugin:80 - create IPUIPlugin
2025-11-20 14:09:19,248 [INFO] PluginManager:220 - loadIPPluginJar : add radio
2025-11-20 14:09:19,250 [INFO] IPUIPlugin:80 - create IPUIPlugin
2025-11-20 14:09:19,250 [INFO] PluginManager:220 - loadIPPluginJar : add sai
2025-11-20 14:09:19,271 [INFO] IPUIPlugin:80 - create IPUIPlugin
2025-11-20 14:09:19,271 [INFO] PluginManager:220 - loadIPPluginJar : add genericplugin
2025-11-20 14:09:19,272 [INFO] IPUIPlugin:80 - create IPUIPlugin
2025-11-20 14:09:19,272 [INFO] PluginManager:220 - loadIPPluginJar : add i2c
2025-11-20 14:09:19,304 [INFO] IPUIPlugin:80 - create IPUIPlugin
2025-11-20 14:09:19,304 [INFO] PluginManager:220 - loadIPPluginJar : add ddr_ctrl_phy
2025-11-20 14:09:19,306 [INFO] IPUIPlugin:80 - create IPUIPlugin
2025-11-20 14:09:19,306 [INFO] PluginManager:220 - loadIPPluginJar : add gtzc
2025-11-20 14:09:19,308 [INFO] IPUIPlugin:80 - create IPUIPlugin
2025-11-20 14:09:19,308 [INFO] PluginManager:220 - loadIPPluginJar : add usbx
2025-11-20 14:09:19,312 [INFO] IPUIPlugin:80 - create IPUIPlugin
2025-11-20 14:09:19,313 [INFO] PluginManager:220 - loadIPPluginJar : add freertos
2025-11-20 14:09:19,314 [INFO] IPUIPlugin:80 - create IPUIPlugin
2025-11-20 14:09:19,314 [INFO] PluginManager:220 - loadIPPluginJar : add pdm2pcm
2025-11-20 14:09:19,315 [INFO] IPUIPlugin:80 - create IPUIPlugin
2025-11-20 14:09:19,315 [INFO] PluginManager:220 - loadIPPluginJar : add fatfs
2025-11-20 14:09:19,320 [INFO] IPUIPlugin:80 - create IPUIPlugin
2025-11-20 14:09:19,320 [INFO] PluginManager:220 - loadIPPluginJar : add ipddr
2025-11-20 14:09:19,332 [INFO] IPUIPlugin:80 - create IPUIPlugin
2025-11-20 14:09:19,332 [INFO] PluginManager:220 - loadIPPluginJar : add aes
2025-11-20 14:09:19,335 [INFO] IPUIPlugin:80 - create IPUIPlugin
2025-11-20 14:09:19,335 [INFO] PluginManager:220 - loadIPPluginJar : add fmc
2025-11-20 14:09:19,336 [INFO] IPUIPlugin:80 - create IPUIPlugin
2025-11-20 14:09:19,336 [INFO] PluginManager:220 - loadIPPluginJar : add i3c
2025-11-20 14:09:19,338 [INFO] IPUIPlugin:80 - create IPUIPlugin
2025-11-20 14:09:19,338 [INFO] PluginManager:220 - loadIPPluginJar : add touchsensing
2025-11-20 14:09:19,339 [INFO] IPUIPlugin:80 - create IPUIPlugin
2025-11-20 14:09:19,339 [INFO] PluginManager:220 - loadIPPluginJar : add opamp
2025-11-20 14:09:19,340 [INFO] IPUIPlugin:80 - create IPUIPlugin
2025-11-20 14:09:19,340 [INFO] PluginManager:220 - loadIPPluginJar : add tracer_emb
2025-11-20 14:09:19,358 [INFO] IPUIPlugin:80 - create IPUIPlugin
2025-11-20 14:09:19,358 [INFO] PluginManager:220 - loadIPPluginJar : add dma
2025-11-20 14:09:19,359 [INFO] IPUIPlugin:80 - create IPUIPlugin
2025-11-20 14:09:19,359 [INFO] PluginManager:220 - loadIPPluginJar : add ltdc
2025-11-20 14:09:19,360 [INFO] IPUIPlugin:80 - create IPUIPlugin
2025-11-20 14:09:19,360 [INFO] PluginManager:220 - loadIPPluginJar : add hash
2025-11-20 14:09:19,380 [INFO] IPUIPlugin:80 - create IPUIPlugin
2025-11-20 14:09:19,382 [INFO] PluginManager:220 - loadIPPluginJar : add plateformsettings
2025-11-20 14:09:19,383 [INFO] IPUIPlugin:80 - create IPUIPlugin
2025-11-20 14:09:19,383 [INFO] PluginManager:220 - loadIPPluginJar : add comp
2025-11-20 14:09:19,384 [INFO] IPUIPlugin:80 - create IPUIPlugin
2025-11-20 14:09:19,384 [INFO] PluginManager:220 - loadIPPluginJar : add can
2025-11-20 14:09:19,385 [INFO] IPUIPlugin:80 - create IPUIPlugin
2025-11-20 14:09:19,385 [INFO] PluginManager:220 - loadIPPluginJar : add dfsdm
2025-11-20 14:09:19,387 [INFO] IPUIPlugin:80 - create IPUIPlugin
2025-11-20 14:09:19,387 [INFO] PluginManager:220 - loadIPPluginJar : add usart
2025-11-20 14:09:19,407 [INFO] IPUIPlugin:80 - create IPUIPlugin
2025-11-20 14:09:19,407 [INFO] PluginManager:220 - loadIPPluginJar : add nvic
2025-11-20 14:09:19,412 [INFO] IPUIPlugin:80 - create IPUIPlugin
2025-11-20 14:09:19,412 [INFO] PluginManager:220 - loadIPPluginJar : add gic
2025-11-20 14:09:19,413 [INFO] IPUIPlugin:80 - create IPUIPlugin
2025-11-20 14:09:19,413 [INFO] PluginManager:220 - loadIPPluginJar : add quadspi
2025-11-20 14:09:19,414 [INFO] IPUIPlugin:80 - create IPUIPlugin
2025-11-20 14:09:19,414 [INFO] PluginManager:220 - loadIPPluginJar : add cryp
2025-11-20 14:09:19,416 [INFO] IPUIPlugin:80 - create IPUIPlugin
2025-11-20 14:09:19,416 [INFO] PluginManager:220 - loadIPPluginJar : add openamp
2025-11-20 14:09:19,417 [INFO] IPUIPlugin:80 - create IPUIPlugin
2025-11-20 14:09:19,417 [INFO] PluginManager:220 - loadIPPluginJar : add tim
2025-11-20 14:09:19,418 [INFO] IPUIPlugin:80 - create IPUIPlugin
2025-11-20 14:09:19,418 [INFO] PluginManager:220 - loadIPPluginJar : add ts
2025-11-20 14:09:19,543 [FATAL] Updater:351 - Updater called before beeing initialized
2025-11-20 14:09:19,598 [INFO] RulesReader:64 - Compatibility file has been processed (317 Rules)
2025-11-20 14:09:19,605 [INFO] RulesReader:64 - Compatibility file has been processed (317 Rules)
2025-11-20 14:09:19,610 [INFO] CADModel:165 - CPN selected for project level
2025-11-20 14:09:19,610 [INFO] CADModel:114 - Register for checkConnection events
2025-11-20 14:09:19,610 [FATAL] Updater:351 - Updater called before beeing initialized
2025-11-20 14:09:19,610 [ERROR] CADModel:125 - Updater not yet initialized, retry later 
2025-11-20 14:09:19,877 [FATAL] Updater:351 - Updater called before beeing initialized
2025-11-20 14:09:19,891 [INFO] CADModel:165 - CPN selected for project level
2025-11-20 14:09:19,891 [INFO] CADModel:114 - Register for checkConnection events
2025-11-20 14:09:19,891 [FATAL] Updater:351 - Updater called before beeing initialized
2025-11-20 14:09:19,891 [ERROR] CADModel:125 - Updater not yet initialized, retry later 
2025-11-20 14:09:19,894 [FATAL] Updater:351 - Updater called before beeing initialized
2025-11-20 14:09:19,965 [FATAL] Updater:351 - Updater called before beeing initialized
2025-11-20 14:09:19,990 [INFO] DbMcusAds:53 - JSON generation date=Mon Nov 10 17:43:01 ICT 2025 (1762771381096)
2025-11-20 14:09:19,990 [FATAL] Updater:351 - Updater called before beeing initialized
2025-11-20 14:09:20,127 [WARN] DetailPanel:346 - Failed to get advertising image, set to default
2025-11-20 14:09:20,180 [FATAL] Updater:351 - Updater called before beeing initialized
2025-11-20 14:09:20,181 [FATAL] Updater:351 - Updater called before beeing initialized
2025-11-20 14:09:20,181 [FATAL] Updater:351 - Updater called before beeing initialized
2025-11-20 14:09:20,181 [WARN] DetailPanel:346 - Failed to get advertising image, set to default
2025-11-20 14:09:20,181 [FATAL] Updater:351 - Updater called before beeing initialized
2025-11-20 14:09:20,243 [ERROR] Updater:1198 - MainUpdater not yet initialized. External WinMGr cannot be set.
2025-11-20 14:09:20,260 [INFO] Updater:1134 - Updater Version found : 6.15.0
2025-11-20 14:09:20,299 [INFO] ApplicationProperties:184 - Using Application install path: /opt/st/stm32cubeide_1.19.0/plugins/com.st.stm32cube.common.mx_6.15.0.202507011659
2025-11-20 14:09:20,851 [INFO] MainUpdater:2872 - connection check result : 10
2025-11-20 14:09:20,851 [INFO] MainUpdater:289 - Updater Check For Update Now.
2025-11-20 14:09:20,851 [INFO] MicroXplorer:498 - Change Database Version : DB.6.0.150
2025-11-20 14:09:20,855 [INFO] McuFinderGlobals:63 - Set McuFinder mode to 2 (CubeIDE integrated)
2025-11-20 14:09:20,890 [INFO] UserAuth:487 - Internet connection configuration mode: 1
2025-11-20 14:09:20,915 [WARN] MainUpdater:1193 - Updater busy. Cannot search thirdparties
2025-11-20 14:09:20,915 [INFO] ThirdPartyUpdaterWithRetryManager:96 - Updater plugin is busy. [1/15]
2025-11-20 14:09:21,149 [INFO] JxBrowserEngine:152 - Initiate JxBrowser Engine with user profile folder
2025-11-20 14:09:21,215 [INFO] CheckServerUpdateThread:120 - End of CheckServer Thread
2025-11-20 14:09:27,025 [WARN] PackLoader:240 - Cannot read IP mode file for STMicroelectronics.FP-SNS-MOTENVWB1.1.4.0
2025-11-20 14:09:27,063 [WARN] PackLoader:240 - Cannot read IP mode file for STMicroelectronics.FP-ATR-ASTRA1.2.0.2
2025-11-20 14:09:27,095 [WARN] PackLoader:240 - Cannot read IP mode file for STMicroelectronics.X-CUBE-SMBUS.2.1.0
2025-11-20 14:09:27,098 [WARN] PackLoader:240 - Cannot read IP mode file for STMicroelectronics.X-CUBE-ST60.1.0.0
2025-11-20 14:09:27,158 [WARN] PackLoader:240 - Cannot read IP mode file for STMicroelectronics.X-CUBE-AZRTOS-F7.1.1.0
2025-11-20 14:09:27,176 [WARN] PackLoader:240 - Cannot read IP mode file for Cesanta.I-CUBE-Mongoose.7.19.0
2025-11-20 14:09:27,207 [WARN] PackLoader:240 - Cannot read IP mode file for STMicroelectronics.FP-SNS-MOTENV1.5.1.0
2025-11-20 14:09:27,281 [WARN] PackLoader:240 - Cannot read IP mode file for WES.I-CUBE-Cesium.1.4.0
2025-11-20 14:09:27,341 [WARN] PackLoader:240 - Cannot read IP mode file for Infineon.AIROC-Wi-Fi-Bluetooth-STM32.1.7.1
2025-11-20 14:09:27,413 [WARN] PackLoader:240 - Cannot read IP mode file for STMicroelectronics.X-CUBE-AZRTOS-H7.3.4.0
2025-11-20 14:09:27,450 [WARN] PackLoader:240 - Cannot read IP mode file for STMicroelectronics.X-CUBE-DISPLAY.3.0.0
2025-11-20 14:09:27,531 [WARN] PackLoader:240 - Cannot read IP mode file for STMicroelectronics.X-CUBE-NFC10.1.0.0
2025-11-20 14:09:27,574 [WARN] PackLoader:240 - Cannot read IP mode file for STMicroelectronics.X-CUBE-ST60.1.1.0
2025-11-20 14:09:27,615 [WARN] PackLoader:240 - Cannot read IP mode file for emotas.I-CUBE-CANOPEN.1.3.0
2025-11-20 14:09:27,669 [WARN] PackLoader:240 - Cannot read IP mode file for STMicroelectronics.X-CUBE-GNSS1.7.1.0
2025-11-20 14:09:27,720 [WARN] PackLoader:240 - Cannot read IP mode file for STMicroelectronics.FP-SNS-STBOX1.2.1.0
2025-11-20 14:09:27,730 [WARN] PackLoader:240 - Cannot read IP mode file for STMicroelectronics.FP-SNS-SMARTAG2.1.2.0
2025-11-20 14:09:27,747 [WARN] PackLoader:240 - Cannot read IP mode file for STMicroelectronics.FP-SNS-FLIGHT1.5.1.0
2025-11-20 14:09:27,794 [INFO] LogOutputStream:77 - [STDOUT_REDIRECT] 1 : Invalid condition id : UX_CORESTACK_Condition cause : null
2025-11-20 14:09:27,794 [INFO] LogOutputStream:77 - [STDOUT_REDIRECT] 1 : Invalid condition id : UX_CORESTACK_Condition cause : null
2025-11-20 14:09:27,794 [INFO] LogOutputStream:77 - [STDOUT_REDIRECT] 1 : Invalid condition id : UX_CORESTACK_Condition cause : null
2025-11-20 14:09:27,795 [INFO] LogOutputStream:77 - [STDOUT_REDIRECT] 1 : Invalid condition id : UX_CORESTACK_Condition cause : null
2025-11-20 14:09:27,795 [INFO] LogOutputStream:77 - [STDOUT_REDIRECT] 1 : Invalid condition id : UX_CORESTACK_Condition cause : null
2025-11-20 14:09:27,797 [WARN] PackLoader:240 - Cannot read IP mode file for STMicroelectronics.X-CUBE-AZRTOS-WL.2.0.0
2025-11-20 14:09:27,809 [WARN] PackLoader:240 - Cannot read IP mode file for STMicroelectronics.FP-SNS-MOTENV1.5.0.0
2025-11-20 14:09:27,851 [WARN] PackLoader:240 - Cannot read IP mode file for STMicroelectronics.X-CUBE-BLE2.3.3.0
2025-11-20 14:09:27,940 [WARN] PackLoader:240 - Cannot read IP mode file for STMicroelectronics.X-CUBE-NFC9.1.0.0
2025-11-20 14:09:27,975 [WARN] PackLoader:240 - Cannot read IP mode file for wolfSSL.I-CUBE-wolfSSL.5.8.2
2025-11-20 14:09:28,052 [WARN] PackLoader:240 - Cannot read IP mode file for STMicroelectronics.X-CUBE-BLE1.7.1.0
2025-11-20 14:09:28,081 [WARN] PackLoader:240 - Cannot read IP mode file for wolfSSL.I-CUBE-wolfMQTT.1.19.2
2025-11-20 14:09:28,132 [WARN] PackLoader:240 - Cannot read IP mode file for STMicroelectronics.X-CUBE-EEPRMA1.5.2.0
2025-11-20 14:09:28,167 [WARN] PackLoader:240 - Cannot read IP mode file for STMicroelectronics.X-CUBE-ST67W61.1.1.0
2025-11-20 14:09:28,265 [WARN] PackLoader:240 - Cannot read IP mode file for STMicroelectronics.X-CUBE-AZRTOS-G0.1.1.0
2025-11-20 14:09:28,312 [WARN] PackLoader:240 - Cannot read IP mode file for STMicroelectronics.X-CUBE-SAFEA1.1.2.2
2025-11-20 14:09:28,324 [WARN] PackLoader:240 - Cannot read IP mode file for STMicroelectronics.X-CUBE-NFC4.3.0.0
2025-11-20 14:09:28,387 [WARN] PackLoader:240 - Cannot read IP mode file for EmbeddedOffice.I-CUBE-FS-RTOS.1.0.1
2025-11-20 14:09:28,402 [WARN] PackLoader:240 - Cannot read IP mode file for STMicroelectronics.X-CUBE-WB05N.2.0.0
2025-11-20 14:09:28,427 [WARN] PackLoader:240 - Cannot read IP mode file for wolfSSL.I-CUBE-wolfTPM.3.8.0
2025-11-20 14:09:28,458 [WARN] PackLoader:240 - Cannot read IP mode file for STMicroelectronics.X-CUBE-TCPP.4.2.0
2025-11-20 14:09:28,493 [WARN] PackLoader:240 - Cannot read IP mode file for RealThread.X-CUBE-RT-Thread_Nano.4.1.1
2025-11-20 14:09:28,525 [WARN] PackLoader:240 - Cannot read IP mode file for STMicroelectronics.FP-ATR-SIGFOX1.3.2.0
2025-11-20 14:09:28,545 [WARN] PackLoader:240 - Cannot read IP mode file for ITTIA_DB.I-CUBE-ITTIADB.8.9.0
2025-11-20 14:09:28,573 [WARN] PackLoader:240 - Cannot read IP mode file for STMicroelectronics.X-CUBE-AI.10.2.0
2025-11-20 14:09:28,628 [WARN] PackLoader:240 - Cannot read IP mode file for SEGGER.I-CUBE-embOS.1.3.1
2025-11-20 14:09:28,695 [WARN] PackLoader:240 - Cannot read IP mode file for STMicroelectronics.X-CUBE-ALGOBUILD.1.4.0
2025-11-20 14:09:28,759 [WARN] PackLoader:240 - Cannot read IP mode file for STMicroelectronics.X-CUBE-MEMS1.11.3.0
2025-11-20 14:09:28,824 [WARN] PackLoader:240 - Cannot read IP mode file for STMicroelectronics.X-CUBE-PM33A1.1.0.0
2025-11-20 14:09:28,915 [WARN] PackLoader:240 - Cannot read IP mode file for STMicroelectronics.X-CUBE-AZRTOS-F4.1.1.0
2025-11-20 14:09:28,949 [WARN] PackLoader:240 - Cannot read IP mode file for STMicroelectronics.X-CUBE-ISPU.2.1.0
2025-11-20 14:09:29,015 [WARN] PackLoader:240 - Cannot read IP mode file for STMicroelectronics.X-CUBE-IPS.3.2.0
2025-11-20 14:09:29,060 [WARN] PackLoader:240 - Cannot read IP mode file for STMicroelectronics.X-CUBE-NFC12.1.0.0
2025-11-20 14:09:29,131 [WARN] PackLoader:240 - Cannot read IP mode file for STMicroelectronics.X-CUBE-AZRTOS-L5.2.0.0
2025-11-20 14:09:29,170 [WARN] PackLoader:240 - Cannot read IP mode file for STMicroelectronics.X-CUBE-NFC6.3.1.0
2025-11-20 14:09:29,235 [WARN] PackLoader:240 - Cannot read IP mode file for STMicroelectronics.X-CUBE-FREERTOS.1.3.1
2025-11-20 14:09:29,254 [WARN] PackLoader:240 - Cannot read IP mode file for STMicroelectronics.X-CUBE-TOUCHGFX.4.26.0
2025-11-20 14:09:29,316 [WARN] PackLoader:240 - Cannot read IP mode file for STMicroelectronics.FP-SNS-STAIOTCFT.1.0.0
2025-11-20 14:09:29,379 [WARN] PackLoader:240 - Cannot read IP mode file for STMicroelectronics.X-CUBE-DPower.1.3.0
2025-11-20 14:09:29,498 [WARN] ConditionMgr:438 - getConditionDescription Invalid condition id : LAN8742 Phy interface Condition cause : null
2025-11-20 14:09:29,498 [WARN] PackLoader:240 - Cannot read IP mode file for STMicroelectronics.X-CUBE-AZRTOS-L4.2.0.0
2025-11-20 14:09:29,498 [WARN] ConditionMgr:1044 - genDependencies : Invalid condition id : LAN8742 Phy interface Condition cause : null
2025-11-20 14:09:29,499 [WARN] ConditionMgr:1044 - genDependencies : Invalid condition id : LAN8742 Phy interface Condition cause : null
2025-11-20 14:09:29,499 [WARN] ConditionMgr:1044 - genDependencies : Invalid condition id : LAN8742 Phy interface Condition cause : null
2025-11-20 14:09:29,571 [WARN] PackLoader:240 - Cannot read IP mode file for STMicroelectronics.X-CUBE-SFXS2LP1.4.0.0
2025-11-20 14:09:29,655 [WARN] PackLoader:240 - Cannot read IP mode file for STMicroelectronics.X-CUBE-BLEMGR.4.1.0
2025-11-20 14:09:29,761 [WARN] ConditionMgr:438 - getConditionDescription Invalid condition id : UX DEVICE CLASS RTOS Condition cause : null
2025-11-20 14:09:29,761 [WARN] ConditionMgr:438 - getConditionDescription Invalid condition id : UX DEVICE CLASS RTOS Condition cause : null
2025-11-20 14:09:29,762 [WARN] PackLoader:240 - Cannot read IP mode file for STMicroelectronics.X-CUBE-AZRTOS-WB.2.0.0
2025-11-20 14:09:29,762 [WARN] ConditionMgr:1044 - genDependencies : Invalid condition id : UX DEVICE CLASS RTOS Condition cause : null
2025-11-20 14:09:29,762 [WARN] ConditionMgr:1044 - genDependencies : Invalid condition id : UX DEVICE CLASS RTOS Condition cause : null
2025-11-20 14:09:29,762 [WARN] ConditionMgr:1044 - genDependencies : Invalid condition id : UX DEVICE CLASS RTOS Condition cause : null
2025-11-20 14:09:29,762 [WARN] ConditionMgr:1044 - genDependencies : Invalid condition id : UX DEVICE CLASS RTOS Condition cause : null
2025-11-20 14:09:29,762 [WARN] ConditionMgr:1044 - genDependencies : Invalid condition id : UX DEVICE CLASS RTOS Condition cause : null
2025-11-20 14:09:29,848 [WARN] PackLoader:240 - Cannot read IP mode file for STMicroelectronics.X-CUBE-GNSS1.7.0.1
2025-11-20 14:09:29,888 [WARN] ConditionMgr:438 - getConditionDescription Invalid condition id : Cortex-A Device cause : null
2025-11-20 14:09:29,892 [WARN] ConditionMgr:1044 - genDependencies : Invalid condition id : Cortex-A Device cause : null
2025-11-20 14:09:29,892 [WARN] ConditionMgr:1044 - genDependencies : Invalid condition id : Cortex-A Device cause : null
2025-11-20 14:09:29,892 [WARN] ConditionMgr:1044 - genDependencies : Invalid condition id : Cortex-A Device cause : null
2025-11-20 14:09:29,938 [WARN] PackLoader:240 - Cannot read IP mode file for STMicroelectronics.X-CUBE-SUBG2.5.0.0
2025-11-20 14:09:30,021 [WARN] PackLoader:240 - Cannot read IP mode file for STMicroelectronics.X-CUBE-AZRTOS-H7RS.1.1.0
2025-11-20 14:09:30,079 [WARN] PackLoader:240 - Cannot read IP mode file for STMicroelectronics.X-CUBE-AZRTOS-G4.2.0.0
2025-11-20 14:09:30,102 [WARN] PackLoader:240 - Cannot read IP mode file for wolfSSL.I-CUBE-wolfSSH.1.4.20
2025-11-20 14:09:30,118 [WARN] PackLoader:240 - Cannot read IP mode file for STMicroelectronics.X-CUBE-NFC7.2.0.0
2025-11-20 14:09:30,152 [WARN] PackLoader:240 - Cannot read IP mode file for STMicroelectronics.X-CUBE-ALS.1.0.2
2025-11-20 14:09:30,198 [WARN] PackLoader:240 - Cannot read IP mode file for STMicroelectronics.X-CUBE-STSE01.1.0.0
2025-11-20 14:09:30,240 [WARN] PackLoader:240 - Cannot read IP mode file for STMicroelectronics.X-CUBE-TOF1.3.4.3
2025-11-20 14:09:30,243 [INFO] ThirdParty:978 - Integrity check success = true
2025-11-20 14:09:30,243 [INFO] IntegrityCheckThread:100 - exiting critical section [integrity check]
2025-11-20 14:09:30,243 [INFO] IntegrityCheckThread:103 - End integrity checks thread
2025-11-20 14:09:41,124 [INFO] WebApp:169 - Instantiating new browser for Auth
2025-11-20 14:09:45,033 [INFO] WebApp:463 - Apply proxy settings
2025-11-20 14:09:45,033 [INFO] WebApp:548 - Chromium requires no authentication
2025-11-20 14:09:45,121 [INFO] WebApp:491 - Direct internet connection detected
2025-11-20 14:09:45,254 [INFO] WebApp:900 - Register for checkConnection events
2025-11-20 14:09:45,255 [INFO] WebApp:463 - Apply proxy settings
2025-11-20 14:09:45,255 [INFO] WebApp:548 - Chromium requires no authentication
2025-11-20 14:09:45,255 [INFO] WebApp:491 - Direct internet connection detected
2025-11-20 14:09:46,072 [INFO] WebApp:225 - Starting web application
2025-11-20 14:09:46,073 [INFO] WebApp:593 - Web application path used /opt/st/stm32cubeide_1.19.0/plugins/com.st.stm32cube.common.mx_6.15.0.202507011659/db/plugins/mcufinder/reactClient1/index.html
2025-11-20 14:09:46,365 [INFO] WebApp:191 - Connection restablished
2025-11-20 14:09:46,684 [INFO] UserAuth:487 - Internet connection configuration mode: 1
2025-11-20 14:14:14,366 [INFO] McuFinderGlobals:63 - Set McuFinder mode to 2 (CubeIDE integrated)
2025-11-20 14:14:14,374 [INFO] MainUpdater:2872 - connection check result : 10
2025-11-20 14:14:14,375 [INFO] MainUpdater:2872 - connection check result : 10
2025-11-20 14:14:14,525 [INFO] MicroXplorer:468 - Change Database Path : 
2025-11-20 14:14:14,525 [INFO] MicroXplorer:498 - Change Database Version : DB.6.0.150
2025-11-20 14:14:14,528 [WARN] ThirdParty:871 - waiting for thirdparty lock release [close project]
2025-11-20 14:14:14,528 [INFO] ThirdParty:873 - entering critical section [close project]
2025-11-20 14:14:14,528 [INFO] ThirdParty:883 - exiting critical section [close project]
2025-11-20 14:14:14,530 [INFO] PinOutPanel:1589 - setPackage(No Configuration,No Configuration)
2025-11-20 14:14:14,531 [INFO] UtilMem:75 - Begin LoadConfig() Used Memory: 785670832 Bytes (959447040)
2025-11-20 14:14:14,532 [INFO] MicroXplorer:468 - Change Database Path : 
2025-11-20 14:14:14,532 [INFO] MicroXplorer:498 - Change Database Version : DB.6.0.150
2025-11-20 14:14:14,532 [INFO] OpenFileManager:355 - Change cursor
2025-11-20 14:14:14,687 [INFO] Mcu:2029 - Initializing MCU STM32G474R(B-C-E)Tx STM32G474RETx STM32G474RET6
2025-11-20 14:14:18,224 [INFO] Context:786 - Trying to add GPIOservice into a context  which must be forbidden
2025-11-20 14:14:19,623 [INFO] ApiDbMcu:532 - Load IP Config File for NUCLEO-G474RE
2025-11-20 14:14:19,681 [INFO] ImportTextPane:234 - (OptionalMessage_ERROR) Pin21 (VP_RIF_VS_RIF1) cannot be retrieved for this MCU
2025-11-20 14:14:19,769 [INFO] RtosManager:558 - Registered RTOS mode: class=CMSIS, group=RTOS, mode=CMSIS_V1, owner=FREERTOS
2025-11-20 14:14:19,769 [INFO] RtosManager:558 - Registered RTOS mode: class=CMSIS, group=RTOS2, mode=CMSIS_V2, owner=FREERTOS
2025-11-20 14:14:19,769 [INFO] RtosManager:558 - Registered RTOS mode: class=RTOS, group=Core, mode=CMSIS_V1, owner=FREERTOS
2025-11-20 14:14:19,770 [INFO] RtosManager:558 - Registered RTOS mode: class=RTOS, group=Core, mode=CMSIS_V2, owner=FREERTOS
2025-11-20 14:14:19,770 [WARN] ModelIntegratedComponent:184 - Missing modes for component STMicroelectronics:FreeRTOS:0.0.1:STMicroelectronics:RTOS:FreeRTOS:Core:::10.2.0:
2025-11-20 14:14:19,783 [WARN] ModelIntegratedComponent:63 - No mode defined for component null
2025-11-20 14:14:19,784 [WARN] ModelIntegratedComponent:63 - No mode defined for component null
2025-11-20 14:14:19,784 [WARN] ModelIntegratedComponent:63 - No mode defined for component null
2025-11-20 14:14:19,784 [WARN] ModelIntegratedComponent:63 - No mode defined for component null
2025-11-20 14:14:19,784 [WARN] ModelIntegratedComponent:63 - No mode defined for component null
2025-11-20 14:14:19,784 [WARN] ModelIntegratedComponent:63 - No mode defined for component null
2025-11-20 14:14:19,784 [WARN] ModelIntegratedComponent:63 - No mode defined for component null
2025-11-20 14:14:19,784 [WARN] ModelIntegratedComponent:63 - No mode defined for component null
2025-11-20 14:14:19,784 [WARN] ModelIntegratedComponent:63 - No mode defined for component null
2025-11-20 14:14:19,784 [WARN] ModelIntegratedComponent:63 - No mode defined for component null
2025-11-20 14:14:19,784 [WARN] ModelIntegratedComponent:63 - No mode defined for component null
2025-11-20 14:14:19,784 [WARN] ModelIntegratedComponent:63 - No mode defined for component null
2025-11-20 14:14:19,784 [WARN] ModelIntegratedComponent:63 - No mode defined for component null
2025-11-20 14:14:19,784 [WARN] ModelIntegratedComponent:63 - No mode defined for component null
2025-11-20 14:14:19,784 [WARN] ModelIntegratedComponent:63 - No mode defined for component null
2025-11-20 14:14:19,784 [WARN] ModelIntegratedComponent:63 - No mode defined for component null
2025-11-20 14:14:19,784 [WARN] ModelIntegratedComponent:63 - No mode defined for component null
2025-11-20 14:14:19,784 [WARN] ModelIntegratedComponent:63 - No mode defined for component null
2025-11-20 14:14:19,784 [WARN] ModelIntegratedComponent:63 - No mode defined for component null
2025-11-20 14:14:19,784 [WARN] ModelIntegratedComponent:63 - No mode defined for component null
2025-11-20 14:14:19,784 [WARN] ModelIntegratedComponent:63 - No mode defined for component null
2025-11-20 14:14:19,785 [WARN] ModelIntegratedComponent:63 - No mode defined for component null
2025-11-20 14:14:19,785 [WARN] ModelIntegratedComponent:63 - No mode defined for component null
2025-11-20 14:14:19,785 [WARN] ModelIntegratedComponent:63 - No mode defined for component null
2025-11-20 14:14:19,785 [WARN] ModelIntegratedComponent:63 - No mode defined for component null
2025-11-20 14:14:19,785 [WARN] ModelIntegratedComponent:63 - No mode defined for component null
2025-11-20 14:14:19,785 [WARN] ModelIntegratedComponent:63 - No mode defined for component null
2025-11-20 14:14:19,785 [WARN] ModelIntegratedComponent:63 - No mode defined for component null
2025-11-20 14:14:19,785 [WARN] ModelIntegratedComponent:63 - No mode defined for component null
2025-11-20 14:14:19,785 [WARN] ModelIntegratedComponent:63 - No mode defined for component null
2025-11-20 14:14:19,785 [WARN] ModelIntegratedComponent:63 - No mode defined for component null
2025-11-20 14:14:19,785 [WARN] ModelIntegratedComponent:63 - No mode defined for component null
2025-11-20 14:14:19,785 [WARN] ModelIntegratedComponent:63 - No mode defined for component null
2025-11-20 14:14:19,785 [WARN] ModelIntegratedComponent:63 - No mode defined for component null
2025-11-20 14:14:19,785 [WARN] ModelIntegratedComponent:63 - No mode defined for component null
2025-11-20 14:14:19,785 [WARN] ModelPack:524 - Component already loaded: STMicroelectronics:HAL Drivers:0.0.0:STMicroelectronics:Device:STMicro_Driver:XSPI:HAL::0.0.1:HAL_XSPI
2025-11-20 14:14:19,849 [INFO] ThirdPartyModel:298 - Start build external matchings
2025-11-20 14:14:20,025 [INFO] ThirdPartyModel:316 - End build external matchings
2025-11-20 14:14:20,038 [INFO] RtosManager:1018 - Current active RTOS is FREERTOS [Cortex-M4NS]
2025-11-20 14:14:20,047 [INFO] ImportTextPane:234 - (OptionalMessage_ERROR) IP (DMA) : Parameter (Instance) has Id (LPUART1_TX) currently not set
2025-11-20 14:14:20,047 [INFO] ImportTextPane:234 - (OptionalMessage_ERROR) IP (DMA) : Parameter (Request) has Id (LPUART1_TX) currently not set
2025-11-20 14:14:20,047 [INFO] ImportTextPane:234 - (OptionalMessage_ERROR) IP (DMA) : Parameter (Direction) has Id (LPUART1_TX) currently not set
2025-11-20 14:14:20,048 [INFO] ImportTextPane:234 - (OptionalMessage_ERROR) IP (DMA) : Parameter (PeriphInc) has Id (LPUART1_TX) currently not set
2025-11-20 14:14:20,048 [INFO] ImportTextPane:234 - (OptionalMessage_ERROR) IP (DMA) : Parameter (MemInc) has Id (LPUART1_TX) currently not set
2025-11-20 14:14:20,049 [INFO] ImportTextPane:234 - (OptionalMessage_ERROR) IP (DMA) : Parameter (PeriphDataAlignment) has Id (LPUART1_TX) currently not set
2025-11-20 14:14:20,049 [INFO] ImportTextPane:234 - (OptionalMessage_ERROR) IP (DMA) : Parameter (MemDataAlignment) has Id (LPUART1_TX) currently not set
2025-11-20 14:14:20,049 [INFO] ImportTextPane:234 - (OptionalMessage_ERROR) IP (DMA) : Parameter (Mode) has Id (LPUART1_TX) currently not set
2025-11-20 14:14:20,049 [INFO] ImportTextPane:234 - (OptionalMessage_ERROR) IP (DMA) : Parameter (Priority) has Id (LPUART1_TX) currently not set
2025-11-20 14:14:20,049 [INFO] ImportTextPane:234 - (OptionalMessage_ERROR) IP (DMA) : Parameter (SignalID) has Id (LPUART1_TX) currently not set
2025-11-20 14:14:20,049 [INFO] ImportTextPane:234 - (OptionalMessage_ERROR) IP (DMA) : Parameter (Polarity) has Id (LPUART1_TX) currently not set
2025-11-20 14:14:20,049 [INFO] ImportTextPane:234 - (OptionalMessage_ERROR) IP (DMA) : Parameter (RequestNumber) has Id (LPUART1_TX) currently not set
2025-11-20 14:14:20,049 [INFO] ImportTextPane:234 - (OptionalMessage_ERROR) IP (DMA) : Parameter (SyncSignalID) has Id (LPUART1_TX) currently not set
2025-11-20 14:14:20,049 [INFO] ImportTextPane:234 - (OptionalMessage_ERROR) IP (DMA) : Parameter (SyncPolarity) has Id (LPUART1_TX) currently not set
2025-11-20 14:14:20,049 [INFO] ImportTextPane:234 - (OptionalMessage_ERROR) IP (DMA) : Parameter (SyncEnable) has Id (LPUART1_TX) currently not set
2025-11-20 14:14:20,049 [INFO] ImportTextPane:234 - (OptionalMessage_ERROR) IP (DMA) : Parameter (EventEnable) has Id (LPUART1_TX) currently not set
2025-11-20 14:14:20,049 [INFO] ImportTextPane:234 - (OptionalMessage_ERROR) IP (DMA) : Parameter (SyncRequestNumber) has Id (LPUART1_TX) currently not set
2025-11-20 14:14:20,050 [INFO] ImportTextPane:234 - (OptionalMessage_ERROR) IP (DMA) : Parameter (Instance) has Id (LPUART1_RX) currently not set
2025-11-20 14:14:20,050 [INFO] ImportTextPane:234 - (OptionalMessage_ERROR) IP (DMA) : Parameter (Request) has Id (LPUART1_RX) currently not set
2025-11-20 14:14:20,050 [INFO] ImportTextPane:234 - (OptionalMessage_ERROR) IP (DMA) : Parameter (Direction) has Id (LPUART1_RX) currently not set
2025-11-20 14:14:20,050 [INFO] ImportTextPane:234 - (OptionalMessage_ERROR) IP (DMA) : Parameter (PeriphInc) has Id (LPUART1_RX) currently not set
2025-11-20 14:14:20,050 [INFO] ImportTextPane:234 - (OptionalMessage_ERROR) IP (DMA) : Parameter (MemInc) has Id (LPUART1_RX) currently not set
2025-11-20 14:14:20,050 [INFO] ImportTextPane:234 - (OptionalMessage_ERROR) IP (DMA) : Parameter (PeriphDataAlignment) has Id (LPUART1_RX) currently not set
2025-11-20 14:14:20,050 [INFO] ImportTextPane:234 - (OptionalMessage_ERROR) IP (DMA) : Parameter (MemDataAlignment) has Id (LPUART1_RX) currently not set
2025-11-20 14:14:20,050 [INFO] ImportTextPane:234 - (OptionalMessage_ERROR) IP (DMA) : Parameter (Mode) has Id (LPUART1_RX) currently not set
2025-11-20 14:14:20,050 [INFO] ImportTextPane:234 - (OptionalMessage_ERROR) IP (DMA) : Parameter (Priority) has Id (LPUART1_RX) currently not set
2025-11-20 14:14:20,050 [INFO] ImportTextPane:234 - (OptionalMessage_ERROR) IP (DMA) : Parameter (SignalID) has Id (LPUART1_RX) currently not set
2025-11-20 14:14:20,050 [INFO] ImportTextPane:234 - (OptionalMessage_ERROR) IP (DMA) : Parameter (Polarity) has Id (LPUART1_RX) currently not set
2025-11-20 14:14:20,050 [INFO] ImportTextPane:234 - (OptionalMessage_ERROR) IP (DMA) : Parameter (RequestNumber) has Id (LPUART1_RX) currently not set
2025-11-20 14:14:20,050 [INFO] ImportTextPane:234 - (OptionalMessage_ERROR) IP (DMA) : Parameter (SyncSignalID) has Id (LPUART1_RX) currently not set
2025-11-20 14:14:20,050 [INFO] ImportTextPane:234 - (OptionalMessage_ERROR) IP (DMA) : Parameter (SyncPolarity) has Id (LPUART1_RX) currently not set
2025-11-20 14:14:20,050 [INFO] ImportTextPane:234 - (OptionalMessage_ERROR) IP (DMA) : Parameter (SyncEnable) has Id (LPUART1_RX) currently not set
2025-11-20 14:14:20,050 [INFO] ImportTextPane:234 - (OptionalMessage_ERROR) IP (DMA) : Parameter (EventEnable) has Id (LPUART1_RX) currently not set
2025-11-20 14:14:20,050 [INFO] ImportTextPane:234 - (OptionalMessage_ERROR) IP (DMA) : Parameter (SyncRequestNumber) has Id (LPUART1_RX) currently not set
2025-11-20 14:14:20,548 [INFO] ApiDb:581 - Connected to CubeFinder SQLite database (/home/natthanicha/.stmcufinder/plugins/mcufinder/mcu/cube-finder-db.db)
2025-11-20 14:14:20,858 [INFO] ApiDb:668 - CubeFinder database Data Model version=2.1
2025-11-20 14:14:20,859 [INFO] ApiDb:669 - CubeFinder database Configuration version=3.0.39
2025-11-20 14:14:20,859 [INFO] ApiDb:670 - CubeFinder database generation date=2025-10-27 (1761571959)
2025-11-20 14:14:20,859 [INFO] ApiDb:671 - CubeFinder database FW Pack versions=[FP-ATR-ASTRA1_V2.0.0, FP-SNS-FLIGHT1_V5.1.0, FP-SNS-MOTENV1_V5.0.0, FP-SNS-MOTENVWB1_V1.4.0, FP-SNS-SMARTAG2_V1.2.0, FP-SNS-STBOX1_V2.1.0, STM32Cube_FW_C0_V1.4.0, STM32Cube_FW_F4_V1.28.3, STM32Cube_FW_F7_V1.17.4, STM32Cube_FW_G0_V1.6.2, STM32Cube_FW_G4_V1.6.1, STM32Cube_FW_H5_V1.5.0, STM32Cube_FW_H7RS_V1.2.0, STM32Cube_FW_H7_V1.12.1, STM32Cube_FW_L0_V1.12.2, STM32Cube_FW_L4_V1.18.1, STM32Cube_FW_L5_V1.5.1, STM32Cube_FW_N6_V1.2.0, STM32Cube_FW_U0_V1.3.0, STM32Cube_FW_U3_V1.2.1, STM32Cube_FW_U5_V1.8.0, STM32Cube_FW_WB0_V1.3.0, STM32Cube_FW_WBA_V1.7.0, STM32Cube_FW_WB_V1.23.0, STM32Cube_FW_WL3_V1.2.0, STM32Cube_FW_WL_V1.3.1, X-CUBE-ALGOBUILD_V1.4.0, X-CUBE-ALS_V1.0.2, X-CUBE-AZRTOS-F4_V1.1.0, X-CUBE-AZRTOS-F7_V1.1.0, X-CUBE-AZRTOS-G0_V1.1.0, X-CUBE-AZRTOS-G4_V2.0.0, X-CUBE-AZRTOS-H7RS_V1.1.0, X-CUBE-AZRTOS-H7_V3.4.0, X-CUBE-AZRTOS-L4_V2.0.0, X-CUBE-AZRTOS-L5_V2.0.0, X-CUBE-AZRTOS-WB_V2.0.0, X-CUBE-AZRTOS-WL_V2.0.0, X-CUBE-BLE1_V7.1.0, X-CUBE-BLE2_V3.3.0, X-CUBE-BLEMGR_V4.1.0, X-CUBE-EEPRMA1_V5.2.0, X-CUBE-FREERTOS_V1.3.1, X-CUBE-GNSS1_V6.0.0, X-CUBE-MEMS1_V11.3.0, X-CUBE-NFC4_V3.0.0, X-CUBE-NFC7_V2.0.0, X-CUBE-SFXS2LP1_V4.0.0, X-CUBE-ST67W61_V1.1.0, X-CUBE-SUBG2_V5.0.0, X-CUBE-TOF1_V3.4.3]
2025-11-20 14:14:21,338 [INFO] DbBoardsSqlite:226 - include board P-NUCLEO-WB55-NUCLEO as a kit item of type 'Nucleo-64'
2025-11-20 14:14:21,339 [INFO] DbBoardsSqlite:226 - include board P-NUCLEO-WB55-USBDONGLE as a kit item of type 'Nucleo USB Dongle'
2025-11-20 14:14:21,346 [INFO] DbBoardsSqlite:226 - include board STEVAL-IDP005V1 as a kit item of type 'Evaluation Board'
2025-11-20 14:14:21,347 [INFO] DbBoardsSqlite:226 - include board STEVAL-IDP005V2 as a kit item of type 'Evaluation Board'
2025-11-20 14:14:22,126 [INFO] ApiDb:240 - Found 880 in-development CPN: [B-G473E-ZEST1S, B-WB1M-WPAN1, B-WBA5M-WPAN, B-WL5M-SUBG1, NUCLEO-C031C6, NUCLEO-C051C8, NUCLEO-C071RB, NUCLEO-C092RC, NUCLEO-H503RB, NUCLEO-H533RE, NUCLEO-H563ZI, NUCLEO-H7S3L8, NUCLEO-N657X0-Q, NUCLEO-U031R8, NUCLEO-U083RC, NUCLEO-U385RG-Q, NUCLEO-U545RE-Q, NUCLEO-U5A5ZJ-Q, NUCLEO-WB05KZ, NUCLEO-WB07CC, NUCLEO-WB09KE, NUCLEO-WBA52CG, NUCLEO-WBA55CG, NUCLEO-WL33CC1, NUCLEO-WL33CC2, STEVAL-PROTEUS1, STEVAL-SMARTAG2, STEVAL-STWINBX1, STM320518-EVAL, STM32C0116-DK, STM32C011D6Y3TR, STM32C011D6Y6TR, STM32C011F4P3, STM32C011F4P6, STM32C011F4U3, STM32C011F4U6TR, STM32C011F6P3, STM32C011F6P6, STM32C011F6U3, STM32C011F6U6TR, STM32C011J4M3, STM32C011J4M6, STM32C011J6M3, STM32C011J6M6, STM32C0316-DK, STM32C031C4T3, STM32C031C4T6, STM32C031C4U3, STM32C031C4U6, STM32C031C6T3, STM32C031C6T6, STM32C031C6U3, STM32C031C6U6, STM32C031F4P3, STM32C031F4P6, STM32C031F6P3, STM32C031F6P6, STM32C031G4U3, STM32C031G4U6, STM32C031G6U3, STM32C031G6U6, STM32C031K4T3, STM32C031K4T6, STM32C031K4U3, STM32C031K4U6, STM32C031K6T3, STM32C031K6T6, STM32C031K6U3, STM32C031K6U6, STM32C051C6T6, STM32C051C6U6, STM32C051C8T6, STM32C051C8U6, STM32C051D8Y6TR, STM32C051F6P6, STM32C051F8P6, STM32C051G6U6, STM32C051G8U6, STM32C051K6T6, STM32C051K6U6, STM32C051K8T6, STM32C071C8T6, STM32C071C8T6N, STM32C071C8U6, STM32C071C8U6N, STM32C071CBT6, STM32C071CBT6N, STM32C071CBU6, STM32C071CBU6N, STM32C071F8P6, STM32C071F8P6N, STM32C071FBP6, STM32C071FBP6N, STM32C071FBY6TR, STM32C071G8U6, STM32C071G8U6N, STM32C071GBU6, STM32C071GBU6N, STM32C071K8T6, STM32C071K8T6N, STM32C071K8U6, STM32C071K8U6N, STM32C071KBT6, STM32C071KBT6N, STM32C071KBU6, STM32C071KBU6N, STM32C071R8T6, STM32C071R8T6N, STM32C071RBI6N, STM32C071RBT6, STM32C071RBT6N, STM32C091CBT6, STM32C091CBU6, STM32C091CCT6, STM32C091CCU6, STM32C091ECY6TR, STM32C091FBP6, STM32C091FCP6, STM32C091GBU6, STM32C091GCU6, STM32C091KBT6, STM32C091KBU6, STM32C091KCT6, STM32C091KCU6, STM32C091RBT6, STM32C091RCI6, STM32C091RCT6, STM32C092CBT6, STM32C092CBU6, STM32C092CCT6, STM32C092CCU6, STM32C092ECY6TR, STM32C092FBP6, STM32C092FCP6, STM32C092GBU6, STM32C092GCU6, STM32C092KBT6, STM32C092KBU6, STM32C092KCT6, STM32C092KCU6, STM32C092RBT6, STM32C092RCI6, STM32C092RCT6, STM32G071K8TXN, STM32G071K8UXN, STM32G081GBU6N, STM32G081KBT6N, STM32G081KBUXN, STM32G0B1CCT6N, STM32G0B1KCT6, STM32G0B1NEY6TR, STM32G0B1RCT6N, STM32G0C1CCT6, STM32G0C1CCT6N, STM32G0C1CCU6N, STM32G0C1CET6N, STM32G0C1CEU6N, STM32G0C1KCT6, STM32G0C1NEY6TR, STM32G0C1RCI6N, STM32G0C1RCT6N, STM32G0C1REI6N, STM32G0C1RET6N, STM32G0C1VCI6, STM32G0C1VEI6, STM32G411C6T3, STM32G411C6T6, STM32G411C6U3, STM32G411C6U6, STM32G411C8T3, STM32G411C8T6, STM32G411C8U3, STM32G411C8U6, STM32G411CBT3, STM32G411CBT6, STM32G411CBU3, STM32G411CBU6, STM32G411K6T3, STM32G411K6T6, STM32G411K6U3, STM32G411K6U6, STM32G411K8T3, STM32G411K8T6, STM32G411K8U3, STM32G411K8U6, STM32G411KBT3, STM32G411KBT6, STM32G411KBU3, STM32G411KBU6, STM32G411M6T3, STM32G411M6T6, STM32G411M8T3, STM32G411M8T6, STM32G411MBT3, STM32G411MBT6, STM32G411R6T3, STM32G411R6T6, STM32G411R8T3, STM32G411R8T6, STM32G411RBT3, STM32G411RBT6, STM32G414CBT3, STM32G414CBT6, STM32G414CBU3, STM32G414CBU6, STM32G414CCT3, STM32G414CCT6, STM32G414CCU3, STM32G414CCU6, STM32G414MBT3, STM32G414MBT6, STM32G414MCT3, STM32G414MCT6, STM32G414RBT3, STM32G414RBT6, STM32G414RCT3, STM32G414RCT6, STM32G414VBT3, STM32G414VBT6, STM32G414VCT3, STM32G414VCT6, STM32G431CBT3Z, STM32G431RBT3Z, STM32G471CCT6, STM32G471CCU6, STM32G471CET3, STM32G471CET6, STM32G471CEU3, STM32G471CEU6, STM32G471MCT6, STM32G471MET3, STM32G471MET6, STM32G471MEY6TR, STM32G471QCT6, STM32G471QET3, STM32G471RCT6, STM32G471RET3, STM32G471RET6, STM32G471VCH6, STM32G471VCI6, STM32G471VCT6, STM32G471VEH3, STM32G471VEH6, STM32G471VEI3, STM32G471VEI6, STM32G471VET3, STM32G471VET6, STM32G473QET3Z, STM32G473RET3Z, STM32G474CCT6, STM32G491RET3Z, STM32H503CBT6, STM32H503CBU6, STM32H503EBY6TR, STM32H503KBU6, STM32H503RBT6, STM32H523CCT6, STM32H523CCU6, STM32H523CET6, STM32H523CEU6, STM32H523HEY6TR, STM32H523RCT6, STM32H523RET6, STM32H523VCI6, STM32H523VCT6, STM32H523VEI6, STM32H523VET6, STM32H523ZCJ6, STM32H523ZCT6, STM32H523ZEJ6, STM32H523ZET6, STM32H533CET6, STM32H533CEU6, STM32H533HEY6TR, STM32H533RET6, STM32H533VEI6, STM32H533VET6, STM32H533ZEJ6, STM32H533ZET6, STM32H562AGI6, STM32H562AII6, STM32H562IGK6, STM32H562IGT6, STM32H562IIK6, STM32H562IIT6, STM32H562RGT6, STM32H562RGV6, STM32H562RIT6, STM32H562RIV6, STM32H562VGT6, STM32H562VIT6, STM32H562ZGT6, STM32H562ZIT6, STM32H563AGI6, STM32H563AII3Q, STM32H563AII6, STM32H563IGK6, STM32H563IGT6, STM32H563IIK3Q, STM32H563IIK6, STM32H563IIT3Q, STM32H563IIT6, STM32H563MIY3QTR, STM32H563RGT6, STM32H563RGV6, STM32H563RIT6, STM32H563RIV6, STM32H563VGT6, STM32H563VIT3Q, STM32H563VIT6, STM32H563ZGT6, STM32H563ZIT3Q, STM32H563ZIT6, STM32H573AII3Q, STM32H573AII6, STM32H573I-DK, STM32H573IIK3Q, STM32H573IIK6, STM32H573IIT3Q, STM32H573IIT6, STM32H573MIY3QTR, STM32H573RIT6, STM32H573RIV6, STM32H573VIT3Q, STM32H573VIT6, STM32H573ZIT3Q, STM32H573ZIT6, STM32H7R3A8I6, STM32H7R3I8K6, STM32H7R3I8T6, STM32H7R3L8H6, STM32H7R3L8H6H, STM32H7R3R8V6, STM32H7R3V8H6, STM32H7R3V8T6, STM32H7R3V8Y6TR, STM32H7R3Z8J6, STM32H7R3Z8T6, STM32H7R7A8I6, STM32H7R7I8K6, STM32H7R7I8T6, STM32H7R7L8H6, STM32H7R7L8H6H, STM32H7R7Z8J6, STM32H7S3A8I6, STM32H7S3I8K6, STM32H7S3I8T6, STM32H7S3L8H6, STM32H7S3L8H6H, STM32H7S3R8V6, STM32H7S3V8H6, STM32H7S3V8T6, STM32H7S3V8Y6TR, STM32H7S3Z8J6, STM32H7S3Z8T6, STM32H7S78-DK, STM32H7S7A8I6, STM32H7S7I8K6, STM32H7S7I8T6, STM32H7S7L8H6, STM32H7S7L8H6H, STM32H7S7Z8J6, STM32L4R5QGI6STR, STM32MP131AAE3, STM32MP131AAF3, STM32MP131AAG3, STM32MP131CAE3, STM32MP131CAF3, STM32MP131CAG3, STM32MP131DAE7, STM32MP131DAF7, STM32MP131DAG7, STM32MP131FAE7, STM32MP131FAF7, STM32MP131FAG7, STM32MP133AAE3, STM32MP133AAF3, STM32MP133AAG3, STM32MP133CAE3, STM32MP133CAF3, STM32MP133CAG3, STM32MP133DAE7, STM32MP133DAF7, STM32MP133DAG7, STM32MP133FAE7, STM32MP133FAF7, STM32MP133FAG7, STM32MP135AAE3, STM32MP135AAF3, STM32MP135AAG3, STM32MP135CAE3, STM32MP135CAF3, STM32MP135CAG3, STM32MP135DAE7, STM32MP135DAF7, STM32MP135DAG7, STM32MP135F-DK, STM32MP135FAE7, STM32MP135FAF7, STM32MP135FAF7T, STM32MP135FAF7U, STM32MP135FAG7, STM32MP211AAL3, STM32MP211AAM3, STM32MP211AAN3, STM32MP211AAO3, STM32MP211CAL3, STM32MP211CAM3, STM32MP211CAN3, STM32MP211CAO3, STM32MP211DAL3, STM32MP211DAM3, STM32MP211DAN3, STM32MP211DAO3, STM32MP211FAL3, STM32MP211FAM3, STM32MP211FAN3, STM32MP211FAO3, STM32MP213AAL3, STM32MP213AAM3, STM32MP213AAN3, STM32MP213AAO3, STM32MP213CAL3, STM32MP213CAM3, STM32MP213CAN3, STM32MP213CAO3, STM32MP213DAL3, STM32MP213DAM3, STM32MP213DAN3, STM32MP213DAO3, STM32MP213FAL3, STM32MP213FAM3, STM32MP213FAN3, STM32MP213FAO3, STM32MP215AAL3, STM32MP215AAM3, STM32MP215AAN3, STM32MP215AAO3, STM32MP215CAL3, STM32MP215CAM3, STM32MP215CAN3, STM32MP215CAO3, STM32MP215DAL3, STM32MP215DAM3, STM32MP215DAN3, STM32MP215DAO3, STM32MP215F-DK, STM32MP215FAL3, STM32MP215FAM3, STM32MP215FAN3, STM32MP215FAO3, STM32MP231AAJ3, STM32MP231AAK3, STM32MP231AAL3, STM32MP231CAJ3, STM32MP231CAK3, STM32MP231CAL3, STM32MP231DAJ3, STM32MP231DAK3, STM32MP231DAL3, STM32MP231FAJ3, STM32MP231FAK3, STM32MP231FAL3, STM32MP233AAJ3, STM32MP233AAK3, STM32MP233AAL3, STM32MP233CAJ3, STM32MP233CAK3, STM32MP233CAL3, STM32MP233DAJ3, STM32MP233DAK3, STM32MP233DAL3, STM32MP233FAJ3, STM32MP233FAK3, STM32MP233FAL3, STM32MP235AAJ3, STM32MP235AAK3, STM32MP235AAL3, STM32MP235CAJ3, STM32MP235CAK3, STM32MP235CAL3, STM32MP235DAJ3, STM32MP235DAK3, STM32MP235DAL3, STM32MP235FAJ3, STM32MP235FAK3, STM32MP235FAL3, STM32MP251AAI3, STM32MP251AAK3, STM32MP251AAL3, STM32MP251CAI3, STM32MP251CAK3, STM32MP251CAL3, STM32MP251DAI3, STM32MP251DAK3, STM32MP251DAL3, STM32MP251FAI3, STM32MP251FAK3, STM32MP251FAL3, STM32MP253AAI3, STM32MP253AAK3, STM32MP253AAL3, STM32MP253CAI3, STM32MP253CAK3, STM32MP253CAL3, STM32MP253DAI3, STM32MP253DAK3, STM32MP253DAL3, STM32MP253FAI3, STM32MP253FAK3, STM32MP253FAL3, STM32MP255AAI3, STM32MP255AAK3, STM32MP255AAL3, STM32MP255CAI3, STM32MP255CAK3, STM32MP255CAL3, STM32MP255DAI3, STM32MP255DAK3, STM32MP255DAL3, STM32MP255FAI3, STM32MP255FAK3, STM32MP255FAL3, STM32MP257AAI3, STM32MP257AAK3, STM32MP257AAL3, STM32MP257CAI3, STM32MP257CAK3, STM32MP257CAL3, STM32MP257DAI3, STM32MP257DAK3, STM32MP257DAL3, STM32MP257F-DK, STM32MP257F-EV1, STM32MP257FAI3, STM32MP257FAK3, STM32MP257FAL3, STM32N645A0H3Q, STM32N645B0H3Q, STM32N645I0H3Q, STM32N645L0H3Q, STM32N645X0H3Q, STM32N645Z0H3Q, STM32N647A0H3Q, STM32N647B0H3Q, STM32N647I0H3Q, STM32N647L0H3Q, STM32N647X0H3Q, STM32N647Z0H3Q, STM32N655A0H3Q, STM32N655B0H3Q, STM32N655I0H3Q, STM32N655L0H3Q, STM32N655X0H3Q, STM32N655Z0H3Q, STM32N6570-DK, STM32N657A0H3Q, STM32N657B0H3Q, STM32N657I0H3Q, STM32N657L0H3Q, STM32N657X0H3Q, STM32N657Z0H3Q, STM32U031C6T6, STM32U031C6U6, STM32U031C8T6, STM32U031C8U6, STM32U031F4P6, STM32U031F6P6, STM32U031F8P6, STM32U031G6Y6TR, STM32U031G8Y6TR, STM32U031K4U6, STM32U031K6U6, STM32U031K8U6, STM32U031R6I6, STM32U031R6T6, STM32U031R8I6, STM32U031R8T6, STM32U073C8T6, STM32U073C8U6, STM32U073CBT6, STM32U073CBU6, STM32U073CCT6, STM32U073CCU6, STM32U073H8Y6TR, STM32U073HBY6TR, STM32U073HCY6TR, STM32U073K8U6, STM32U073KBU6, STM32U073KCU6, STM32U073M8I6, STM32U073M8T6, STM32U073MBI6, STM32U073MBT6, STM32U073MCI6, STM32U073MCT6, STM32U073R8I6, STM32U073R8T6, STM32U073RBI6, STM32U073RBT6, STM32U073RCI6, STM32U073RCT6, STM32U083C-DK, STM32U083CCT6, STM32U083CCU6, STM32U083HCY6TR, STM32U083KCU6, STM32U083MCI6, STM32U083MCT6, STM32U083RCI6, STM32U083RCT6, STM32U375CET6, STM32U375CET6Q, STM32U375CEU6, STM32U375CEU6Q, STM32U375CEY6QTR, STM32U375CGT6, STM32U375CGT6Q, STM32U375CGU6, STM32U375CGU6Q, STM32U375CGY6QTR, STM32U375KEU6, STM32U375KGU6, STM32U375REI6, STM32U375REI6Q, STM32U375RET6, STM32U375RET6Q, STM32U375REY6GTR, STM32U375REY6QTR, STM32U375RGI6, STM32U375RGI6Q, STM32U375RGT6, STM32U375RGT6Q, STM32U375RGY6GTR, STM32U375RGY6QTR, STM32U375VEI6, STM32U375VEI6Q, STM32U375VET6, STM32U375VET6Q, STM32U375VGI6, STM32U375VGI6Q, STM32U375VGT6, STM32U375VGT6Q, STM32U385CGT6, STM32U385CGT6Q, STM32U385CGU6, STM32U385CGU6Q, STM32U385CGY6QTR, STM32U385KGU6, STM32U385RGI6, STM32U385RGI6Q, STM32U385RGT6, STM32U385RGT6Q, STM32U385RGY6GTR, STM32U385RGY6QTR, STM32U385VGI6, STM32U385VGI6Q, STM32U385VGT6, STM32U385VGT6Q, STM32U535CBT6, STM32U535CBT6Q, STM32U535CBU6, STM32U535CBU6Q, STM32U535CCT6, STM32U535CCT6Q, STM32U535CCU6, STM32U535CCU6Q, STM32U535CET6, STM32U535CET6Q, STM32U535CEU6, STM32U535CEU6Q, STM32U535JEY6QTR, STM32U535NCY6QTR, STM32U535NEY6QTR, STM32U535RBI6, STM32U535RBI6Q, STM32U535RBT6, STM32U535RBT6Q, STM32U535RCI6, STM32U535RCI6Q, STM32U535RCT6, STM32U535RCT6Q, STM32U535REI6, STM32U535REI6Q, STM32U535RET6, STM32U535RET6Q, STM32U535VCI6, STM32U535VCI6Q, STM32U535VCT6, STM32U535VCT6Q, STM32U535VEI6, STM32U535VEI6Q, STM32U535VET6, STM32U535VET6Q, STM32U545CET6, STM32U545CET6Q, STM32U545CEU6, STM32U545CEU6Q, STM32U545JEY6QTR, STM32U545NEY6QTR, STM32U545REI6, STM32U545REI6Q, STM32U545RET6, STM32U545RET6Q, STM32U545VEI6, STM32U545VEI6Q, STM32U545VET6, STM32U545VET6Q, STM32U595AIH6, STM32U595AIH6Q, STM32U595AJH6, STM32U595AJH6Q, STM32U595QII6, STM32U595QII6Q, STM32U595QJI6, STM32U595QJI6Q, STM32U595RIT6, STM32U595RIT6Q, STM32U595RJT6, STM32U595RJT6Q, STM32U595VIT6, STM32U595VIT6Q, STM32U595VJT6, STM32U595VJT6Q, STM32U595ZIT6, STM32U595ZIT6Q, STM32U595ZIY6QTR, STM32U595ZJT6, STM32U595ZJT6Q, STM32U595ZJY6QTR, STM32U599BJY6QTR, STM32U599NIH6Q, STM32U599NJH6Q, STM32U599VIT6Q, STM32U599VJT6, STM32U599VJT6Q, STM32U599ZIT6Q, STM32U599ZIY6QTR, STM32U599ZJT6Q, STM32U599ZJY6QTR, STM32U5A5AJH6, STM32U5A5AJH6Q, STM32U5A5QII3Q , STM32U5A5QJI6, STM32U5A5QJI6Q, STM32U5A5RJT6, STM32U5A5RJT6Q, STM32U5A5VJT6, STM32U5A5VJT6Q, STM32U5A5ZJT6, STM32U5A5ZJT6Q, STM32U5A5ZJY6QTR, STM32U5A9BJY6QTR, STM32U5A9J-DK, STM32U5A9NJH6Q, STM32U5A9VJT6Q, STM32U5A9ZJT6Q, STM32U5A9ZJY6QTR, STM32U5F7VIT6, STM32U5F7VIT6Q, STM32U5F7VJT6, STM32U5F7VJT6Q, STM32U5F9BJY6QTR, STM32U5F9NJH6Q, STM32U5F9VIT6Q, STM32U5F9VJT6Q, STM32U5F9ZIJ6QTR, STM32U5F9ZIT6Q, STM32U5F9ZJJ6QTR, STM32U5F9ZJT6Q, STM32U5G7VJT6, STM32U5G7VJT6Q, STM32U5G9BJY6QTR, STM32U5G9J-DK1, STM32U5G9J-DK2, STM32U5G9NJH6Q, STM32U5G9VJT6Q, STM32U5G9ZJJ6QTR, STM32U5G9ZJT6Q, STM32WB05KZV6TR, STM32WB05KZV7TR, STM32WB05TZF6TR, STM32WB05TZF7TR, STM32WB06CCF6TR, STM32WB06CCF7TR, STM32WB06CCV6TR, STM32WB06CCV7TR, STM32WB06KCV6TR, STM32WB06KCV7TR, STM32WB07CCF6TR, STM32WB07CCF7TR, STM32WB07CCV6TR, STM32WB07CCV7TR, STM32WB07KCV6TR, STM32WB07KCV7TR, STM32WB09KEV6TR, STM32WB09KEV7TR, STM32WB09TEF6TR, STM32WB09TEF7TR, STM32WB1MMCH6, STM32WBA50KGU6, STM32WBA50KGU6TR, STM32WBA52CEU6, STM32WBA52CEU6TR, STM32WBA52CEU7, STM32WBA52CEU7TR, STM32WBA52CGU6, STM32WBA52CGU6TR, STM32WBA52CGU6U, STM32WBA52CGU7, STM32WBA52CGU7TR, STM32WBA52KEU6, STM32WBA52KEU6TR, STM32WBA52KGU6, STM32WBA52KGU6TR, STM32WBA54CEU6, STM32WBA54CEU6TR, STM32WBA54CEU7, STM32WBA54CEU7TR, STM32WBA54CGU6, STM32WBA54CGU6TR, STM32WBA54CGU7, STM32WBA54CGU7TR, STM32WBA54KEU6, STM32WBA54KEU6TR, STM32WBA54KEU7, STM32WBA54KEU7TR, STM32WBA54KGU6, STM32WBA54KGU6TR, STM32WBA54KGU7, STM32WBA54KGU7TR, STM32WBA55CEU6, STM32WBA55CEU6TR, STM32WBA55CEU7, STM32WBA55CEU7TR, STM32WBA55CGU6, STM32WBA55CGU6TR, STM32WBA55CGU6U, STM32WBA55CGU7, STM32WBA55CGU7TR, STM32WBA55G-DK1, STM32WBA55HEF6, STM32WBA55HEF7, STM32WBA55HGF6, STM32WBA55HGF7, STM32WBA55UEI6, STM32WBA55UEI6TR, STM32WBA55UEI7, STM32WBA55UEI7TR, STM32WBA55UGI6, STM32WBA55UGI6TR, STM32WBA55UGI7, STM32WBA55UGI7TR, STM32WBA5MMGH6TR, STM32WBA62MGF6, STM32WBA62MIF6, STM32WBA65MGF7, STM32WBA65MIF6, STM32WBA65MIF7, STM32WL30K8V6, STM32WL30KBV6, STM32WL31C8V6, STM32WL31CBV6, STM32WL31K8V6, STM32WL31KBV6, STM32WL33C8V6, STM32WL33C8V6X, STM32WL33CBV6, STM32WL33CBV6X, STM32WL33CCV6, STM32WL33CCV6A, STM32WL33CCV6X, STM32WL33K8V7, STM32WL33K8V7X, STM32WL33KBV7 , STM32WL33KBV7X, STM32WL33KCV7, STM32WL33KCV7X, STM32WL5MOCH6, STM32WL5MOCH6TR]
2025-11-20 14:14:22,202 [INFO] BoardInfo:889 - No configuration file found for board P-NUCLEO-WB55
2025-11-20 14:14:22,202 [INFO] DbBoards:161 - Kit is not supported: P-NUCLEO-WB55
2025-11-20 14:14:22,204 [INFO] BoardInfo:889 - No configuration file found for board STEVAL-BFA001V1B
2025-11-20 14:14:22,205 [INFO] DbBoards:161 - Kit is not supported: STEVAL-BFA001V1B
2025-11-20 14:14:22,205 [INFO] BoardInfo:889 - No configuration file found for board STEVAL-BFA001V2B
2025-11-20 14:14:22,205 [INFO] DbBoards:161 - Kit is not supported: STEVAL-BFA001V2B
2025-11-20 14:14:22,257 [INFO] DbBoards:168 - Found 212 boards, 209 are supported
2025-11-20 14:14:22,257 [INFO] DbBoards:169 - Found 212 boards, 43 of them is supported for  Bsp
2025-11-20 14:14:22,260 [INFO] ApiDb:668 - CubeFinder database Data Model version=2.1
2025-11-20 14:14:22,260 [INFO] ApiDb:669 - CubeFinder database Configuration version=3.0.39
2025-11-20 14:14:22,260 [INFO] ApiDb:670 - CubeFinder database generation date=2025-10-27 (1761571959)
2025-11-20 14:14:22,260 [INFO] ApiDb:671 - CubeFinder database FW Pack versions=[FP-ATR-ASTRA1_V2.0.0, FP-SNS-FLIGHT1_V5.1.0, FP-SNS-MOTENV1_V5.0.0, FP-SNS-MOTENVWB1_V1.4.0, FP-SNS-SMARTAG2_V1.2.0, FP-SNS-STBOX1_V2.1.0, STM32Cube_FW_C0_V1.4.0, STM32Cube_FW_F4_V1.28.3, STM32Cube_FW_F7_V1.17.4, STM32Cube_FW_G0_V1.6.2, STM32Cube_FW_G4_V1.6.1, STM32Cube_FW_H5_V1.5.0, STM32Cube_FW_H7RS_V1.2.0, STM32Cube_FW_H7_V1.12.1, STM32Cube_FW_L0_V1.12.2, STM32Cube_FW_L4_V1.18.1, STM32Cube_FW_L5_V1.5.1, STM32Cube_FW_N6_V1.2.0, STM32Cube_FW_U0_V1.3.0, STM32Cube_FW_U3_V1.2.1, STM32Cube_FW_U5_V1.8.0, STM32Cube_FW_WB0_V1.3.0, STM32Cube_FW_WBA_V1.7.0, STM32Cube_FW_WB_V1.23.0, STM32Cube_FW_WL3_V1.2.0, STM32Cube_FW_WL_V1.3.1, X-CUBE-ALGOBUILD_V1.4.0, X-CUBE-ALS_V1.0.2, X-CUBE-AZRTOS-F4_V1.1.0, X-CUBE-AZRTOS-F7_V1.1.0, X-CUBE-AZRTOS-G0_V1.1.0, X-CUBE-AZRTOS-G4_V2.0.0, X-CUBE-AZRTOS-H7RS_V1.1.0, X-CUBE-AZRTOS-H7_V3.4.0, X-CUBE-AZRTOS-L4_V2.0.0, X-CUBE-AZRTOS-L5_V2.0.0, X-CUBE-AZRTOS-WB_V2.0.0, X-CUBE-AZRTOS-WL_V2.0.0, X-CUBE-BLE1_V7.1.0, X-CUBE-BLE2_V3.3.0, X-CUBE-BLEMGR_V4.1.0, X-CUBE-EEPRMA1_V5.2.0, X-CUBE-FREERTOS_V1.3.1, X-CUBE-GNSS1_V6.0.0, X-CUBE-MEMS1_V11.3.0, X-CUBE-NFC4_V3.0.0, X-CUBE-NFC7_V2.0.0, X-CUBE-SFXS2LP1_V4.0.0, X-CUBE-ST67W61_V1.1.0, X-CUBE-SUBG2_V5.0.0, X-CUBE-TOF1_V3.4.3]
2025-11-20 14:14:24,043 [INFO] ApiDb:240 - Found 880 in-development CPN: [B-G473E-ZEST1S, B-WB1M-WPAN1, B-WBA5M-WPAN, B-WL5M-SUBG1, NUCLEO-C031C6, NUCLEO-C051C8, NUCLEO-C071RB, NUCLEO-C092RC, NUCLEO-H503RB, NUCLEO-H533RE, NUCLEO-H563ZI, NUCLEO-H7S3L8, NUCLEO-N657X0-Q, NUCLEO-U031R8, NUCLEO-U083RC, NUCLEO-U385RG-Q, NUCLEO-U545RE-Q, NUCLEO-U5A5ZJ-Q, NUCLEO-WB05KZ, NUCLEO-WB07CC, NUCLEO-WB09KE, NUCLEO-WBA52CG, NUCLEO-WBA55CG, NUCLEO-WL33CC1, NUCLEO-WL33CC2, STEVAL-PROTEUS1, STEVAL-SMARTAG2, STEVAL-STWINBX1, STM320518-EVAL, STM32C0116-DK, STM32C011D6Y3TR, STM32C011D6Y6TR, STM32C011F4P3, STM32C011F4P6, STM32C011F4U3, STM32C011F4U6TR, STM32C011F6P3, STM32C011F6P6, STM32C011F6U3, STM32C011F6U6TR, STM32C011J4M3, STM32C011J4M6, STM32C011J6M3, STM32C011J6M6, STM32C0316-DK, STM32C031C4T3, STM32C031C4T6, STM32C031C4U3, STM32C031C4U6, STM32C031C6T3, STM32C031C6T6, STM32C031C6U3, STM32C031C6U6, STM32C031F4P3, STM32C031F4P6, STM32C031F6P3, STM32C031F6P6, STM32C031G4U3, STM32C031G4U6, STM32C031G6U3, STM32C031G6U6, STM32C031K4T3, STM32C031K4T6, STM32C031K4U3, STM32C031K4U6, STM32C031K6T3, STM32C031K6T6, STM32C031K6U3, STM32C031K6U6, STM32C051C6T6, STM32C051C6U6, STM32C051C8T6, STM32C051C8U6, STM32C051D8Y6TR, STM32C051F6P6, STM32C051F8P6, STM32C051G6U6, STM32C051G8U6, STM32C051K6T6, STM32C051K6U6, STM32C051K8T6, STM32C071C8T6, STM32C071C8T6N, STM32C071C8U6, STM32C071C8U6N, STM32C071CBT6, STM32C071CBT6N, STM32C071CBU6, STM32C071CBU6N, STM32C071F8P6, STM32C071F8P6N, STM32C071FBP6, STM32C071FBP6N, STM32C071FBY6TR, STM32C071G8U6, STM32C071G8U6N, STM32C071GBU6, STM32C071GBU6N, STM32C071K8T6, STM32C071K8T6N, STM32C071K8U6, STM32C071K8U6N, STM32C071KBT6, STM32C071KBT6N, STM32C071KBU6, STM32C071KBU6N, STM32C071R8T6, STM32C071R8T6N, STM32C071RBI6N, STM32C071RBT6, STM32C071RBT6N, STM32C091CBT6, STM32C091CBU6, STM32C091CCT6, STM32C091CCU6, STM32C091ECY6TR, STM32C091FBP6, STM32C091FCP6, STM32C091GBU6, STM32C091GCU6, STM32C091KBT6, STM32C091KBU6, STM32C091KCT6, STM32C091KCU6, STM32C091RBT6, STM32C091RCI6, STM32C091RCT6, STM32C092CBT6, STM32C092CBU6, STM32C092CCT6, STM32C092CCU6, STM32C092ECY6TR, STM32C092FBP6, STM32C092FCP6, STM32C092GBU6, STM32C092GCU6, STM32C092KBT6, STM32C092KBU6, STM32C092KCT6, STM32C092KCU6, STM32C092RBT6, STM32C092RCI6, STM32C092RCT6, STM32G071K8TXN, STM32G071K8UXN, STM32G081GBU6N, STM32G081KBT6N, STM32G081KBUXN, STM32G0B1CCT6N, STM32G0B1KCT6, STM32G0B1NEY6TR, STM32G0B1RCT6N, STM32G0C1CCT6, STM32G0C1CCT6N, STM32G0C1CCU6N, STM32G0C1CET6N, STM32G0C1CEU6N, STM32G0C1KCT6, STM32G0C1NEY6TR, STM32G0C1RCI6N, STM32G0C1RCT6N, STM32G0C1REI6N, STM32G0C1RET6N, STM32G0C1VCI6, STM32G0C1VEI6, STM32G411C6T3, STM32G411C6T6, STM32G411C6U3, STM32G411C6U6, STM32G411C8T3, STM32G411C8T6, STM32G411C8U3, STM32G411C8U6, STM32G411CBT3, STM32G411CBT6, STM32G411CBU3, STM32G411CBU6, STM32G411K6T3, STM32G411K6T6, STM32G411K6U3, STM32G411K6U6, STM32G411K8T3, STM32G411K8T6, STM32G411K8U3, STM32G411K8U6, STM32G411KBT3, STM32G411KBT6, STM32G411KBU3, STM32G411KBU6, STM32G411M6T3, STM32G411M6T6, STM32G411M8T3, STM32G411M8T6, STM32G411MBT3, STM32G411MBT6, STM32G411R6T3, STM32G411R6T6, STM32G411R8T3, STM32G411R8T6, STM32G411RBT3, STM32G411RBT6, STM32G414CBT3, STM32G414CBT6, STM32G414CBU3, STM32G414CBU6, STM32G414CCT3, STM32G414CCT6, STM32G414CCU3, STM32G414CCU6, STM32G414MBT3, STM32G414MBT6, STM32G414MCT3, STM32G414MCT6, STM32G414RBT3, STM32G414RBT6, STM32G414RCT3, STM32G414RCT6, STM32G414VBT3, STM32G414VBT6, STM32G414VCT3, STM32G414VCT6, STM32G431CBT3Z, STM32G431RBT3Z, STM32G471CCT6, STM32G471CCU6, STM32G471CET3, STM32G471CET6, STM32G471CEU3, STM32G471CEU6, STM32G471MCT6, STM32G471MET3, STM32G471MET6, STM32G471MEY6TR, STM32G471QCT6, STM32G471QET3, STM32G471RCT6, STM32G471RET3, STM32G471RET6, STM32G471VCH6, STM32G471VCI6, STM32G471VCT6, STM32G471VEH3, STM32G471VEH6, STM32G471VEI3, STM32G471VEI6, STM32G471VET3, STM32G471VET6, STM32G473QET3Z, STM32G473RET3Z, STM32G474CCT6, STM32G491RET3Z, STM32H503CBT6, STM32H503CBU6, STM32H503EBY6TR, STM32H503KBU6, STM32H503RBT6, STM32H523CCT6, STM32H523CCU6, STM32H523CET6, STM32H523CEU6, STM32H523HEY6TR, STM32H523RCT6, STM32H523RET6, STM32H523VCI6, STM32H523VCT6, STM32H523VEI6, STM32H523VET6, STM32H523ZCJ6, STM32H523ZCT6, STM32H523ZEJ6, STM32H523ZET6, STM32H533CET6, STM32H533CEU6, STM32H533HEY6TR, STM32H533RET6, STM32H533VEI6, STM32H533VET6, STM32H533ZEJ6, STM32H533ZET6, STM32H562AGI6, STM32H562AII6, STM32H562IGK6, STM32H562IGT6, STM32H562IIK6, STM32H562IIT6, STM32H562RGT6, STM32H562RGV6, STM32H562RIT6, STM32H562RIV6, STM32H562VGT6, STM32H562VIT6, STM32H562ZGT6, STM32H562ZIT6, STM32H563AGI6, STM32H563AII3Q, STM32H563AII6, STM32H563IGK6, STM32H563IGT6, STM32H563IIK3Q, STM32H563IIK6, STM32H563IIT3Q, STM32H563IIT6, STM32H563MIY3QTR, STM32H563RGT6, STM32H563RGV6, STM32H563RIT6, STM32H563RIV6, STM32H563VGT6, STM32H563VIT3Q, STM32H563VIT6, STM32H563ZGT6, STM32H563ZIT3Q, STM32H563ZIT6, STM32H573AII3Q, STM32H573AII6, STM32H573I-DK, STM32H573IIK3Q, STM32H573IIK6, STM32H573IIT3Q, STM32H573IIT6, STM32H573MIY3QTR, STM32H573RIT6, STM32H573RIV6, STM32H573VIT3Q, STM32H573VIT6, STM32H573ZIT3Q, STM32H573ZIT6, STM32H7R3A8I6, STM32H7R3I8K6, STM32H7R3I8T6, STM32H7R3L8H6, STM32H7R3L8H6H, STM32H7R3R8V6, STM32H7R3V8H6, STM32H7R3V8T6, STM32H7R3V8Y6TR, STM32H7R3Z8J6, STM32H7R3Z8T6, STM32H7R7A8I6, STM32H7R7I8K6, STM32H7R7I8T6, STM32H7R7L8H6, STM32H7R7L8H6H, STM32H7R7Z8J6, STM32H7S3A8I6, STM32H7S3I8K6, STM32H7S3I8T6, STM32H7S3L8H6, STM32H7S3L8H6H, STM32H7S3R8V6, STM32H7S3V8H6, STM32H7S3V8T6, STM32H7S3V8Y6TR, STM32H7S3Z8J6, STM32H7S3Z8T6, STM32H7S78-DK, STM32H7S7A8I6, STM32H7S7I8K6, STM32H7S7I8T6, STM32H7S7L8H6, STM32H7S7L8H6H, STM32H7S7Z8J6, STM32L4R5QGI6STR, STM32MP131AAE3, STM32MP131AAF3, STM32MP131AAG3, STM32MP131CAE3, STM32MP131CAF3, STM32MP131CAG3, STM32MP131DAE7, STM32MP131DAF7, STM32MP131DAG7, STM32MP131FAE7, STM32MP131FAF7, STM32MP131FAG7, STM32MP133AAE3, STM32MP133AAF3, STM32MP133AAG3, STM32MP133CAE3, STM32MP133CAF3, STM32MP133CAG3, STM32MP133DAE7, STM32MP133DAF7, STM32MP133DAG7, STM32MP133FAE7, STM32MP133FAF7, STM32MP133FAG7, STM32MP135AAE3, STM32MP135AAF3, STM32MP135AAG3, STM32MP135CAE3, STM32MP135CAF3, STM32MP135CAG3, STM32MP135DAE7, STM32MP135DAF7, STM32MP135DAG7, STM32MP135F-DK, STM32MP135FAE7, STM32MP135FAF7, STM32MP135FAF7T, STM32MP135FAF7U, STM32MP135FAG7, STM32MP211AAL3, STM32MP211AAM3, STM32MP211AAN3, STM32MP211AAO3, STM32MP211CAL3, STM32MP211CAM3, STM32MP211CAN3, STM32MP211CAO3, STM32MP211DAL3, STM32MP211DAM3, STM32MP211DAN3, STM32MP211DAO3, STM32MP211FAL3, STM32MP211FAM3, STM32MP211FAN3, STM32MP211FAO3, STM32MP213AAL3, STM32MP213AAM3, STM32MP213AAN3, STM32MP213AAO3, STM32MP213CAL3, STM32MP213CAM3, STM32MP213CAN3, STM32MP213CAO3, STM32MP213DAL3, STM32MP213DAM3, STM32MP213DAN3, STM32MP213DAO3, STM32MP213FAL3, STM32MP213FAM3, STM32MP213FAN3, STM32MP213FAO3, STM32MP215AAL3, STM32MP215AAM3, STM32MP215AAN3, STM32MP215AAO3, STM32MP215CAL3, STM32MP215CAM3, STM32MP215CAN3, STM32MP215CAO3, STM32MP215DAL3, STM32MP215DAM3, STM32MP215DAN3, STM32MP215DAO3, STM32MP215F-DK, STM32MP215FAL3, STM32MP215FAM3, STM32MP215FAN3, STM32MP215FAO3, STM32MP231AAJ3, STM32MP231AAK3, STM32MP231AAL3, STM32MP231CAJ3, STM32MP231CAK3, STM32MP231CAL3, STM32MP231DAJ3, STM32MP231DAK3, STM32MP231DAL3, STM32MP231FAJ3, STM32MP231FAK3, STM32MP231FAL3, STM32MP233AAJ3, STM32MP233AAK3, STM32MP233AAL3, STM32MP233CAJ3, STM32MP233CAK3, STM32MP233CAL3, STM32MP233DAJ3, STM32MP233DAK3, STM32MP233DAL3, STM32MP233FAJ3, STM32MP233FAK3, STM32MP233FAL3, STM32MP235AAJ3, STM32MP235AAK3, STM32MP235AAL3, STM32MP235CAJ3, STM32MP235CAK3, STM32MP235CAL3, STM32MP235DAJ3, STM32MP235DAK3, STM32MP235DAL3, STM32MP235FAJ3, STM32MP235FAK3, STM32MP235FAL3, STM32MP251AAI3, STM32MP251AAK3, STM32MP251AAL3, STM32MP251CAI3, STM32MP251CAK3, STM32MP251CAL3, STM32MP251DAI3, STM32MP251DAK3, STM32MP251DAL3, STM32MP251FAI3, STM32MP251FAK3, STM32MP251FAL3, STM32MP253AAI3, STM32MP253AAK3, STM32MP253AAL3, STM32MP253CAI3, STM32MP253CAK3, STM32MP253CAL3, STM32MP253DAI3, STM32MP253DAK3, STM32MP253DAL3, STM32MP253FAI3, STM32MP253FAK3, STM32MP253FAL3, STM32MP255AAI3, STM32MP255AAK3, STM32MP255AAL3, STM32MP255CAI3, STM32MP255CAK3, STM32MP255CAL3, STM32MP255DAI3, STM32MP255DAK3, STM32MP255DAL3, STM32MP255FAI3, STM32MP255FAK3, STM32MP255FAL3, STM32MP257AAI3, STM32MP257AAK3, STM32MP257AAL3, STM32MP257CAI3, STM32MP257CAK3, STM32MP257CAL3, STM32MP257DAI3, STM32MP257DAK3, STM32MP257DAL3, STM32MP257F-DK, STM32MP257F-EV1, STM32MP257FAI3, STM32MP257FAK3, STM32MP257FAL3, STM32N645A0H3Q, STM32N645B0H3Q, STM32N645I0H3Q, STM32N645L0H3Q, STM32N645X0H3Q, STM32N645Z0H3Q, STM32N647A0H3Q, STM32N647B0H3Q, STM32N647I0H3Q, STM32N647L0H3Q, STM32N647X0H3Q, STM32N647Z0H3Q, STM32N655A0H3Q, STM32N655B0H3Q, STM32N655I0H3Q, STM32N655L0H3Q, STM32N655X0H3Q, STM32N655Z0H3Q, STM32N6570-DK, STM32N657A0H3Q, STM32N657B0H3Q, STM32N657I0H3Q, STM32N657L0H3Q, STM32N657X0H3Q, STM32N657Z0H3Q, STM32U031C6T6, STM32U031C6U6, STM32U031C8T6, STM32U031C8U6, STM32U031F4P6, STM32U031F6P6, STM32U031F8P6, STM32U031G6Y6TR, STM32U031G8Y6TR, STM32U031K4U6, STM32U031K6U6, STM32U031K8U6, STM32U031R6I6, STM32U031R6T6, STM32U031R8I6, STM32U031R8T6, STM32U073C8T6, STM32U073C8U6, STM32U073CBT6, STM32U073CBU6, STM32U073CCT6, STM32U073CCU6, STM32U073H8Y6TR, STM32U073HBY6TR, STM32U073HCY6TR, STM32U073K8U6, STM32U073KBU6, STM32U073KCU6, STM32U073M8I6, STM32U073M8T6, STM32U073MBI6, STM32U073MBT6, STM32U073MCI6, STM32U073MCT6, STM32U073R8I6, STM32U073R8T6, STM32U073RBI6, STM32U073RBT6, STM32U073RCI6, STM32U073RCT6, STM32U083C-DK, STM32U083CCT6, STM32U083CCU6, STM32U083HCY6TR, STM32U083KCU6, STM32U083MCI6, STM32U083MCT6, STM32U083RCI6, STM32U083RCT6, STM32U375CET6, STM32U375CET6Q, STM32U375CEU6, STM32U375CEU6Q, STM32U375CEY6QTR, STM32U375CGT6, STM32U375CGT6Q, STM32U375CGU6, STM32U375CGU6Q, STM32U375CGY6QTR, STM32U375KEU6, STM32U375KGU6, STM32U375REI6, STM32U375REI6Q, STM32U375RET6, STM32U375RET6Q, STM32U375REY6GTR, STM32U375REY6QTR, STM32U375RGI6, STM32U375RGI6Q, STM32U375RGT6, STM32U375RGT6Q, STM32U375RGY6GTR, STM32U375RGY6QTR, STM32U375VEI6, STM32U375VEI6Q, STM32U375VET6, STM32U375VET6Q, STM32U375VGI6, STM32U375VGI6Q, STM32U375VGT6, STM32U375VGT6Q, STM32U385CGT6, STM32U385CGT6Q, STM32U385CGU6, STM32U385CGU6Q, STM32U385CGY6QTR, STM32U385KGU6, STM32U385RGI6, STM32U385RGI6Q, STM32U385RGT6, STM32U385RGT6Q, STM32U385RGY6GTR, STM32U385RGY6QTR, STM32U385VGI6, STM32U385VGI6Q, STM32U385VGT6, STM32U385VGT6Q, STM32U535CBT6, STM32U535CBT6Q, STM32U535CBU6, STM32U535CBU6Q, STM32U535CCT6, STM32U535CCT6Q, STM32U535CCU6, STM32U535CCU6Q, STM32U535CET6, STM32U535CET6Q, STM32U535CEU6, STM32U535CEU6Q, STM32U535JEY6QTR, STM32U535NCY6QTR, STM32U535NEY6QTR, STM32U535RBI6, STM32U535RBI6Q, STM32U535RBT6, STM32U535RBT6Q, STM32U535RCI6, STM32U535RCI6Q, STM32U535RCT6, STM32U535RCT6Q, STM32U535REI6, STM32U535REI6Q, STM32U535RET6, STM32U535RET6Q, STM32U535VCI6, STM32U535VCI6Q, STM32U535VCT6, STM32U535VCT6Q, STM32U535VEI6, STM32U535VEI6Q, STM32U535VET6, STM32U535VET6Q, STM32U545CET6, STM32U545CET6Q, STM32U545CEU6, STM32U545CEU6Q, STM32U545JEY6QTR, STM32U545NEY6QTR, STM32U545REI6, STM32U545REI6Q, STM32U545RET6, STM32U545RET6Q, STM32U545VEI6, STM32U545VEI6Q, STM32U545VET6, STM32U545VET6Q, STM32U595AIH6, STM32U595AIH6Q, STM32U595AJH6, STM32U595AJH6Q, STM32U595QII6, STM32U595QII6Q, STM32U595QJI6, STM32U595QJI6Q, STM32U595RIT6, STM32U595RIT6Q, STM32U595RJT6, STM32U595RJT6Q, STM32U595VIT6, STM32U595VIT6Q, STM32U595VJT6, STM32U595VJT6Q, STM32U595ZIT6, STM32U595ZIT6Q, STM32U595ZIY6QTR, STM32U595ZJT6, STM32U595ZJT6Q, STM32U595ZJY6QTR, STM32U599BJY6QTR, STM32U599NIH6Q, STM32U599NJH6Q, STM32U599VIT6Q, STM32U599VJT6, STM32U599VJT6Q, STM32U599ZIT6Q, STM32U599ZIY6QTR, STM32U599ZJT6Q, STM32U599ZJY6QTR, STM32U5A5AJH6, STM32U5A5AJH6Q, STM32U5A5QII3Q , STM32U5A5QJI6, STM32U5A5QJI6Q, STM32U5A5RJT6, STM32U5A5RJT6Q, STM32U5A5VJT6, STM32U5A5VJT6Q, STM32U5A5ZJT6, STM32U5A5ZJT6Q, STM32U5A5ZJY6QTR, STM32U5A9BJY6QTR, STM32U5A9J-DK, STM32U5A9NJH6Q, STM32U5A9VJT6Q, STM32U5A9ZJT6Q, STM32U5A9ZJY6QTR, STM32U5F7VIT6, STM32U5F7VIT6Q, STM32U5F7VJT6, STM32U5F7VJT6Q, STM32U5F9BJY6QTR, STM32U5F9NJH6Q, STM32U5F9VIT6Q, STM32U5F9VJT6Q, STM32U5F9ZIJ6QTR, STM32U5F9ZIT6Q, STM32U5F9ZJJ6QTR, STM32U5F9ZJT6Q, STM32U5G7VJT6, STM32U5G7VJT6Q, STM32U5G9BJY6QTR, STM32U5G9J-DK1, STM32U5G9J-DK2, STM32U5G9NJH6Q, STM32U5G9VJT6Q, STM32U5G9ZJJ6QTR, STM32U5G9ZJT6Q, STM32WB05KZV6TR, STM32WB05KZV7TR, STM32WB05TZF6TR, STM32WB05TZF7TR, STM32WB06CCF6TR, STM32WB06CCF7TR, STM32WB06CCV6TR, STM32WB06CCV7TR, STM32WB06KCV6TR, STM32WB06KCV7TR, STM32WB07CCF6TR, STM32WB07CCF7TR, STM32WB07CCV6TR, STM32WB07CCV7TR, STM32WB07KCV6TR, STM32WB07KCV7TR, STM32WB09KEV6TR, STM32WB09KEV7TR, STM32WB09TEF6TR, STM32WB09TEF7TR, STM32WB1MMCH6, STM32WBA50KGU6, STM32WBA50KGU6TR, STM32WBA52CEU6, STM32WBA52CEU6TR, STM32WBA52CEU7, STM32WBA52CEU7TR, STM32WBA52CGU6, STM32WBA52CGU6TR, STM32WBA52CGU6U, STM32WBA52CGU7, STM32WBA52CGU7TR, STM32WBA52KEU6, STM32WBA52KEU6TR, STM32WBA52KGU6, STM32WBA52KGU6TR, STM32WBA54CEU6, STM32WBA54CEU6TR, STM32WBA54CEU7, STM32WBA54CEU7TR, STM32WBA54CGU6, STM32WBA54CGU6TR, STM32WBA54CGU7, STM32WBA54CGU7TR, STM32WBA54KEU6, STM32WBA54KEU6TR, STM32WBA54KEU7, STM32WBA54KEU7TR, STM32WBA54KGU6, STM32WBA54KGU6TR, STM32WBA54KGU7, STM32WBA54KGU7TR, STM32WBA55CEU6, STM32WBA55CEU6TR, STM32WBA55CEU7, STM32WBA55CEU7TR, STM32WBA55CGU6, STM32WBA55CGU6TR, STM32WBA55CGU6U, STM32WBA55CGU7, STM32WBA55CGU7TR, STM32WBA55G-DK1, STM32WBA55HEF6, STM32WBA55HEF7, STM32WBA55HGF6, STM32WBA55HGF7, STM32WBA55UEI6, STM32WBA55UEI6TR, STM32WBA55UEI7, STM32WBA55UEI7TR, STM32WBA55UGI6, STM32WBA55UGI6TR, STM32WBA55UGI7, STM32WBA55UGI7TR, STM32WBA5MMGH6TR, STM32WBA62MGF6, STM32WBA62MIF6, STM32WBA65MGF7, STM32WBA65MIF6, STM32WBA65MIF7, STM32WL30K8V6, STM32WL30KBV6, STM32WL31C8V6, STM32WL31CBV6, STM32WL31K8V6, STM32WL31KBV6, STM32WL33C8V6, STM32WL33C8V6X, STM32WL33CBV6, STM32WL33CBV6X, STM32WL33CCV6, STM32WL33CCV6A, STM32WL33CCV6X, STM32WL33K8V7, STM32WL33K8V7X, STM32WL33KBV7 , STM32WL33KBV7X, STM32WL33KCV7, STM32WL33KCV7X, STM32WL5MOCH6, STM32WL5MOCH6TR]
2025-11-20 14:14:24,046 [INFO] DbMcus:218 - Found 4801 MCUs, 4801 are supported
2025-11-20 14:14:24,047 [INFO] ApiDb:423 - Load user favorites file /home/natthanicha/.stm32cubeide/favorites.mcus.txt: 0 item(s)
2025-11-20 14:14:24,047 [INFO] ApiDb:427 - User favorites MCUs=[]
2025-11-20 14:14:24,047 [INFO] DbMcus:224 - Set 0 / 0 favorites MCUs
2025-11-20 14:14:24,285 [INFO] ApiDb:423 - Load user favorites file /home/natthanicha/.stm32cubeide/favorites.boards.txt: 0 item(s)
2025-11-20 14:14:24,286 [INFO] ApiDb:427 - User favorites Boards=[]
2025-11-20 14:14:24,286 [INFO] DbBoards:198 - Set 0 / 0 favorites Boards
2025-11-20 14:14:24,406 [INFO] UtilMem:75 - End LoadConfig() Used Memory: 675410040 Bytes (1073741824)
2025-11-20 14:14:24,727 [WARN] ThirdParty:833 - waiting for thirdparty lock release [change project]
2025-11-20 14:14:24,728 [INFO] ThirdParty:835 - entering critical section [change project]
2025-11-20 14:14:24,728 [INFO] ThirdParty:1030 - CMSIS Pack Vendor :STMicroelectronics X-CUBE-PM33A1 1.0.0
2025-11-20 14:14:24,728 [INFO] ThirdParty:1030 - CMSIS Pack Vendor :STMicroelectronics USBPD 4.1
2025-11-20 14:14:24,728 [INFO] ThirdParty:1030 - CMSIS Pack Vendor :STMicroelectronics X-CUBE-NFC9 1.0.0
2025-11-20 14:14:24,728 [INFO] ThirdParty:1030 - CMSIS Pack Vendor :STMicroelectronics USB_HOST 2.0.0
2025-11-20 14:14:24,728 [INFO] ThirdParty:1030 - CMSIS Pack Vendor :STMicroelectronics FP-SNS-MOTENVWB1 1.4.0
2025-11-20 14:14:24,728 [INFO] ThirdParty:1030 - CMSIS Pack Vendor :STMicroelectronics X-CUBE-AZRTOS-F4 1.1.0
2025-11-20 14:14:24,728 [INFO] ThirdParty:1030 - CMSIS Pack Vendor :STMicroelectronics LIBJPEG 8.0.0
2025-11-20 14:14:24,728 [INFO] ThirdParty:1030 - CMSIS Pack Vendor :STMicroelectronics FP-ATR-ASTRA1 2.0.2
2025-11-20 14:14:24,728 [INFO] ThirdParty:1030 - CMSIS Pack Vendor :wolfSSL I-CUBE-wolfSSL 5.8.2
2025-11-20 14:14:24,728 [INFO] ThirdParty:1030 - CMSIS Pack Vendor :STMicroelectronics X-CUBE-BLE1 7.1.0
2025-11-20 14:14:24,728 [INFO] ThirdParty:1030 - CMSIS Pack Vendor :STMicroelectronics X-CUBE-SMBUS 2.1.0
2025-11-20 14:14:24,728 [INFO] ThirdParty:1030 - CMSIS Pack Vendor :wolfSSL I-CUBE-wolfMQTT 1.19.2
2025-11-20 14:14:24,728 [INFO] ThirdParty:1030 - CMSIS Pack Vendor :STMicroelectronics USB_DEVICE 3.0.0
2025-11-20 14:14:24,728 [INFO] ThirdParty:1030 - CMSIS Pack Vendor :STMicroelectronics X-CUBE-ISPU 2.1.0
2025-11-20 14:14:24,728 [INFO] ThirdParty:1030 - CMSIS Pack Vendor :STMicroelectronics X-CUBE-EEPRMA1 5.2.0
2025-11-20 14:14:24,728 [INFO] ThirdParty:1030 - CMSIS Pack Vendor :STMicroelectronics X-CUBE-IPS 3.2.0
2025-11-20 14:14:24,728 [INFO] ThirdParty:1030 - CMSIS Pack Vendor :STMicroelectronics X-CUBE-BLEMGR 4.1.0
2025-11-20 14:14:24,728 [INFO] ThirdParty:1030 - CMSIS Pack Vendor :STMicroelectronics X-CUBE-AZRTOS-WB 2.0.0
2025-11-20 14:14:24,728 [INFO] ThirdParty:1030 - CMSIS Pack Vendor :STMicroelectronics X-CUBE-ST60 1.0.0
2025-11-20 14:14:24,728 [INFO] ThirdParty:1030 - CMSIS Pack Vendor :STMicroelectronics X-CUBE-GNSS1 7.0.1
2025-11-20 14:14:24,728 [INFO] ThirdParty:1030 - CMSIS Pack Vendor :STMicroelectronics X-CUBE-NFC12 1.0.0
2025-11-20 14:14:24,728 [INFO] ThirdParty:1030 - CMSIS Pack Vendor :STMicroelectronics X-CUBE-AZRTOS-F7 1.1.0
2025-11-20 14:14:24,728 [INFO] ThirdParty:1030 - CMSIS Pack Vendor :STMicroelectronics X-CUBE-AZRTOS-L5 2.0.0
2025-11-20 14:14:24,728 [INFO] ThirdParty:1030 - CMSIS Pack Vendor :STMicroelectronics USB_DEVICE 2.0.0
2025-11-20 14:14:24,728 [INFO] ThirdParty:1030 - CMSIS Pack Vendor :STMicroelectronics X-CUBE-NFC6 3.1.0
2025-11-20 14:14:24,728 [INFO] ThirdParty:1030 - CMSIS Pack Vendor :STMicroelectronics X-CUBE-ST67W61 1.1.0
2025-11-20 14:14:24,728 [INFO] ThirdParty:1030 - CMSIS Pack Vendor :Cesanta I-CUBE-Mongoose 7.19.0
2025-11-20 14:14:24,728 [INFO] ThirdParty:1030 - CMSIS Pack Vendor :quantropi X-CUBE-qispace-sdk-base 2.1.0
2025-11-20 14:14:24,728 [INFO] ThirdParty:1030 - CMSIS Pack Vendor :STMicroelectronics FP-SNS-MOTENV1 5.1.0
2025-11-20 14:14:24,728 [INFO] ThirdParty:1030 - CMSIS Pack Vendor :STMicroelectronics FreeRTOS 0.0.1
2025-11-20 14:14:24,728 [INFO] ThirdParty:1030 - CMSIS Pack Vendor :STMicroelectronics X-CUBE-AZRTOS-G0 1.1.0
2025-11-20 14:14:24,728 [INFO] ThirdParty:1030 - CMSIS Pack Vendor :STMicroelectronics X-CUBE-SAFEA1 1.2.2
2025-11-20 14:14:24,728 [INFO] ThirdParty:1030 - CMSIS Pack Vendor :STMicroelectronics X-CUBE-NFC4 3.0.0
2025-11-20 14:14:24,728 [INFO] ThirdParty:1030 - CMSIS Pack Vendor :STMicroelectronics X-CUBE-SUBG2 5.0.0
2025-11-20 14:14:24,728 [INFO] ThirdParty:1030 - CMSIS Pack Vendor :STMicroelectronics X-CUBE-AZRTOS-H7RS 1.1.0
2025-11-20 14:14:24,728 [INFO] ThirdParty:1030 - CMSIS Pack Vendor :STMicroelectronics STM32_WPAN 1.0.0
2025-11-20 14:14:24,728 [INFO] ThirdParty:1030 - CMSIS Pack Vendor :EmbeddedOffice I-CUBE-FS-RTOS 1.0.1
2025-11-20 14:14:24,728 [INFO] ThirdParty:1030 - CMSIS Pack Vendor :STMicroelectronics lwIP 2.0.3
2025-11-20 14:14:24,728 [INFO] ThirdParty:1030 - CMSIS Pack Vendor :WES I-CUBE-Cesium 1.4.0
2025-11-20 14:14:24,728 [INFO] ThirdParty:1030 - CMSIS Pack Vendor :STMicroelectronics USB_HOST 1.0.0
2025-11-20 14:14:24,728 [INFO] ThirdParty:1030 - CMSIS Pack Vendor :Infineon AIROC-Wi-Fi-Bluetooth-STM32 1.7.1
2025-11-20 14:14:24,728 [INFO] ThirdParty:1030 - CMSIS Pack Vendor :STMicroelectronics X-CUBE-AZRTOS-G4 2.0.0
2025-11-20 14:14:24,728 [INFO] ThirdParty:1030 - CMSIS Pack Vendor :STMicroelectronics X-CUBE-WB05N 2.0.0
2025-11-20 14:14:24,728 [INFO] ThirdParty:1030 - CMSIS Pack Vendor :STMicroelectronics PDM2PCM 3.1.0
2025-11-20 14:14:24,728 [INFO] ThirdParty:1030 - CMSIS Pack Vendor :STMicroelectronics PDM2PCM 3.3.0
2025-11-20 14:14:24,728 [INFO] ThirdParty:1030 - CMSIS Pack Vendor :wolfSSL I-CUBE-wolfTPM 3.8.0
2025-11-20 14:14:24,728 [INFO] ThirdParty:1030 - CMSIS Pack Vendor :STMicroelectronics X-CUBE-AZRTOS-H7 3.4.0
2025-11-20 14:14:24,728 [INFO] ThirdParty:1030 - CMSIS Pack Vendor :STMicroelectronics X-CUBE-DISPLAY 3.0.0
2025-11-20 14:14:24,728 [INFO] ThirdParty:1030 - CMSIS Pack Vendor :wolfSSL I-CUBE-wolfSSH 1.4.20
2025-11-20 14:14:24,728 [INFO] ThirdParty:1030 - CMSIS Pack Vendor :STMicroelectronics X-CUBE-NFC7 2.0.0
2025-11-20 14:14:24,728 [INFO] ThirdParty:1030 - CMSIS Pack Vendor :STMicroelectronics X-CUBE-TCPP 4.2.0
2025-11-20 14:14:24,728 [INFO] ThirdParty:1030 - CMSIS Pack Vendor :RealThread X-CUBE-RT-Thread_Nano 4.1.1
2025-11-20 14:14:24,728 [INFO] ThirdParty:1030 - CMSIS Pack Vendor :STMicroelectronics FP-ATR-SIGFOX1 3.2.0
2025-11-20 14:14:24,728 [INFO] ThirdParty:1030 - CMSIS Pack Vendor :STMicroelectronics X-CUBE-NFC10 1.0.0
2025-11-20 14:14:24,728 [INFO] ThirdParty:1030 - CMSIS Pack Vendor :STMicroelectronics X-CUBE-FREERTOS 1.3.1
2025-11-20 14:14:24,728 [INFO] ThirdParty:1030 - CMSIS Pack Vendor :STMicroelectronics HAL Drivers 0.0.0
2025-11-20 14:14:24,728 [INFO] ThirdParty:1030 - CMSIS Pack Vendor :STMicroelectronics MBEDTLS 2.16.2
2025-11-20 14:14:24,728 [INFO] ThirdParty:1030 - CMSIS Pack Vendor :STMicroelectronics X-CUBE-ST60 1.1.0
2025-11-20 14:14:24,728 [INFO] ThirdParty:1030 - CMSIS Pack Vendor :STMicroelectronics X-CUBE-ALS 1.0.2
2025-11-20 14:14:24,728 [INFO] ThirdParty:1030 - CMSIS Pack Vendor :emotas I-CUBE-CANOPEN 1.3.0
2025-11-20 14:14:24,728 [INFO] ThirdParty:1030 - CMSIS Pack Vendor :STMicroelectronics MBEDTLS 2.14.1
2025-11-20 14:14:24,728 [INFO] ThirdParty:1030 - CMSIS Pack Vendor :STMicroelectronics X-CUBE-GNSS1 7.1.0
2025-11-20 14:14:24,729 [INFO] ThirdParty:1030 - CMSIS Pack Vendor :ITTIA_DB I-CUBE-ITTIADB 8.9.0
2025-11-20 14:14:24,729 [INFO] ThirdParty:1030 - CMSIS Pack Vendor :STMicroelectronics X-CUBE-TOUCHGFX 4.26.0
2025-11-20 14:14:24,729 [INFO] ThirdParty:1030 - CMSIS Pack Vendor :STMicroelectronics X-CUBE-STSE01 1.0.0
2025-11-20 14:14:24,729 [INFO] ThirdParty:1030 - CMSIS Pack Vendor :STMicroelectronics FP-SNS-STBOX1 2.1.0
2025-11-20 14:14:24,729 [INFO] ThirdParty:1030 - CMSIS Pack Vendor :STMicroelectronics X-CUBE-AI 10.2.0
2025-11-20 14:14:24,729 [INFO] ThirdParty:1030 - CMSIS Pack Vendor :STMicroelectronics FP-SNS-STAIOTCFT 1.0.0
2025-11-20 14:14:24,729 [INFO] ThirdParty:1030 - CMSIS Pack Vendor :STMicroelectronics ThreadX 1.0.0
2025-11-20 14:14:24,729 [INFO] ThirdParty:1030 - CMSIS Pack Vendor :STMicroelectronics FP-SNS-SMARTAG2 1.2.0
2025-11-20 14:14:24,729 [INFO] ThirdParty:1030 - CMSIS Pack Vendor :STMicroelectronics FP-SNS-FLIGHT1 5.1.0
2025-11-20 14:14:24,729 [INFO] ThirdParty:1030 - CMSIS Pack Vendor :STMicroelectronics X-CUBE-AZRTOS-WL 2.0.0
2025-11-20 14:14:24,729 [INFO] ThirdParty:1030 - CMSIS Pack Vendor :SEGGER I-CUBE-embOS 1.3.1
2025-11-20 14:14:24,729 [INFO] ThirdParty:1030 - CMSIS Pack Vendor :STMicroelectronics X-CUBE-ALGOBUILD 1.4.0
2025-11-20 14:14:24,729 [INFO] ThirdParty:1030 - CMSIS Pack Vendor :STMicroelectronics X-CUBE-DPower 1.3.0
2025-11-20 14:14:24,729 [INFO] ThirdParty:1030 - CMSIS Pack Vendor :STMicroelectronics X-CUBE-MEMS1 11.3.0
2025-11-20 14:14:24,729 [INFO] ThirdParty:1030 - CMSIS Pack Vendor :STMicroelectronics FP-SNS-MOTENV1 5.0.0
2025-11-20 14:14:24,729 [INFO] ThirdParty:1030 - CMSIS Pack Vendor :STMicroelectronics USB_DEVICE 1.0.0
2025-11-20 14:14:24,729 [INFO] ThirdParty:1030 - CMSIS Pack Vendor :STMicroelectronics X-CUBE-AZRTOS-L4 2.0.0
2025-11-20 14:14:24,729 [INFO] ThirdParty:1030 - CMSIS Pack Vendor :STMicroelectronics ThreadX 0.0.2
2025-11-20 14:14:24,729 [INFO] ThirdParty:1030 - CMSIS Pack Vendor :STMicroelectronics lwIP 2.1.2
2025-11-20 14:14:24,729 [INFO] ThirdParty:1030 - CMSIS Pack Vendor :STMicroelectronics X-CUBE-SFXS2LP1 4.0.0
2025-11-20 14:14:24,729 [INFO] ThirdParty:1030 - CMSIS Pack Vendor :STMicroelectronics X-CUBE-BLE2 3.3.0
2025-11-20 14:14:24,729 [INFO] ThirdParty:1030 - CMSIS Pack Vendor :Avnet-IOTCONNECT X-CUBE-iotc-st67-sdk 1.0.0
2025-11-20 14:14:24,729 [INFO] ThirdParty:1030 - CMSIS Pack Vendor :STMicroelectronics X-CUBE-TOF1 3.4.3
2025-11-20 14:14:24,729 [INFO] ThirdParty:1030 - CMSIS Pack Vendor :STMicroelectronics PDM2PCM 3.2.0
2025-11-20 14:14:24,729 [INFO] ThirdParty:841 - exiting critical section [change project]
2025-11-20 14:14:25,136 [INFO] PinOutPanel:1589 - setPackage(No Configuration,No Configuration)
2025-11-20 14:14:25,138 [INFO] PinOutPanel:1589 - setPackage(STM32G474RETx,LQFP64)
2025-11-20 14:14:25,521 [INFO] UtilMem:75 - Before build in PCC Used Memory: 689593560 Bytes (1073741824)
2025-11-20 14:14:26,363 [INFO] UtilMem:75 - After build in PCC Used Memory: 673793240 Bytes (1073741824)
2025-11-20 14:14:26,425 [INFO] ApiDbMcu:532 - Load IP Config File for FREERTOS
2025-11-20 14:14:26,452 [INFO] IPUIPlugin:80 - create IPUIPlugin
2025-11-20 14:14:26,452 [INFO] IPUIPlugin:80 - create IPUIPlugin
2025-11-20 14:14:26,452 [INFO] IPUIPlugin:80 - create IPUIPlugin
2025-11-20 14:14:26,452 [INFO] IPUIPlugin:80 - create IPUIPlugin
2025-11-20 14:14:26,452 [INFO] IPUIPlugin:80 - create IPUIPlugin
2025-11-20 14:14:26,452 [INFO] IPUIPlugin:80 - create IPUIPlugin
2025-11-20 14:14:26,452 [INFO] IPUIPlugin:80 - create IPUIPlugin
2025-11-20 14:14:26,452 [INFO] IPUIPlugin:80 - create IPUIPlugin
2025-11-20 14:14:26,452 [INFO] IPUIPlugin:80 - create IPUIPlugin
2025-11-20 14:14:26,452 [INFO] IPUIPlugin:80 - create IPUIPlugin
2025-11-20 14:14:26,453 [INFO] IPUIPlugin:80 - create IPUIPlugin
2025-11-20 14:14:26,453 [INFO] IPUIPlugin:80 - create IPUIPlugin
2025-11-20 14:14:26,453 [INFO] IPUIPlugin:80 - create IPUIPlugin
2025-11-20 14:14:26,453 [INFO] IPUIPlugin:80 - create IPUIPlugin
2025-11-20 14:14:26,454 [INFO] IPUIPlugin:80 - create IPUIPlugin
2025-11-20 14:14:26,454 [INFO] IPUIPlugin:80 - create IPUIPlugin
2025-11-20 14:14:26,454 [INFO] IPUIPlugin:80 - create IPUIPlugin
2025-11-20 14:14:26,454 [INFO] IPUIPlugin:80 - create IPUIPlugin
2025-11-20 14:14:26,454 [INFO] IPUIPlugin:80 - create IPUIPlugin
2025-11-20 14:14:26,454 [INFO] IPUIPlugin:80 - create IPUIPlugin
2025-11-20 14:14:26,455 [INFO] IPUIPlugin:80 - create IPUIPlugin
2025-11-20 14:14:26,455 [INFO] IPUIPlugin:80 - create IPUIPlugin
2025-11-20 14:14:26,455 [INFO] IPUIPlugin:80 - create IPUIPlugin
2025-11-20 14:14:26,455 [INFO] IPUIPlugin:80 - create IPUIPlugin
2025-11-20 14:14:26,455 [INFO] IPUIPlugin:80 - create IPUIPlugin
2025-11-20 14:14:26,455 [INFO] IPUIPlugin:80 - create IPUIPlugin
2025-11-20 14:14:26,455 [INFO] IPUIPlugin:80 - create IPUIPlugin
2025-11-20 14:14:26,455 [INFO] IPUIPlugin:80 - create IPUIPlugin
2025-11-20 14:14:26,455 [INFO] IPUIPlugin:80 - create IPUIPlugin
2025-11-20 14:14:26,455 [INFO] IPUIPlugin:80 - create IPUIPlugin
2025-11-20 14:14:26,455 [INFO] IPUIPlugin:80 - create IPUIPlugin
2025-11-20 14:14:26,455 [INFO] IPUIPlugin:80 - create IPUIPlugin
2025-11-20 14:14:26,455 [INFO] IPUIPlugin:80 - create IPUIPlugin
2025-11-20 14:14:26,456 [INFO] IPUIPlugin:80 - create IPUIPlugin
2025-11-20 14:14:26,456 [INFO] IPUIPlugin:80 - create IPUIPlugin
2025-11-20 14:14:26,456 [INFO] IPUIPlugin:80 - create IPUIPlugin
2025-11-20 14:14:26,456 [INFO] IPUIPlugin:80 - create IPUIPlugin
2025-11-20 14:14:26,456 [INFO] IPUIPlugin:80 - create IPUIPlugin
2025-11-20 14:14:26,456 [INFO] IPUIPlugin:80 - create IPUIPlugin
2025-11-20 14:14:26,456 [INFO] IPUIPlugin:80 - create IPUIPlugin
2025-11-20 14:14:26,456 [INFO] IPUIPlugin:80 - create IPUIPlugin
2025-11-20 14:14:26,457 [INFO] IPUIPlugin:80 - create IPUIPlugin
2025-11-20 14:14:26,457 [INFO] IPUIPlugin:80 - create IPUIPlugin
2025-11-20 14:14:26,457 [INFO] IPUIPlugin:80 - create IPUIPlugin
2025-11-20 14:14:26,457 [INFO] IPUIPlugin:80 - create IPUIPlugin
2025-11-20 14:14:26,457 [INFO] IPUIPlugin:80 - create IPUIPlugin
2025-11-20 14:14:26,457 [INFO] IPUIPlugin:80 - create IPUIPlugin
2025-11-20 14:14:26,457 [INFO] IPUIPlugin:80 - create IPUIPlugin
2025-11-20 14:14:26,457 [INFO] IPUIPlugin:80 - create IPUIPlugin
2025-11-20 14:14:26,458 [INFO] IPUIPlugin:80 - create IPUIPlugin
2025-11-20 14:14:26,458 [INFO] IPUIPlugin:80 - create IPUIPlugin
2025-11-20 14:14:26,458 [INFO] IPUIPlugin:80 - create IPUIPlugin
2025-11-20 14:14:26,458 [INFO] IPUIPlugin:80 - create IPUIPlugin
2025-11-20 14:14:26,458 [INFO] IPUIPlugin:80 - create IPUIPlugin
2025-11-20 14:14:26,458 [INFO] IPUIPlugin:80 - create IPUIPlugin
2025-11-20 14:14:26,458 [INFO] IPUIPlugin:80 - create IPUIPlugin
2025-11-20 14:14:26,459 [INFO] IPUIPlugin:80 - create IPUIPlugin
2025-11-20 14:14:26,459 [INFO] IPUIPlugin:80 - create IPUIPlugin
2025-11-20 14:14:26,459 [INFO] IPUIPlugin:80 - create IPUIPlugin
2025-11-20 14:14:26,459 [INFO] IPUIPlugin:80 - create IPUIPlugin
2025-11-20 14:14:26,460 [INFO] IPUIPlugin:80 - create IPUIPlugin
2025-11-20 14:14:26,460 [INFO] IPUIPlugin:80 - create IPUIPlugin
2025-11-20 14:14:26,460 [INFO] IPUIPlugin:80 - create IPUIPlugin
2025-11-20 14:14:26,460 [INFO] IPUIPlugin:80 - create IPUIPlugin
2025-11-20 14:14:26,461 [INFO] IPUIPlugin:80 - create IPUIPlugin
2025-11-20 14:14:26,461 [INFO] IPUIPlugin:80 - create IPUIPlugin
2025-11-20 14:14:26,461 [INFO] IPUIPlugin:80 - create IPUIPlugin
2025-11-20 14:14:26,461 [INFO] IPUIPlugin:80 - create IPUIPlugin
2025-11-20 14:14:26,461 [INFO] IPUIPlugin:80 - create IPUIPlugin
2025-11-20 14:14:26,462 [INFO] IPUIPlugin:80 - create IPUIPlugin
2025-11-20 14:14:26,462 [INFO] IPUIPlugin:80 - create IPUIPlugin
2025-11-20 14:14:26,462 [INFO] IPUIPlugin:80 - create IPUIPlugin
2025-11-20 14:14:26,462 [INFO] IPUIPlugin:80 - create IPUIPlugin
2025-11-20 14:14:26,462 [INFO] IPUIPlugin:80 - create IPUIPlugin
2025-11-20 14:14:26,462 [INFO] IPUIPlugin:80 - create IPUIPlugin
2025-11-20 14:14:26,463 [INFO] IPUIPlugin:80 - create IPUIPlugin
2025-11-20 14:14:26,463 [INFO] IPUIPlugin:80 - create IPUIPlugin
2025-11-20 14:14:26,463 [INFO] IPUIPlugin:80 - create IPUIPlugin
2025-11-20 14:14:26,521 [WARN] FreeRTOS:1023 - Null or empty value: should not occur! (nothing added to the table)
2025-11-20 14:14:26,739 [INFO] CADModel:165 - CPN selected for project levelSTM32G474RET6
2025-11-20 14:14:26,740 [INFO] CADModel:114 - Register for checkConnection events
2025-11-20 14:14:26,741 [INFO] RtosManager:728 - Active RTOS found at IOC load: FREERTOS [Cortex-M4NS]
2025-11-20 14:14:26,784 [INFO] OpenFileManager:386 - Restore cursor
2025-11-20 14:21:07,775 [INFO] MainUpdater:2872 - connection check result : 10
2025-11-20 14:21:07,775 [INFO] MainUpdater:2872 - connection check result : 10
2025-11-20 14:21:08,325 [INFO] MicroXplorer:468 - Change Database Path : 
2025-11-20 14:21:08,325 [INFO] MicroXplorer:498 - Change Database Version : DB.6.0.150
2025-11-20 14:21:08,329 [ERROR] ProjectManagerView:395 - 
java.lang.NullPointerException: Cannot invoke "javax.swing.JTextField.getText()" because the return value of "java.util.List.get(int)" is null
	at com.st.microxplorer.plugins.projectmanager.gui.ProjectChoiceTab$9.caretUpdate(ProjectChoiceTab.java:2706) ~[filemanager.jar:?]
	at javax.swing.text.JTextComponent.fireCaretUpdate(JTextComponent.java:408) ~[?:?]
	at javax.swing.text.JTextComponent$MutableCaretEvent.fire(JTextComponent.java:4484) ~[?:?]
	at javax.swing.text.JTextComponent$MutableCaretEvent.stateChanged(JTextComponent.java:4506) ~[?:?]
	at javax.swing.text.DefaultCaret.fireStateChanged(DefaultCaret.java:857) ~[?:?]
	at javax.swing.text.DefaultCaret.changeCaretPosition(DefaultCaret.java:1343) ~[?:?]
	at javax.swing.text.DefaultCaret.handleSetDot(DefaultCaret.java:1242) ~[?:?]
	at javax.swing.text.DefaultCaret.setDot(DefaultCaret.java:1223) ~[?:?]
	at javax.swing.text.DefaultCaret$Handler.insertUpdate(DefaultCaret.java:1819) ~[?:?]
	at javax.swing.text.AbstractDocument.fireInsertUpdate(AbstractDocument.java:227) ~[?:?]
	at javax.swing.text.AbstractDocument.handleInsertString(AbstractDocument.java:781) ~[?:?]
	at javax.swing.text.AbstractDocument.insertString(AbstractDocument.java:740) ~[?:?]
	at javax.swing.text.PlainDocument.insertString(PlainDocument.java:131) ~[?:?]
	at javax.swing.text.AbstractDocument.replace(AbstractDocument.java:699) ~[?:?]
	at javax.swing.text.JTextComponent.setText(JTextComponent.java:1725) ~[?:?]
	at com.st.microxplorer.plugins.projectmanager.gui.ProjectChoiceTab.createHeapStackFields(ProjectChoiceTab.java:993) ~[filemanager.jar:?]
	at com.st.microxplorer.plugins.projectmanager.gui.ProjectChoiceTab.buildLinkSettingsPanel(ProjectChoiceTab.java:3813) ~[filemanager.jar:?]
	at com.st.microxplorer.plugins.projectmanager.gui.ProjectChoiceTab.defineWindowsFields(ProjectChoiceTab.java:1987) ~[filemanager.jar:?]
	at com.st.microxplorer.plugins.projectmanager.gui.ProjectChoiceTab.updateSettings(ProjectChoiceTab.java:558) ~[filemanager.jar:?]
	at com.st.microxplorer.plugins.projectmanager.gui.ProjectSettingsPanel.UpdateDialog(ProjectSettingsPanel.java:247) ~[filemanager.jar:?]
	at com.st.microxplorer.plugins.projectmanager.ProjectManagerView.propertyChange(ProjectManagerView.java:392) ~[filemanager.jar:?]
	at java.beans.PropertyChangeSupport.fire(PropertyChangeSupport.java:343) ~[?:?]
	at java.beans.PropertyChangeSupport.firePropertyChange(PropertyChangeSupport.java:335) ~[?:?]
	at java.beans.PropertyChangeSupport.firePropertyChange(PropertyChangeSupport.java:268) ~[?:?]
	at com.st.microxplorer.util.MXPropertyChangeSupport.firePropertyChange(MXPropertyChangeSupport.java:54) ~[STM32CubeMX.jar:?]
	at com.st.microxplorer.mxsystem.MxSystem.closeConfig(MxSystem.java:899) ~[STM32CubeMX.jar:?]
	at com.st.microxplorer.maingui.MainPanel.closeConfig(MainPanel.java:792) ~[STM32CubeMX.jar:?]
	at com.st.microxplorer.plugins.filemanager.engine.OpenFileManager.loadConfigurationFile(OpenFileManager.java:288) ~[filemanager.jar:?]
	at com.st.microxplorer.plugins.filemanager.engine.MainFileManager.userLoadConfig(MainFileManager.java:364) ~[filemanager.jar:?]
	at com.st.microxplorer.plugins.filemanager.engine.MainFileManager.userLoadConfig(MainFileManager.java:342) ~[filemanager.jar:?]
	at com.st.microxplorer.plugins.filemanager.FileManagerView.getSpecificTask(FileManagerView.java:264) ~[filemanager.jar:?]
	at com.st.stm32cube.common.mx.editor.CubeMxEditor.getMxTabbedPaneInstance(CubeMxEditor.java:1198) ~[com.st.stm32cube.common.mx_6.15.0.202507011659/:?]
	at com.st.stm32cube.common.mx.editor.CubeMxEditor$12$1.createSwingComponent(CubeMxEditor.java:1068) ~[com.st.stm32cube.common.mx_6.15.0.202507011659/:?]
	at com.st.stm32cube.common.mx.oss.core.awtswtbridge.EmbeddedSwingComposite.doComponentCreation(EmbeddedSwingComposite.java:492) ~[com.st.stm32cube.common.mx.oss_6.15.0.202507011659/:?]
	at com.st.stm32cube.common.mx.oss.core.awtswtbridge.EmbeddedSwingComposite$4.run(EmbeddedSwingComposite.java:291) ~[com.st.stm32cube.common.mx.oss_6.15.0.202507011659/:?]
	at com.st.stm32cube.common.mx.oss.core.awtswtbridge.AwtEnvironment$2.run(AwtEnvironment.java:166) ~[com.st.stm32cube.common.mx.oss_6.15.0.202507011659/:?]
	at java.awt.event.InvocationEvent.dispatch(InvocationEvent.java:318) ~[?:?]
	at java.awt.EventQueue.dispatchEventImpl(EventQueue.java:773) ~[?:?]
	at java.awt.EventQueue$4.run(EventQueue.java:720) ~[?:?]
	at java.awt.EventQueue$4.run(EventQueue.java:714) ~[?:?]
	at java.security.AccessController.doPrivileged(AccessController.java:400) ~[?:?]
	at java.security.ProtectionDomain$JavaSecurityAccessImpl.doIntersectionPrivilege(ProtectionDomain.java:87) ~[?:?]
	at java.awt.EventQueue.dispatchEvent(EventQueue.java:742) ~[?:?]
	at java.awt.EventDispatchThread.pumpOneEventForFilters(EventDispatchThread.java:203) ~[?:?]
	at java.awt.EventDispatchThread.pumpEventsForFilter(EventDispatchThread.java:124) ~[?:?]
	at java.awt.EventDispatchThread.pumpEventsForHierarchy(EventDispatchThread.java:113) ~[?:?]
	at java.awt.EventDispatchThread.pumpEvents(EventDispatchThread.java:109) ~[?:?]
	at java.awt.EventDispatchThread.pumpEvents(EventDispatchThread.java:101) ~[?:?]
	at java.awt.EventDispatchThread.run(EventDispatchThread.java:90) ~[?:?]
2025-11-20 14:21:08,339 [WARN] ThirdParty:871 - waiting for thirdparty lock release [close project]
2025-11-20 14:21:08,339 [INFO] ThirdParty:873 - entering critical section [close project]
2025-11-20 14:21:08,339 [INFO] ThirdParty:883 - exiting critical section [close project]
2025-11-20 14:21:08,341 [INFO] PinOutPanel:1589 - setPackage(No Configuration,No Configuration)
2025-11-20 14:21:08,367 [INFO] UtilMem:75 - Begin LoadConfig() Used Memory: 516845760 Bytes (1073741824)
2025-11-20 14:21:08,368 [INFO] MicroXplorer:468 - Change Database Path : 
2025-11-20 14:21:08,368 [INFO] MicroXplorer:498 - Change Database Version : DB.6.0.150
2025-11-20 14:21:08,368 [INFO] OpenFileManager:355 - Change cursor
2025-11-20 14:21:08,372 [INFO] Mcu:2029 - Initializing MCU STM32G474R(B-C-E)Tx STM32G474RETx STM32G474RET6
2025-11-20 14:21:10,083 [INFO] Context:786 - Trying to add GPIOservice into a context  which must be forbidden
2025-11-20 14:21:10,923 [INFO] ApiDbMcu:532 - Load IP Config File for NUCLEO-G474RE
2025-11-20 14:21:10,973 [INFO] ImportTextPane:234 - (OptionalMessage_ERROR) Pin14 (VP_RIF_VS_RIF1) cannot be retrieved for this MCU
2025-11-20 14:21:11,021 [INFO] RtosManager:558 - Registered RTOS mode: class=CMSIS, group=RTOS, mode=CMSIS_V1, owner=FREERTOS
2025-11-20 14:21:11,021 [INFO] RtosManager:558 - Registered RTOS mode: class=CMSIS, group=RTOS2, mode=CMSIS_V2, owner=FREERTOS
2025-11-20 14:21:11,021 [INFO] RtosManager:558 - Registered RTOS mode: class=RTOS, group=Core, mode=CMSIS_V1, owner=FREERTOS
2025-11-20 14:21:11,021 [INFO] RtosManager:558 - Registered RTOS mode: class=RTOS, group=Core, mode=CMSIS_V2, owner=FREERTOS
2025-11-20 14:21:11,021 [WARN] ModelIntegratedComponent:184 - Missing modes for component STMicroelectronics:FreeRTOS:0.0.1:STMicroelectronics:RTOS:FreeRTOS:Core:::10.2.0:
2025-11-20 14:21:11,031 [WARN] ModelIntegratedComponent:63 - No mode defined for component null
2025-11-20 14:21:11,031 [WARN] ModelIntegratedComponent:63 - No mode defined for component null
2025-11-20 14:21:11,031 [WARN] ModelIntegratedComponent:63 - No mode defined for component null
2025-11-20 14:21:11,031 [WARN] ModelIntegratedComponent:63 - No mode defined for component null
2025-11-20 14:21:11,031 [WARN] ModelIntegratedComponent:63 - No mode defined for component null
2025-11-20 14:21:11,031 [WARN] ModelIntegratedComponent:63 - No mode defined for component null
2025-11-20 14:21:11,031 [WARN] ModelIntegratedComponent:63 - No mode defined for component null
2025-11-20 14:21:11,031 [WARN] ModelIntegratedComponent:63 - No mode defined for component null
2025-11-20 14:21:11,031 [WARN] ModelIntegratedComponent:63 - No mode defined for component null
2025-11-20 14:21:11,031 [WARN] ModelIntegratedComponent:63 - No mode defined for component null
2025-11-20 14:21:11,031 [WARN] ModelIntegratedComponent:63 - No mode defined for component null
2025-11-20 14:21:11,031 [WARN] ModelIntegratedComponent:63 - No mode defined for component null
2025-11-20 14:21:11,031 [WARN] ModelIntegratedComponent:63 - No mode defined for component null
2025-11-20 14:21:11,031 [WARN] ModelIntegratedComponent:63 - No mode defined for component null
2025-11-20 14:21:11,031 [WARN] ModelIntegratedComponent:63 - No mode defined for component null
2025-11-20 14:21:11,031 [WARN] ModelIntegratedComponent:63 - No mode defined for component null
2025-11-20 14:21:11,031 [WARN] ModelIntegratedComponent:63 - No mode defined for component null
2025-11-20 14:21:11,031 [WARN] ModelIntegratedComponent:63 - No mode defined for component null
2025-11-20 14:21:11,031 [WARN] ModelIntegratedComponent:63 - No mode defined for component null
2025-11-20 14:21:11,032 [WARN] ModelIntegratedComponent:63 - No mode defined for component null
2025-11-20 14:21:11,032 [WARN] ModelIntegratedComponent:63 - No mode defined for component null
2025-11-20 14:21:11,032 [WARN] ModelIntegratedComponent:63 - No mode defined for component null
2025-11-20 14:21:11,032 [WARN] ModelIntegratedComponent:63 - No mode defined for component null
2025-11-20 14:21:11,032 [WARN] ModelIntegratedComponent:63 - No mode defined for component null
2025-11-20 14:21:11,032 [WARN] ModelIntegratedComponent:63 - No mode defined for component null
2025-11-20 14:21:11,032 [WARN] ModelIntegratedComponent:63 - No mode defined for component null
2025-11-20 14:21:11,032 [WARN] ModelIntegratedComponent:63 - No mode defined for component null
2025-11-20 14:21:11,032 [WARN] ModelIntegratedComponent:63 - No mode defined for component null
2025-11-20 14:21:11,032 [WARN] ModelIntegratedComponent:63 - No mode defined for component null
2025-11-20 14:21:11,032 [WARN] ModelIntegratedComponent:63 - No mode defined for component null
2025-11-20 14:21:11,032 [WARN] ModelIntegratedComponent:63 - No mode defined for component null
2025-11-20 14:21:11,032 [WARN] ModelIntegratedComponent:63 - No mode defined for component null
2025-11-20 14:21:11,032 [WARN] ModelIntegratedComponent:63 - No mode defined for component null
2025-11-20 14:21:11,032 [WARN] ModelIntegratedComponent:63 - No mode defined for component null
2025-11-20 14:21:11,032 [WARN] ModelIntegratedComponent:63 - No mode defined for component null
2025-11-20 14:21:11,032 [WARN] ModelPack:524 - Component already loaded: STMicroelectronics:HAL Drivers:0.0.0:STMicroelectronics:Device:STMicro_Driver:XSPI:HAL::0.0.1:HAL_XSPI
2025-11-20 14:21:11,093 [INFO] ThirdPartyModel:298 - Start build external matchings
2025-11-20 14:21:11,285 [INFO] ThirdPartyModel:316 - End build external matchings
2025-11-20 14:21:11,294 [INFO] RtosManager:1018 - Current active RTOS is FREERTOS [Cortex-M4NS]
2025-11-20 14:21:11,300 [INFO] ImportTextPane:234 - (OptionalMessage_ERROR) IP (DMA) : Parameter (Instance) has Id (LPUART1_RX) currently not set
2025-11-20 14:21:11,300 [INFO] ImportTextPane:234 - (OptionalMessage_ERROR) IP (DMA) : Parameter (Request) has Id (LPUART1_RX) currently not set
2025-11-20 14:21:11,300 [INFO] ImportTextPane:234 - (OptionalMessage_ERROR) IP (DMA) : Parameter (Direction) has Id (LPUART1_RX) currently not set
2025-11-20 14:21:11,300 [INFO] ImportTextPane:234 - (OptionalMessage_ERROR) IP (DMA) : Parameter (PeriphInc) has Id (LPUART1_RX) currently not set
2025-11-20 14:21:11,300 [INFO] ImportTextPane:234 - (OptionalMessage_ERROR) IP (DMA) : Parameter (MemInc) has Id (LPUART1_RX) currently not set
2025-11-20 14:21:11,300 [INFO] ImportTextPane:234 - (OptionalMessage_ERROR) IP (DMA) : Parameter (PeriphDataAlignment) has Id (LPUART1_RX) currently not set
2025-11-20 14:21:11,301 [INFO] ImportTextPane:234 - (OptionalMessage_ERROR) IP (DMA) : Parameter (MemDataAlignment) has Id (LPUART1_RX) currently not set
2025-11-20 14:21:11,301 [INFO] ImportTextPane:234 - (OptionalMessage_ERROR) IP (DMA) : Parameter (Mode) has Id (LPUART1_RX) currently not set
2025-11-20 14:21:11,301 [INFO] ImportTextPane:234 - (OptionalMessage_ERROR) IP (DMA) : Parameter (Priority) has Id (LPUART1_RX) currently not set
2025-11-20 14:21:11,301 [INFO] ImportTextPane:234 - (OptionalMessage_ERROR) IP (DMA) : Parameter (SignalID) has Id (LPUART1_RX) currently not set
2025-11-20 14:21:11,301 [INFO] ImportTextPane:234 - (OptionalMessage_ERROR) IP (DMA) : Parameter (Polarity) has Id (LPUART1_RX) currently not set
2025-11-20 14:21:11,301 [INFO] ImportTextPane:234 - (OptionalMessage_ERROR) IP (DMA) : Parameter (RequestNumber) has Id (LPUART1_RX) currently not set
2025-11-20 14:21:11,301 [INFO] ImportTextPane:234 - (OptionalMessage_ERROR) IP (DMA) : Parameter (SyncSignalID) has Id (LPUART1_RX) currently not set
2025-11-20 14:21:11,301 [INFO] ImportTextPane:234 - (OptionalMessage_ERROR) IP (DMA) : Parameter (SyncPolarity) has Id (LPUART1_RX) currently not set
2025-11-20 14:21:11,301 [INFO] ImportTextPane:234 - (OptionalMessage_ERROR) IP (DMA) : Parameter (SyncEnable) has Id (LPUART1_RX) currently not set
2025-11-20 14:21:11,301 [INFO] ImportTextPane:234 - (OptionalMessage_ERROR) IP (DMA) : Parameter (EventEnable) has Id (LPUART1_RX) currently not set
2025-11-20 14:21:11,301 [INFO] ImportTextPane:234 - (OptionalMessage_ERROR) IP (DMA) : Parameter (SyncRequestNumber) has Id (LPUART1_RX) currently not set
2025-11-20 14:21:11,301 [INFO] ImportTextPane:234 - (OptionalMessage_ERROR) IP (DMA) : Parameter (Instance) has Id (LPUART1_TX) currently not set
2025-11-20 14:21:11,301 [INFO] ImportTextPane:234 - (OptionalMessage_ERROR) IP (DMA) : Parameter (Request) has Id (LPUART1_TX) currently not set
2025-11-20 14:21:11,301 [INFO] ImportTextPane:234 - (OptionalMessage_ERROR) IP (DMA) : Parameter (Direction) has Id (LPUART1_TX) currently not set
2025-11-20 14:21:11,301 [INFO] ImportTextPane:234 - (OptionalMessage_ERROR) IP (DMA) : Parameter (PeriphInc) has Id (LPUART1_TX) currently not set
2025-11-20 14:21:11,301 [INFO] ImportTextPane:234 - (OptionalMessage_ERROR) IP (DMA) : Parameter (MemInc) has Id (LPUART1_TX) currently not set
2025-11-20 14:21:11,301 [INFO] ImportTextPane:234 - (OptionalMessage_ERROR) IP (DMA) : Parameter (PeriphDataAlignment) has Id (LPUART1_TX) currently not set
2025-11-20 14:21:11,301 [INFO] ImportTextPane:234 - (OptionalMessage_ERROR) IP (DMA) : Parameter (MemDataAlignment) has Id (LPUART1_TX) currently not set
2025-11-20 14:21:11,301 [INFO] ImportTextPane:234 - (OptionalMessage_ERROR) IP (DMA) : Parameter (Mode) has Id (LPUART1_TX) currently not set
2025-11-20 14:21:11,301 [INFO] ImportTextPane:234 - (OptionalMessage_ERROR) IP (DMA) : Parameter (Priority) has Id (LPUART1_TX) currently not set
2025-11-20 14:21:11,301 [INFO] ImportTextPane:234 - (OptionalMessage_ERROR) IP (DMA) : Parameter (SignalID) has Id (LPUART1_TX) currently not set
2025-11-20 14:21:11,301 [INFO] ImportTextPane:234 - (OptionalMessage_ERROR) IP (DMA) : Parameter (Polarity) has Id (LPUART1_TX) currently not set
2025-11-20 14:21:11,301 [INFO] ImportTextPane:234 - (OptionalMessage_ERROR) IP (DMA) : Parameter (RequestNumber) has Id (LPUART1_TX) currently not set
2025-11-20 14:21:11,301 [INFO] ImportTextPane:234 - (OptionalMessage_ERROR) IP (DMA) : Parameter (SyncSignalID) has Id (LPUART1_TX) currently not set
2025-11-20 14:21:11,301 [INFO] ImportTextPane:234 - (OptionalMessage_ERROR) IP (DMA) : Parameter (SyncPolarity) has Id (LPUART1_TX) currently not set
2025-11-20 14:21:11,301 [INFO] ImportTextPane:234 - (OptionalMessage_ERROR) IP (DMA) : Parameter (SyncEnable) has Id (LPUART1_TX) currently not set
2025-11-20 14:21:11,301 [INFO] ImportTextPane:234 - (OptionalMessage_ERROR) IP (DMA) : Parameter (EventEnable) has Id (LPUART1_TX) currently not set
2025-11-20 14:21:11,301 [INFO] ImportTextPane:234 - (OptionalMessage_ERROR) IP (DMA) : Parameter (SyncRequestNumber) has Id (LPUART1_TX) currently not set
2025-11-20 14:21:11,570 [INFO] UtilMem:75 - End LoadConfig() Used Memory: 331736688 Bytes (1073741824)
2025-11-20 14:21:11,577 [WARN] ThirdParty:833 - waiting for thirdparty lock release [change project]
2025-11-20 14:21:11,578 [INFO] ThirdParty:835 - entering critical section [change project]
2025-11-20 14:21:11,578 [INFO] ThirdParty:1030 - CMSIS Pack Vendor :STMicroelectronics X-CUBE-PM33A1 1.0.0
2025-11-20 14:21:11,578 [INFO] ThirdParty:1030 - CMSIS Pack Vendor :STMicroelectronics USBPD 4.1
2025-11-20 14:21:11,578 [INFO] ThirdParty:1030 - CMSIS Pack Vendor :STMicroelectronics X-CUBE-NFC9 1.0.0
2025-11-20 14:21:11,578 [INFO] ThirdParty:1030 - CMSIS Pack Vendor :STMicroelectronics USB_HOST 2.0.0
2025-11-20 14:21:11,578 [INFO] ThirdParty:1030 - CMSIS Pack Vendor :STMicroelectronics FP-SNS-MOTENVWB1 1.4.0
2025-11-20 14:21:11,578 [INFO] ThirdParty:1030 - CMSIS Pack Vendor :STMicroelectronics X-CUBE-AZRTOS-F4 1.1.0
2025-11-20 14:21:11,578 [INFO] ThirdParty:1030 - CMSIS Pack Vendor :STMicroelectronics LIBJPEG 8.0.0
2025-11-20 14:21:11,578 [INFO] ThirdParty:1030 - CMSIS Pack Vendor :STMicroelectronics FP-ATR-ASTRA1 2.0.2
2025-11-20 14:21:11,578 [INFO] ThirdParty:1030 - CMSIS Pack Vendor :wolfSSL I-CUBE-wolfSSL 5.8.2
2025-11-20 14:21:11,578 [INFO] ThirdParty:1030 - CMSIS Pack Vendor :STMicroelectronics X-CUBE-BLE1 7.1.0
2025-11-20 14:21:11,578 [INFO] ThirdParty:1030 - CMSIS Pack Vendor :STMicroelectronics X-CUBE-SMBUS 2.1.0
2025-11-20 14:21:11,578 [INFO] ThirdParty:1030 - CMSIS Pack Vendor :wolfSSL I-CUBE-wolfMQTT 1.19.2
2025-11-20 14:21:11,578 [INFO] ThirdParty:1030 - CMSIS Pack Vendor :STMicroelectronics USB_DEVICE 3.0.0
2025-11-20 14:21:11,578 [INFO] ThirdParty:1030 - CMSIS Pack Vendor :STMicroelectronics X-CUBE-ISPU 2.1.0
2025-11-20 14:21:11,578 [INFO] ThirdParty:1030 - CMSIS Pack Vendor :STMicroelectronics X-CUBE-EEPRMA1 5.2.0
2025-11-20 14:21:11,578 [INFO] ThirdParty:1030 - CMSIS Pack Vendor :STMicroelectronics X-CUBE-IPS 3.2.0
2025-11-20 14:21:11,578 [INFO] ThirdParty:1030 - CMSIS Pack Vendor :STMicroelectronics X-CUBE-BLEMGR 4.1.0
2025-11-20 14:21:11,578 [INFO] ThirdParty:1030 - CMSIS Pack Vendor :STMicroelectronics X-CUBE-AZRTOS-WB 2.0.0
2025-11-20 14:21:11,578 [INFO] ThirdParty:1030 - CMSIS Pack Vendor :STMicroelectronics X-CUBE-ST60 1.0.0
2025-11-20 14:21:11,578 [INFO] ThirdParty:1030 - CMSIS Pack Vendor :STMicroelectronics X-CUBE-GNSS1 7.0.1
2025-11-20 14:21:11,578 [INFO] ThirdParty:1030 - CMSIS Pack Vendor :STMicroelectronics X-CUBE-NFC12 1.0.0
2025-11-20 14:21:11,578 [INFO] ThirdParty:1030 - CMSIS Pack Vendor :STMicroelectronics X-CUBE-AZRTOS-F7 1.1.0
2025-11-20 14:21:11,578 [INFO] ThirdParty:1030 - CMSIS Pack Vendor :STMicroelectronics X-CUBE-AZRTOS-L5 2.0.0
2025-11-20 14:21:11,578 [INFO] ThirdParty:1030 - CMSIS Pack Vendor :STMicroelectronics USB_DEVICE 2.0.0
2025-11-20 14:21:11,578 [INFO] ThirdParty:1030 - CMSIS Pack Vendor :STMicroelectronics X-CUBE-NFC6 3.1.0
2025-11-20 14:21:11,578 [INFO] ThirdParty:1030 - CMSIS Pack Vendor :STMicroelectronics X-CUBE-ST67W61 1.1.0
2025-11-20 14:21:11,578 [INFO] ThirdParty:1030 - CMSIS Pack Vendor :Cesanta I-CUBE-Mongoose 7.19.0
2025-11-20 14:21:11,578 [INFO] ThirdParty:1030 - CMSIS Pack Vendor :quantropi X-CUBE-qispace-sdk-base 2.1.0
2025-11-20 14:21:11,578 [INFO] ThirdParty:1030 - CMSIS Pack Vendor :STMicroelectronics FP-SNS-MOTENV1 5.1.0
2025-11-20 14:21:11,578 [INFO] ThirdParty:1030 - CMSIS Pack Vendor :STMicroelectronics FreeRTOS 0.0.1
2025-11-20 14:21:11,578 [INFO] ThirdParty:1030 - CMSIS Pack Vendor :STMicroelectronics X-CUBE-AZRTOS-G0 1.1.0
2025-11-20 14:21:11,578 [INFO] ThirdParty:1030 - CMSIS Pack Vendor :STMicroelectronics X-CUBE-SAFEA1 1.2.2
2025-11-20 14:21:11,578 [INFO] ThirdParty:1030 - CMSIS Pack Vendor :STMicroelectronics X-CUBE-NFC4 3.0.0
2025-11-20 14:21:11,578 [INFO] ThirdParty:1030 - CMSIS Pack Vendor :STMicroelectronics X-CUBE-SUBG2 5.0.0
2025-11-20 14:21:11,578 [INFO] ThirdParty:1030 - CMSIS Pack Vendor :STMicroelectronics X-CUBE-AZRTOS-H7RS 1.1.0
2025-11-20 14:21:11,578 [INFO] ThirdParty:1030 - CMSIS Pack Vendor :STMicroelectronics STM32_WPAN 1.0.0
2025-11-20 14:21:11,578 [INFO] ThirdParty:1030 - CMSIS Pack Vendor :EmbeddedOffice I-CUBE-FS-RTOS 1.0.1
2025-11-20 14:21:11,578 [INFO] ThirdParty:1030 - CMSIS Pack Vendor :STMicroelectronics lwIP 2.0.3
2025-11-20 14:21:11,578 [INFO] ThirdParty:1030 - CMSIS Pack Vendor :WES I-CUBE-Cesium 1.4.0
2025-11-20 14:21:11,578 [INFO] ThirdParty:1030 - CMSIS Pack Vendor :STMicroelectronics USB_HOST 1.0.0
2025-11-20 14:21:11,578 [INFO] ThirdParty:1030 - CMSIS Pack Vendor :Infineon AIROC-Wi-Fi-Bluetooth-STM32 1.7.1
2025-11-20 14:21:11,578 [INFO] ThirdParty:1030 - CMSIS Pack Vendor :STMicroelectronics X-CUBE-AZRTOS-G4 2.0.0
2025-11-20 14:21:11,578 [INFO] ThirdParty:1030 - CMSIS Pack Vendor :STMicroelectronics X-CUBE-WB05N 2.0.0
2025-11-20 14:21:11,578 [INFO] ThirdParty:1030 - CMSIS Pack Vendor :STMicroelectronics PDM2PCM 3.1.0
2025-11-20 14:21:11,578 [INFO] ThirdParty:1030 - CMSIS Pack Vendor :STMicroelectronics PDM2PCM 3.3.0
2025-11-20 14:21:11,578 [INFO] ThirdParty:1030 - CMSIS Pack Vendor :wolfSSL I-CUBE-wolfTPM 3.8.0
2025-11-20 14:21:11,578 [INFO] ThirdParty:1030 - CMSIS Pack Vendor :STMicroelectronics X-CUBE-AZRTOS-H7 3.4.0
2025-11-20 14:21:11,578 [INFO] ThirdParty:1030 - CMSIS Pack Vendor :STMicroelectronics X-CUBE-DISPLAY 3.0.0
2025-11-20 14:21:11,578 [INFO] ThirdParty:1030 - CMSIS Pack Vendor :wolfSSL I-CUBE-wolfSSH 1.4.20
2025-11-20 14:21:11,578 [INFO] ThirdParty:1030 - CMSIS Pack Vendor :STMicroelectronics X-CUBE-NFC7 2.0.0
2025-11-20 14:21:11,578 [INFO] ThirdParty:1030 - CMSIS Pack Vendor :STMicroelectronics X-CUBE-TCPP 4.2.0
2025-11-20 14:21:11,578 [INFO] ThirdParty:1030 - CMSIS Pack Vendor :RealThread X-CUBE-RT-Thread_Nano 4.1.1
2025-11-20 14:21:11,578 [INFO] ThirdParty:1030 - CMSIS Pack Vendor :STMicroelectronics FP-ATR-SIGFOX1 3.2.0
2025-11-20 14:21:11,578 [INFO] ThirdParty:1030 - CMSIS Pack Vendor :STMicroelectronics X-CUBE-NFC10 1.0.0
2025-11-20 14:21:11,578 [INFO] ThirdParty:1030 - CMSIS Pack Vendor :STMicroelectronics X-CUBE-FREERTOS 1.3.1
2025-11-20 14:21:11,578 [INFO] ThirdParty:1030 - CMSIS Pack Vendor :STMicroelectronics HAL Drivers 0.0.0
2025-11-20 14:21:11,578 [INFO] ThirdParty:1030 - CMSIS Pack Vendor :STMicroelectronics MBEDTLS 2.16.2
2025-11-20 14:21:11,578 [INFO] ThirdParty:1030 - CMSIS Pack Vendor :STMicroelectronics X-CUBE-ST60 1.1.0
2025-11-20 14:21:11,578 [INFO] ThirdParty:1030 - CMSIS Pack Vendor :STMicroelectronics X-CUBE-ALS 1.0.2
2025-11-20 14:21:11,578 [INFO] ThirdParty:1030 - CMSIS Pack Vendor :emotas I-CUBE-CANOPEN 1.3.0
2025-11-20 14:21:11,578 [INFO] ThirdParty:1030 - CMSIS Pack Vendor :STMicroelectronics MBEDTLS 2.14.1
2025-11-20 14:21:11,578 [INFO] ThirdParty:1030 - CMSIS Pack Vendor :STMicroelectronics X-CUBE-GNSS1 7.1.0
2025-11-20 14:21:11,578 [INFO] ThirdParty:1030 - CMSIS Pack Vendor :ITTIA_DB I-CUBE-ITTIADB 8.9.0
2025-11-20 14:21:11,578 [INFO] ThirdParty:1030 - CMSIS Pack Vendor :STMicroelectronics X-CUBE-TOUCHGFX 4.26.0
2025-11-20 14:21:11,578 [INFO] ThirdParty:1030 - CMSIS Pack Vendor :STMicroelectronics X-CUBE-STSE01 1.0.0
2025-11-20 14:21:11,578 [INFO] ThirdParty:1030 - CMSIS Pack Vendor :STMicroelectronics FP-SNS-STBOX1 2.1.0
2025-11-20 14:21:11,578 [INFO] ThirdParty:1030 - CMSIS Pack Vendor :STMicroelectronics X-CUBE-AI 10.2.0
2025-11-20 14:21:11,578 [INFO] ThirdParty:1030 - CMSIS Pack Vendor :STMicroelectronics FP-SNS-STAIOTCFT 1.0.0
2025-11-20 14:21:11,578 [INFO] ThirdParty:1030 - CMSIS Pack Vendor :STMicroelectronics ThreadX 1.0.0
2025-11-20 14:21:11,578 [INFO] ThirdParty:1030 - CMSIS Pack Vendor :STMicroelectronics FP-SNS-SMARTAG2 1.2.0
2025-11-20 14:21:11,578 [INFO] ThirdParty:1030 - CMSIS Pack Vendor :STMicroelectronics FP-SNS-FLIGHT1 5.1.0
2025-11-20 14:21:11,578 [INFO] ThirdParty:1030 - CMSIS Pack Vendor :STMicroelectronics X-CUBE-AZRTOS-WL 2.0.0
2025-11-20 14:21:11,578 [INFO] ThirdParty:1030 - CMSIS Pack Vendor :SEGGER I-CUBE-embOS 1.3.1
2025-11-20 14:21:11,578 [INFO] ThirdParty:1030 - CMSIS Pack Vendor :STMicroelectronics X-CUBE-ALGOBUILD 1.4.0
2025-11-20 14:21:11,578 [INFO] ThirdParty:1030 - CMSIS Pack Vendor :STMicroelectronics X-CUBE-DPower 1.3.0
2025-11-20 14:21:11,578 [INFO] ThirdParty:1030 - CMSIS Pack Vendor :STMicroelectronics X-CUBE-MEMS1 11.3.0
2025-11-20 14:21:11,578 [INFO] ThirdParty:1030 - CMSIS Pack Vendor :STMicroelectronics FP-SNS-MOTENV1 5.0.0
2025-11-20 14:21:11,578 [INFO] ThirdParty:1030 - CMSIS Pack Vendor :STMicroelectronics USB_DEVICE 1.0.0
2025-11-20 14:21:11,578 [INFO] ThirdParty:1030 - CMSIS Pack Vendor :STMicroelectronics X-CUBE-AZRTOS-L4 2.0.0
2025-11-20 14:21:11,578 [INFO] ThirdParty:1030 - CMSIS Pack Vendor :STMicroelectronics ThreadX 0.0.2
2025-11-20 14:21:11,578 [INFO] ThirdParty:1030 - CMSIS Pack Vendor :STMicroelectronics lwIP 2.1.2
2025-11-20 14:21:11,578 [INFO] ThirdParty:1030 - CMSIS Pack Vendor :STMicroelectronics X-CUBE-SFXS2LP1 4.0.0
2025-11-20 14:21:11,578 [INFO] ThirdParty:1030 - CMSIS Pack Vendor :STMicroelectronics X-CUBE-BLE2 3.3.0
2025-11-20 14:21:11,578 [INFO] ThirdParty:1030 - CMSIS Pack Vendor :Avnet-IOTCONNECT X-CUBE-iotc-st67-sdk 1.0.0
2025-11-20 14:21:11,579 [INFO] ThirdParty:1030 - CMSIS Pack Vendor :STMicroelectronics X-CUBE-TOF1 3.4.3
2025-11-20 14:21:11,579 [INFO] ThirdParty:1030 - CMSIS Pack Vendor :STMicroelectronics PDM2PCM 3.2.0
2025-11-20 14:21:11,579 [INFO] ThirdParty:841 - exiting critical section [change project]
2025-11-20 14:21:11,823 [INFO] PinOutPanel:1589 - setPackage(No Configuration,No Configuration)
2025-11-20 14:21:11,824 [INFO] PinOutPanel:1589 - setPackage(STM32G474RETx,LQFP64)
2025-11-20 14:21:12,057 [INFO] UtilMem:75 - Before build in PCC Used Memory: 342959240 Bytes (1073741824)
2025-11-20 14:21:12,333 [INFO] UtilMem:75 - After build in PCC Used Memory: 444154944 Bytes (1073741824)
2025-11-20 14:21:12,336 [INFO] ApiDbMcu:532 - Load IP Config File for FREERTOS
2025-11-20 14:21:12,349 [INFO] IPUIPlugin:80 - create IPUIPlugin
2025-11-20 14:21:12,350 [INFO] IPUIPlugin:80 - create IPUIPlugin
2025-11-20 14:21:12,350 [INFO] IPUIPlugin:80 - create IPUIPlugin
2025-11-20 14:21:12,350 [INFO] IPUIPlugin:80 - create IPUIPlugin
2025-11-20 14:21:12,350 [INFO] IPUIPlugin:80 - create IPUIPlugin
2025-11-20 14:21:12,350 [INFO] IPUIPlugin:80 - create IPUIPlugin
2025-11-20 14:21:12,350 [INFO] IPUIPlugin:80 - create IPUIPlugin
2025-11-20 14:21:12,350 [INFO] IPUIPlugin:80 - create IPUIPlugin
2025-11-20 14:21:12,350 [INFO] IPUIPlugin:80 - create IPUIPlugin
2025-11-20 14:21:12,350 [INFO] IPUIPlugin:80 - create IPUIPlugin
2025-11-20 14:21:12,350 [INFO] IPUIPlugin:80 - create IPUIPlugin
2025-11-20 14:21:12,350 [INFO] IPUIPlugin:80 - create IPUIPlugin
2025-11-20 14:21:12,350 [INFO] IPUIPlugin:80 - create IPUIPlugin
2025-11-20 14:21:12,350 [INFO] IPUIPlugin:80 - create IPUIPlugin
2025-11-20 14:21:12,350 [INFO] IPUIPlugin:80 - create IPUIPlugin
2025-11-20 14:21:12,351 [INFO] IPUIPlugin:80 - create IPUIPlugin
2025-11-20 14:21:12,351 [INFO] IPUIPlugin:80 - create IPUIPlugin
2025-11-20 14:21:12,351 [INFO] IPUIPlugin:80 - create IPUIPlugin
2025-11-20 14:21:12,351 [INFO] IPUIPlugin:80 - create IPUIPlugin
2025-11-20 14:21:12,351 [INFO] IPUIPlugin:80 - create IPUIPlugin
2025-11-20 14:21:12,351 [INFO] IPUIPlugin:80 - create IPUIPlugin
2025-11-20 14:21:12,351 [INFO] IPUIPlugin:80 - create IPUIPlugin
2025-11-20 14:21:12,351 [INFO] IPUIPlugin:80 - create IPUIPlugin
2025-11-20 14:21:12,351 [INFO] IPUIPlugin:80 - create IPUIPlugin
2025-11-20 14:21:12,351 [INFO] IPUIPlugin:80 - create IPUIPlugin
2025-11-20 14:21:12,351 [INFO] IPUIPlugin:80 - create IPUIPlugin
2025-11-20 14:21:12,351 [INFO] IPUIPlugin:80 - create IPUIPlugin
2025-11-20 14:21:12,351 [INFO] IPUIPlugin:80 - create IPUIPlugin
2025-11-20 14:21:12,351 [INFO] IPUIPlugin:80 - create IPUIPlugin
2025-11-20 14:21:12,351 [INFO] IPUIPlugin:80 - create IPUIPlugin
2025-11-20 14:21:12,351 [INFO] IPUIPlugin:80 - create IPUIPlugin
2025-11-20 14:21:12,351 [INFO] IPUIPlugin:80 - create IPUIPlugin
2025-11-20 14:21:12,351 [INFO] IPUIPlugin:80 - create IPUIPlugin
2025-11-20 14:21:12,351 [INFO] IPUIPlugin:80 - create IPUIPlugin
2025-11-20 14:21:12,352 [INFO] IPUIPlugin:80 - create IPUIPlugin
2025-11-20 14:21:12,352 [INFO] IPUIPlugin:80 - create IPUIPlugin
2025-11-20 14:21:12,352 [INFO] IPUIPlugin:80 - create IPUIPlugin
2025-11-20 14:21:12,352 [INFO] IPUIPlugin:80 - create IPUIPlugin
2025-11-20 14:21:12,352 [INFO] IPUIPlugin:80 - create IPUIPlugin
2025-11-20 14:21:12,352 [INFO] IPUIPlugin:80 - create IPUIPlugin
2025-11-20 14:21:12,352 [INFO] IPUIPlugin:80 - create IPUIPlugin
2025-11-20 14:21:12,352 [INFO] IPUIPlugin:80 - create IPUIPlugin
2025-11-20 14:21:12,352 [INFO] IPUIPlugin:80 - create IPUIPlugin
2025-11-20 14:21:12,352 [INFO] IPUIPlugin:80 - create IPUIPlugin
2025-11-20 14:21:12,352 [INFO] IPUIPlugin:80 - create IPUIPlugin
2025-11-20 14:21:12,353 [INFO] IPUIPlugin:80 - create IPUIPlugin
2025-11-20 14:21:12,353 [INFO] IPUIPlugin:80 - create IPUIPlugin
2025-11-20 14:21:12,353 [INFO] IPUIPlugin:80 - create IPUIPlugin
2025-11-20 14:21:12,353 [INFO] IPUIPlugin:80 - create IPUIPlugin
2025-11-20 14:21:12,353 [INFO] IPUIPlugin:80 - create IPUIPlugin
2025-11-20 14:21:12,353 [INFO] IPUIPlugin:80 - create IPUIPlugin
2025-11-20 14:21:12,353 [INFO] IPUIPlugin:80 - create IPUIPlugin
2025-11-20 14:21:12,353 [INFO] IPUIPlugin:80 - create IPUIPlugin
2025-11-20 14:21:12,353 [INFO] IPUIPlugin:80 - create IPUIPlugin
2025-11-20 14:21:12,353 [INFO] IPUIPlugin:80 - create IPUIPlugin
2025-11-20 14:21:12,354 [INFO] IPUIPlugin:80 - create IPUIPlugin
2025-11-20 14:21:12,354 [INFO] IPUIPlugin:80 - create IPUIPlugin
2025-11-20 14:21:12,354 [INFO] IPUIPlugin:80 - create IPUIPlugin
2025-11-20 14:21:12,354 [INFO] IPUIPlugin:80 - create IPUIPlugin
2025-11-20 14:21:12,354 [INFO] IPUIPlugin:80 - create IPUIPlugin
2025-11-20 14:21:12,354 [INFO] IPUIPlugin:80 - create IPUIPlugin
2025-11-20 14:21:12,354 [INFO] IPUIPlugin:80 - create IPUIPlugin
2025-11-20 14:21:12,355 [INFO] IPUIPlugin:80 - create IPUIPlugin
2025-11-20 14:21:12,355 [INFO] IPUIPlugin:80 - create IPUIPlugin
2025-11-20 14:21:12,355 [INFO] IPUIPlugin:80 - create IPUIPlugin
2025-11-20 14:21:12,355 [INFO] IPUIPlugin:80 - create IPUIPlugin
2025-11-20 14:21:12,355 [INFO] IPUIPlugin:80 - create IPUIPlugin
2025-11-20 14:21:12,355 [INFO] IPUIPlugin:80 - create IPUIPlugin
2025-11-20 14:21:12,356 [INFO] IPUIPlugin:80 - create IPUIPlugin
2025-11-20 14:21:12,356 [INFO] IPUIPlugin:80 - create IPUIPlugin
2025-11-20 14:21:12,356 [INFO] IPUIPlugin:80 - create IPUIPlugin
2025-11-20 14:21:12,356 [INFO] IPUIPlugin:80 - create IPUIPlugin
2025-11-20 14:21:12,356 [INFO] IPUIPlugin:80 - create IPUIPlugin
2025-11-20 14:21:12,356 [INFO] IPUIPlugin:80 - create IPUIPlugin
2025-11-20 14:21:12,356 [INFO] IPUIPlugin:80 - create IPUIPlugin
2025-11-20 14:21:12,357 [INFO] IPUIPlugin:80 - create IPUIPlugin
2025-11-20 14:21:12,357 [INFO] IPUIPlugin:80 - create IPUIPlugin
2025-11-20 14:21:12,357 [INFO] IPUIPlugin:80 - create IPUIPlugin
2025-11-20 14:21:12,364 [WARN] FreeRTOS:1023 - Null or empty value: should not occur! (nothing added to the table)
2025-11-20 14:21:12,379 [INFO] CADModel:165 - CPN selected for project levelSTM32G474RET6
2025-11-20 14:21:12,379 [INFO] CADModel:114 - Register for checkConnection events
2025-11-20 14:21:12,380 [INFO] RtosManager:728 - Active RTOS found at IOC load: FREERTOS [Cortex-M4NS]
2025-11-20 14:21:12,425 [INFO] OpenFileManager:386 - Restore cursor
2025-11-20 14:23:27,525 [INFO] I2cTimingTraitement:330 - 0x40B285C2
2025-11-20 14:23:30,978 [INFO] I2cTimingTraitement:330 - 0x40621236
2025-11-20 14:23:31,030 [INFO] I2cTimingTraitement:330 - 0x40621236
2025-11-20 14:23:33,112 [INFO] NvicIntPanel:101 - NVIC parent = com.st.microxplorer.plugins.ip.nvic.MultiNvicIntPanel[,0,0,470x218,layout=javax.swing.BoxLayout,alignmentX=0.0,alignmentY=0.0,border=,flags=9,maximumSize=,minimumSize=,preferredSize=]
2025-11-20 14:24:40,873 [INFO] NvicIntPanel:101 - NVIC parent = com.st.microxplorer.plugins.ip.nvic.MultiNvicIntPanel[,0,0,0x0,invalid,layout=javax.swing.BoxLayout,alignmentX=0.0,alignmentY=0.0,border=,flags=9,maximumSize=,minimumSize=,preferredSize=]
2025-11-20 14:24:48,936 [INFO] NvicIntPanel:101 - NVIC parent = com.st.microxplorer.plugins.ip.nvic.MultiNvicIntPanel[,0,0,470x218,layout=javax.swing.BoxLayout,alignmentX=0.0,alignmentY=0.0,border=,flags=9,maximumSize=,minimumSize=,preferredSize=]
2025-11-20 14:24:53,169 [INFO] NvicIntPanel:101 - NVIC parent = com.st.microxplorer.plugins.ip.nvic.MultiNvicIntPanel[,0,0,0x0,invalid,layout=javax.swing.BoxLayout,alignmentX=0.0,alignmentY=0.0,border=,flags=9,maximumSize=,minimumSize=,preferredSize=]
2025-11-20 14:25:41,066 [INFO] UtilMem:75 - End SaveConfig() Used Memory: 620227440 Bytes (1073741824)
2025-11-20 14:28:37,757 [ERROR] LogOutputStream:75 - [STDERR_REDIRECT] 
2025-11-20 14:28:42,871 [INFO] Activator:176 - 


2025-11-20 14:28:42,872 [INFO] Activator:177 - !SESSION log4j initialized
2025-11-20 14:28:45,220 [INFO] LogOutputStream:77 - [STDOUT_REDIRECT] 
2025-11-20 14:28:45,794 [INFO] ApplicationProperties:184 - Using Application install path: /opt/st/stm32cubeide_1.19.0/plugins/com.st.stm32cube.common.mx_6.15.0.202507011659
2025-11-20 14:28:45,805 [INFO] DbMcusXml:78 - Set database path to: /opt/st/stm32cubeide_1.19.0/plugins/com.st.stm32cube.common.mx_6.15.0.202507011659//db//mcu/
2025-11-20 14:28:45,805 [INFO] ApiDb:274 - Set plugin database path to: /opt/st/stm32cubeide_1.19.0/plugins/com.st.stm32cube.common.mx_6.15.0.202507011659//db//plugins/boardmanager/
2025-11-20 14:28:45,805 [WARN] ApiDb:259 - Overriding images path with different value:  => /opt/st/stm32cubeide_1.19.0/plugins/com.st.stm32cube.common.mx_6.15.0.202507011659//db//plugins/mcufinder/images/
2025-11-20 14:28:45,807 [INFO] ApiDb:250 - Set database path to: /home/natthanicha/.stmcufinder/plugins/mcufinder//mcu/
2025-11-20 14:28:45,808 [INFO] DbMcusAds:125 - Set database path to: /home/natthanicha/.stmcufinder/plugins/mcufinder//mcu/
2025-11-20 14:28:45,809 [INFO] CrossReferenceDbSqlite:203 - Set database path to: /home/natthanicha/.stmcufinder/plugins/mcufinder//mcu/cs/
2025-11-20 14:28:45,886 [INFO] RulesReader:64 - Compatibility file has been processed (317 Rules)
2025-11-20 14:28:45,934 [INFO] DbMcusXml:78 - Set database path to: /opt/st/stm32cubeide_1.19.0/plugins/com.st.stm32cube.common.mx_6.15.0.202507011659//db//mcu/
2025-11-20 14:28:45,934 [INFO] ApiDb:274 - Set plugin database path to: /opt/st/stm32cubeide_1.19.0/plugins/com.st.stm32cube.common.mx_6.15.0.202507011659//db//plugins/boardmanager/
2025-11-20 14:28:45,934 [INFO] ApiDb:261 - Set plugin images path to: /opt/st/stm32cubeide_1.19.0/plugins/com.st.stm32cube.common.mx_6.15.0.202507011659//db//plugins/mcufinder/images/
2025-11-20 14:28:45,934 [WARN] DbFile:41 - Overriding database path with different value: /home/natthanicha/.stmcufinder/plugins/mcufinder/ => /home/natthanicha/.stmcufinder/plugins/mcufinder
2025-11-20 14:28:45,934 [INFO] ApiDb:250 - Set database path to: /home/natthanicha/.stmcufinder/plugins/mcufinder//mcu/
2025-11-20 14:28:45,934 [WARN] DbFile:41 - Overriding database path with different value: /home/natthanicha/.stmcufinder/plugins/mcufinder/ => /home/natthanicha/.stmcufinder/plugins/mcufinder
2025-11-20 14:28:45,934 [INFO] DbMcusAds:125 - Set database path to: /home/natthanicha/.stmcufinder/plugins/mcufinder//mcu/
2025-11-20 14:28:45,935 [WARN] DbFile:41 - Overriding database path with different value: /home/natthanicha/.stmcufinder/plugins/mcufinder/ => /home/natthanicha/.stmcufinder/plugins/mcufinder
2025-11-20 14:28:45,935 [WARN] DbFile:41 - Overriding database path with different value: /home/natthanicha/.stmcufinder/plugins/mcufinder/ => /home/natthanicha/.stmcufinder/plugins/mcufinder
2025-11-20 14:28:45,935 [INFO] CrossReferenceDbSqlite:203 - Set database path to: /home/natthanicha/.stmcufinder/plugins/mcufinder//mcu/cs/
2025-11-20 14:28:45,980 [INFO] MainPanel:274 - HeapMemory: 268435456
2025-11-20 14:28:46,055 [INFO] DbMcusXml:78 - Set database path to: /opt/st/stm32cubeide_1.19.0/plugins/com.st.stm32cube.common.mx_6.15.0.202507011659//db//mcu/
2025-11-20 14:28:46,055 [INFO] ApiDb:274 - Set plugin database path to: /opt/st/stm32cubeide_1.19.0/plugins/com.st.stm32cube.common.mx_6.15.0.202507011659//db//plugins/boardmanager/
2025-11-20 14:28:46,056 [INFO] ApiDb:261 - Set plugin images path to: /opt/st/stm32cubeide_1.19.0/plugins/com.st.stm32cube.common.mx_6.15.0.202507011659//db//plugins/mcufinder/images/
2025-11-20 14:28:46,056 [WARN] DbFile:41 - Overriding database path with different value: /home/natthanicha/.stmcufinder/plugins/mcufinder/ => /home/natthanicha/.stmcufinder/plugins/mcufinder
2025-11-20 14:28:46,056 [INFO] ApiDb:250 - Set database path to: /home/natthanicha/.stmcufinder/plugins/mcufinder//mcu/
2025-11-20 14:28:46,056 [WARN] DbFile:41 - Overriding database path with different value: /home/natthanicha/.stmcufinder/plugins/mcufinder/ => /home/natthanicha/.stmcufinder/plugins/mcufinder
2025-11-20 14:28:46,056 [INFO] DbMcusAds:125 - Set database path to: /home/natthanicha/.stmcufinder/plugins/mcufinder//mcu/
2025-11-20 14:28:46,056 [WARN] DbFile:41 - Overriding database path with different value: /home/natthanicha/.stmcufinder/plugins/mcufinder/ => /home/natthanicha/.stmcufinder/plugins/mcufinder
2025-11-20 14:28:46,056 [WARN] DbFile:41 - Overriding database path with different value: /home/natthanicha/.stmcufinder/plugins/mcufinder/ => /home/natthanicha/.stmcufinder/plugins/mcufinder
2025-11-20 14:28:46,056 [INFO] CrossReferenceDbSqlite:203 - Set database path to: /home/natthanicha/.stmcufinder/plugins/mcufinder//mcu/cs/
2025-11-20 14:28:46,066 [INFO] ApplicationProperties:184 - Using Application install path: /opt/st/stm32cubeide_1.19.0/plugins/com.st.stm32cube.common.mx_6.15.0.202507011659
2025-11-20 14:28:46,067 [INFO] PluginManage:196 - Search for loadable plugins [exclusion list=, ]
2025-11-20 14:28:46,068 [INFO] PluginManage:310 - Check plugin analytics
2025-11-20 14:28:46,161 [INFO] AnalyticsPlugin:253 - Accepted Software Licenses: 
2025-11-20 14:28:46,161 [INFO] AnalyticsPlugin:255 - Accepted CMSIS Pack Licenses: 
2025-11-20 14:28:46,161 [INFO] AnalyticsPlugin:257 - Accepted Firmware Licenses: FW.G4.1.6.0
2025-11-20 14:28:46,163 [INFO] PluginManage:359 - Loaded plugin analytics (category:tool,tabindex:-1)
2025-11-20 14:28:46,163 [INFO] PluginManage:310 - Check plugin cadmodel
2025-11-20 14:28:46,165 [INFO] CADModel:105 - Init CAD model plugin
2025-11-20 14:28:46,165 [INFO] PluginManage:359 - Loaded plugin cadmodel (category:power,tabindex:5)
2025-11-20 14:28:46,165 [INFO] PluginManage:310 - Check plugin clock
2025-11-20 14:28:46,170 [INFO] PluginManage:359 - Loaded plugin clock (category:base,tabindex:2)
2025-11-20 14:28:46,170 [INFO] PluginManage:310 - Check plugin ddr
2025-11-20 14:28:46,171 [INFO] PluginManage:359 - Loaded plugin ddr (category:tool,tabindex:6)
2025-11-20 14:28:46,171 [INFO] PluginManage:310 - Check plugin filemanager
2025-11-20 14:28:46,256 [INFO] PluginManage:359 - Loaded plugin filemanager (category:base,tabindex:10)
2025-11-20 14:28:46,256 [INFO] PluginManage:310 - Check plugin ipmanager
2025-11-20 14:28:46,258 [INFO] PluginManage:359 - Loaded plugin ipmanager (category:base,tabindex:5)
2025-11-20 14:28:46,258 [INFO] PluginManage:310 - Check plugin lpbam
2025-11-20 14:28:46,263 [INFO] PluginManage:359 - Loaded plugin lpbam (category:base,tabindex:0)
2025-11-20 14:28:46,263 [INFO] PluginManage:310 - Check plugin memorymap
2025-11-20 14:28:46,268 [INFO] PluginManage:359 - Loaded plugin memorymap (category:base,tabindex:4)
2025-11-20 14:28:46,268 [INFO] PluginManage:310 - Check plugin pinoutandconfiguration
2025-11-20 14:28:46,273 [INFO] PluginManage:359 - Loaded plugin pinoutandconfiguration (category:base,tabindex:1)
2025-11-20 14:28:46,273 [INFO] PluginManage:310 - Check plugin pinoutconfig
2025-11-20 14:28:46,323 [WARN] SupportedApi:132 - Cannot load RTOS API schema: s4s-elt-must-match.1: The content of 'definitions' must match (annotation?, (simpleType | complexType)?, (unique | key | keyref)*)). A problem was found starting at: attribute.
2025-11-20 14:28:46,393 [INFO] PluginManage:359 - Loaded plugin pinoutconfig (category:base,tabindex:0)
2025-11-20 14:28:46,393 [INFO] PluginManage:310 - Check plugin power
2025-11-20 14:28:46,398 [INFO] PluginManage:359 - Loaded plugin power (category:power,tabindex:4)
2025-11-20 14:28:46,398 [INFO] PluginManage:310 - Check plugin projectmanager
2025-11-20 14:28:46,408 [INFO] PluginManage:359 - Loaded plugin projectmanager (category:projectmanager,tabindex:4)
2025-11-20 14:28:46,409 [INFO] PluginManage:310 - Check plugin rif
2025-11-20 14:28:46,415 [INFO] PluginManage:359 - Loaded plugin rif (category:base,tabindex:3)
2025-11-20 14:28:46,415 [INFO] PluginManage:310 - Check plugin thirdparty
2025-11-20 14:28:46,512 [INFO] PluginManage:359 - Loaded plugin thirdparty (category:base,tabindex:-1)
2025-11-20 14:28:46,512 [WARN] IntegrityCheckThread:84 - waiting for thirdparty lock release [integrity check]
2025-11-20 14:28:46,512 [INFO] IntegrityCheckThread:86 - entering critical section [integrity check]
2025-11-20 14:28:46,512 [INFO] PluginManage:310 - Check plugin tools
2025-11-20 14:28:46,513 [INFO] ThirdPartyUpdaterWithRetryManager:70 - Updater plugin not ready yet. [1/15]
2025-11-20 14:28:46,514 [INFO] PluginManage:359 - Loaded plugin tools (category:base,tabindex:7)
2025-11-20 14:28:46,514 [INFO] PluginManage:310 - Check plugin tutovideos
2025-11-20 14:28:46,609 [INFO] PluginManage:359 - Loaded plugin tutovideos (category:base,tabindex:-1)
2025-11-20 14:28:46,609 [INFO] PluginManage:310 - Check plugin updater
2025-11-20 14:28:46,622 [INFO] PluginManage:359 - Loaded plugin updater (category:base,tabindex:12)
2025-11-20 14:28:46,622 [INFO] PluginManage:310 - Check plugin userauth
2025-11-20 14:28:46,624 [INFO] UserAuth:118 - Init User Auth plugin
2025-11-20 14:28:46,624 [INFO] PluginManage:359 - Loaded plugin userauth (category:base,tabindex:14)
2025-11-20 14:28:46,624 [INFO] PluginManage:283 - PluginManage : Loaded plugins [18]
2025-11-20 14:28:46,719 [INFO] PinOutPanel:1589 - setPackage(No Configuration,No Configuration)
2025-11-20 14:28:46,768 [INFO] CADModel:165 - CPN selected for project level
2025-11-20 14:28:46,768 [INFO] CADModel:114 - Register for checkConnection events
2025-11-20 14:28:46,775 [INFO] IPUIPlugin:80 - create IPUIPlugin
2025-11-20 14:28:46,775 [INFO] PluginManager:220 - loadIPPluginJar : add gfxmmu
2025-11-20 14:28:46,776 [INFO] IPUIPlugin:80 - create IPUIPlugin
2025-11-20 14:28:46,776 [INFO] PluginManager:220 - loadIPPluginJar : add spi
2025-11-20 14:28:46,780 [INFO] IPUIPlugin:80 - create IPUIPlugin
2025-11-20 14:28:46,781 [INFO] PluginManager:220 - loadIPPluginJar : add linkedlist
2025-11-20 14:28:46,785 [INFO] IPUIPlugin:80 - create IPUIPlugin
2025-11-20 14:28:46,786 [INFO] PluginManager:220 - loadIPPluginJar : add stm32_wpan
2025-11-20 14:28:46,788 [INFO] IPUIPlugin:80 - create IPUIPlugin
2025-11-20 14:28:46,788 [INFO] PluginManager:220 - loadIPPluginJar : add resmgrutility
2025-11-20 14:28:46,789 [INFO] IPUIPlugin:80 - create IPUIPlugin
2025-11-20 14:28:46,790 [INFO] PluginManager:220 - loadIPPluginJar : add gpio
2025-11-20 14:28:46,790 [INFO] IPUIPlugin:80 - create IPUIPlugin
2025-11-20 14:28:46,790 [INFO] PluginManager:220 - loadIPPluginJar : add ucpd
2025-11-20 14:28:46,791 [INFO] IPUIPlugin:80 - create IPUIPlugin
2025-11-20 14:28:46,791 [INFO] PluginManager:220 - loadIPPluginJar : add dma3
2025-11-20 14:28:46,792 [INFO] IPUIPlugin:80 - create IPUIPlugin
2025-11-20 14:28:46,792 [INFO] PluginManager:220 - loadIPPluginJar : add i2s
2025-11-20 14:28:46,794 [INFO] IPUIPlugin:80 - create IPUIPlugin
2025-11-20 14:28:46,794 [INFO] PluginManager:220 - loadIPPluginJar : add mdma
2025-11-20 14:28:46,795 [INFO] IPUIPlugin:80 - create IPUIPlugin
2025-11-20 14:28:46,795 [INFO] PluginManager:220 - loadIPPluginJar : add tsc
2025-11-20 14:28:46,796 [INFO] IPUIPlugin:80 - create IPUIPlugin
2025-11-20 14:28:46,796 [INFO] PluginManager:220 - loadIPPluginJar : add lorawan
2025-11-20 14:28:46,797 [INFO] IPUIPlugin:80 - create IPUIPlugin
2025-11-20 14:28:46,797 [INFO] PluginManager:220 - loadIPPluginJar : add extmemmanager
2025-11-20 14:28:46,800 [INFO] IPUIPlugin:80 - create IPUIPlugin
2025-11-20 14:28:46,800 [INFO] PluginManager:220 - loadIPPluginJar : add adc
2025-11-20 14:28:46,800 [INFO] IPUIPlugin:80 - create IPUIPlugin
2025-11-20 14:28:46,800 [INFO] PluginManager:220 - loadIPPluginJar : add radio
2025-11-20 14:28:46,802 [INFO] IPUIPlugin:80 - create IPUIPlugin
2025-11-20 14:28:46,802 [INFO] PluginManager:220 - loadIPPluginJar : add sai
2025-11-20 14:28:46,802 [INFO] IPUIPlugin:80 - create IPUIPlugin
2025-11-20 14:28:46,802 [INFO] PluginManager:220 - loadIPPluginJar : add genericplugin
2025-11-20 14:28:46,803 [INFO] IPUIPlugin:80 - create IPUIPlugin
2025-11-20 14:28:46,803 [INFO] PluginManager:220 - loadIPPluginJar : add i2c
2025-11-20 14:28:46,804 [INFO] IPUIPlugin:80 - create IPUIPlugin
2025-11-20 14:28:46,804 [INFO] PluginManager:220 - loadIPPluginJar : add ddr_ctrl_phy
2025-11-20 14:28:46,805 [INFO] IPUIPlugin:80 - create IPUIPlugin
2025-11-20 14:28:46,805 [INFO] PluginManager:220 - loadIPPluginJar : add gtzc
2025-11-20 14:28:46,806 [INFO] IPUIPlugin:80 - create IPUIPlugin
2025-11-20 14:28:46,806 [INFO] PluginManager:220 - loadIPPluginJar : add usbx
2025-11-20 14:28:46,808 [INFO] IPUIPlugin:80 - create IPUIPlugin
2025-11-20 14:28:46,808 [INFO] PluginManager:220 - loadIPPluginJar : add freertos
2025-11-20 14:28:46,810 [INFO] IPUIPlugin:80 - create IPUIPlugin
2025-11-20 14:28:46,810 [INFO] PluginManager:220 - loadIPPluginJar : add pdm2pcm
2025-11-20 14:28:46,810 [INFO] IPUIPlugin:80 - create IPUIPlugin
2025-11-20 14:28:46,810 [INFO] PluginManager:220 - loadIPPluginJar : add fatfs
2025-11-20 14:28:46,812 [INFO] IPUIPlugin:80 - create IPUIPlugin
2025-11-20 14:28:46,812 [INFO] PluginManager:220 - loadIPPluginJar : add ipddr
2025-11-20 14:28:46,813 [INFO] IPUIPlugin:80 - create IPUIPlugin
2025-11-20 14:28:46,813 [INFO] PluginManager:220 - loadIPPluginJar : add aes
2025-11-20 14:28:46,815 [INFO] IPUIPlugin:80 - create IPUIPlugin
2025-11-20 14:28:46,815 [INFO] PluginManager:220 - loadIPPluginJar : add fmc
2025-11-20 14:28:46,816 [INFO] IPUIPlugin:80 - create IPUIPlugin
2025-11-20 14:28:46,816 [INFO] PluginManager:220 - loadIPPluginJar : add i3c
2025-11-20 14:28:46,818 [INFO] IPUIPlugin:80 - create IPUIPlugin
2025-11-20 14:28:46,818 [INFO] PluginManager:220 - loadIPPluginJar : add touchsensing
2025-11-20 14:28:46,819 [INFO] IPUIPlugin:80 - create IPUIPlugin
2025-11-20 14:28:46,819 [INFO] PluginManager:220 - loadIPPluginJar : add opamp
2025-11-20 14:28:46,820 [INFO] IPUIPlugin:80 - create IPUIPlugin
2025-11-20 14:28:46,820 [INFO] PluginManager:220 - loadIPPluginJar : add tracer_emb
2025-11-20 14:28:46,822 [INFO] IPUIPlugin:80 - create IPUIPlugin
2025-11-20 14:28:46,822 [INFO] PluginManager:220 - loadIPPluginJar : add dma
2025-11-20 14:28:46,823 [INFO] IPUIPlugin:80 - create IPUIPlugin
2025-11-20 14:28:46,823 [INFO] PluginManager:220 - loadIPPluginJar : add ltdc
2025-11-20 14:28:46,824 [INFO] IPUIPlugin:80 - create IPUIPlugin
2025-11-20 14:28:46,824 [INFO] PluginManager:220 - loadIPPluginJar : add hash
2025-11-20 14:28:46,826 [INFO] IPUIPlugin:80 - create IPUIPlugin
2025-11-20 14:28:46,828 [INFO] PluginManager:220 - loadIPPluginJar : add plateformsettings
2025-11-20 14:28:46,829 [INFO] IPUIPlugin:80 - create IPUIPlugin
2025-11-20 14:28:46,829 [INFO] PluginManager:220 - loadIPPluginJar : add comp
2025-11-20 14:28:46,830 [INFO] IPUIPlugin:80 - create IPUIPlugin
2025-11-20 14:28:46,830 [INFO] PluginManager:220 - loadIPPluginJar : add can
2025-11-20 14:28:46,831 [INFO] IPUIPlugin:80 - create IPUIPlugin
2025-11-20 14:28:46,831 [INFO] PluginManager:220 - loadIPPluginJar : add dfsdm
2025-11-20 14:28:46,832 [INFO] IPUIPlugin:80 - create IPUIPlugin
2025-11-20 14:28:46,832 [INFO] PluginManager:220 - loadIPPluginJar : add usart
2025-11-20 14:28:46,833 [INFO] IPUIPlugin:80 - create IPUIPlugin
2025-11-20 14:28:46,834 [INFO] PluginManager:220 - loadIPPluginJar : add nvic
2025-11-20 14:28:46,836 [INFO] IPUIPlugin:80 - create IPUIPlugin
2025-11-20 14:28:46,836 [INFO] PluginManager:220 - loadIPPluginJar : add gic
2025-11-20 14:28:46,837 [INFO] IPUIPlugin:80 - create IPUIPlugin
2025-11-20 14:28:46,837 [INFO] PluginManager:220 - loadIPPluginJar : add quadspi
2025-11-20 14:28:46,838 [INFO] IPUIPlugin:80 - create IPUIPlugin
2025-11-20 14:28:46,838 [INFO] PluginManager:220 - loadIPPluginJar : add cryp
2025-11-20 14:28:46,839 [INFO] IPUIPlugin:80 - create IPUIPlugin
2025-11-20 14:28:46,839 [INFO] PluginManager:220 - loadIPPluginJar : add openamp
2025-11-20 14:28:46,840 [INFO] IPUIPlugin:80 - create IPUIPlugin
2025-11-20 14:28:46,840 [INFO] PluginManager:220 - loadIPPluginJar : add tim
2025-11-20 14:28:46,841 [INFO] IPUIPlugin:80 - create IPUIPlugin
2025-11-20 14:28:46,841 [INFO] PluginManager:220 - loadIPPluginJar : add ts
2025-11-20 14:28:46,934 [FATAL] Updater:351 - Updater called before beeing initialized
2025-11-20 14:28:46,952 [INFO] RulesReader:64 - Compatibility file has been processed (317 Rules)
2025-11-20 14:28:46,962 [INFO] RulesReader:64 - Compatibility file has been processed (317 Rules)
2025-11-20 14:28:46,969 [INFO] CADModel:165 - CPN selected for project level
2025-11-20 14:28:46,969 [INFO] CADModel:114 - Register for checkConnection events
2025-11-20 14:28:46,969 [FATAL] Updater:351 - Updater called before beeing initialized
2025-11-20 14:28:46,969 [ERROR] CADModel:125 - Updater not yet initialized, retry later 
2025-11-20 14:28:47,043 [FATAL] Updater:351 - Updater called before beeing initialized
2025-11-20 14:28:47,044 [INFO] CADModel:165 - CPN selected for project level
2025-11-20 14:28:47,044 [INFO] CADModel:114 - Register for checkConnection events
2025-11-20 14:28:47,044 [FATAL] Updater:351 - Updater called before beeing initialized
2025-11-20 14:28:47,044 [ERROR] CADModel:125 - Updater not yet initialized, retry later 
2025-11-20 14:28:47,046 [FATAL] Updater:351 - Updater called before beeing initialized
2025-11-20 14:28:47,100 [FATAL] Updater:351 - Updater called before beeing initialized
2025-11-20 14:28:47,103 [INFO] DbMcusAds:53 - JSON generation date=Mon Nov 10 17:43:01 ICT 2025 (1762771381096)
2025-11-20 14:28:47,103 [FATAL] Updater:351 - Updater called before beeing initialized
2025-11-20 14:28:47,122 [WARN] DetailPanel:346 - Failed to get advertising image, set to default
2025-11-20 14:28:47,167 [FATAL] Updater:351 - Updater called before beeing initialized
2025-11-20 14:28:47,169 [FATAL] Updater:351 - Updater called before beeing initialized
2025-11-20 14:28:47,169 [FATAL] Updater:351 - Updater called before beeing initialized
2025-11-20 14:28:47,169 [WARN] DetailPanel:346 - Failed to get advertising image, set to default
2025-11-20 14:28:47,170 [FATAL] Updater:351 - Updater called before beeing initialized
2025-11-20 14:28:47,189 [ERROR] Updater:1198 - MainUpdater not yet initialized. External WinMGr cannot be set.
2025-11-20 14:28:47,190 [INFO] Updater:1134 - Updater Version found : 6.15.0
2025-11-20 14:28:47,198 [INFO] ApplicationProperties:184 - Using Application install path: /opt/st/stm32cubeide_1.19.0/plugins/com.st.stm32cube.common.mx_6.15.0.202507011659
2025-11-20 14:28:47,381 [INFO] MainUpdater:2872 - connection check result : 10
2025-11-20 14:28:47,382 [INFO] MainUpdater:289 - Updater Check For Update Now.
2025-11-20 14:28:47,382 [INFO] MicroXplorer:498 - Change Database Version : DB.6.0.150
2025-11-20 14:28:47,384 [INFO] McuFinderGlobals:63 - Set McuFinder mode to 2 (CubeIDE integrated)
2025-11-20 14:28:47,384 [INFO] UserAuth:487 - Internet connection configuration mode: 1
2025-11-20 14:28:47,394 [INFO] JxBrowserEngine:152 - Initiate JxBrowser Engine with user profile folder
2025-11-20 14:28:47,533 [INFO] CheckServerUpdateThread:120 - End of CheckServer Thread
2025-11-20 14:28:47,794 [INFO] WebApp:169 - Instantiating new browser for Auth
2025-11-20 14:28:47,853 [INFO] McuFinderGlobals:63 - Set McuFinder mode to 2 (CubeIDE integrated)
2025-11-20 14:28:47,855 [INFO] MainUpdater:2872 - connection check result : 10
2025-11-20 14:28:47,855 [INFO] MainUpdater:2872 - connection check result : 10
2025-11-20 14:28:47,871 [INFO] MicroXplorer:468 - Change Database Path : 
2025-11-20 14:28:47,871 [INFO] MicroXplorer:498 - Change Database Version : DB.6.0.150
2025-11-20 14:28:47,876 [WARN] ThirdParty:871 - waiting for thirdparty lock release [close project]
2025-11-20 14:28:48,169 [INFO] WebApp:463 - Apply proxy settings
2025-11-20 14:28:48,169 [INFO] WebApp:548 - Chromium requires no authentication
2025-11-20 14:28:48,173 [INFO] WebApp:491 - Direct internet connection detected
2025-11-20 14:28:48,181 [INFO] WebApp:900 - Register for checkConnection events
2025-11-20 14:28:48,181 [INFO] WebApp:463 - Apply proxy settings
2025-11-20 14:28:48,181 [INFO] WebApp:548 - Chromium requires no authentication
2025-11-20 14:28:48,181 [INFO] WebApp:491 - Direct internet connection detected
2025-11-20 14:28:48,244 [INFO] WebApp:225 - Starting web application
2025-11-20 14:28:48,245 [INFO] WebApp:593 - Web application path used /opt/st/stm32cubeide_1.19.0/plugins/com.st.stm32cube.common.mx_6.15.0.202507011659/db/plugins/mcufinder/reactClient1/index.html
2025-11-20 14:28:48,296 [INFO] UserAuth:487 - Internet connection configuration mode: 1
2025-11-20 14:28:48,436 [INFO] WebApp:191 - Connection restablished
2025-11-20 14:28:49,586 [WARN] PackLoader:240 - Cannot read IP mode file for STMicroelectronics.FP-SNS-MOTENVWB1.1.4.0
2025-11-20 14:28:49,590 [WARN] PackLoader:240 - Cannot read IP mode file for STMicroelectronics.FP-ATR-ASTRA1.2.0.2
2025-11-20 14:28:49,594 [WARN] PackLoader:240 - Cannot read IP mode file for STMicroelectronics.X-CUBE-SMBUS.2.1.0
2025-11-20 14:28:49,596 [WARN] PackLoader:240 - Cannot read IP mode file for STMicroelectronics.X-CUBE-ST60.1.0.0
2025-11-20 14:28:49,614 [WARN] PackLoader:240 - Cannot read IP mode file for STMicroelectronics.X-CUBE-AZRTOS-F7.1.1.0
2025-11-20 14:28:49,619 [WARN] PackLoader:240 - Cannot read IP mode file for Cesanta.I-CUBE-Mongoose.7.19.0
2025-11-20 14:28:49,622 [WARN] PackLoader:240 - Cannot read IP mode file for STMicroelectronics.FP-SNS-MOTENV1.5.1.0
2025-11-20 14:28:49,629 [WARN] PackLoader:240 - Cannot read IP mode file for WES.I-CUBE-Cesium.1.4.0
2025-11-20 14:28:49,643 [WARN] PackLoader:240 - Cannot read IP mode file for Infineon.AIROC-Wi-Fi-Bluetooth-STM32.1.7.1
2025-11-20 14:28:49,662 [WARN] PackLoader:240 - Cannot read IP mode file for STMicroelectronics.X-CUBE-AZRTOS-H7.3.4.0
2025-11-20 14:28:49,675 [WARN] PackLoader:240 - Cannot read IP mode file for STMicroelectronics.X-CUBE-DISPLAY.3.0.0
2025-11-20 14:28:49,687 [WARN] PackLoader:240 - Cannot read IP mode file for STMicroelectronics.X-CUBE-NFC10.1.0.0
2025-11-20 14:28:49,692 [WARN] PackLoader:240 - Cannot read IP mode file for STMicroelectronics.X-CUBE-ST60.1.1.0
2025-11-20 14:28:49,697 [WARN] PackLoader:240 - Cannot read IP mode file for emotas.I-CUBE-CANOPEN.1.3.0
2025-11-20 14:28:49,701 [WARN] PackLoader:240 - Cannot read IP mode file for STMicroelectronics.X-CUBE-GNSS1.7.1.0
2025-11-20 14:28:49,707 [WARN] PackLoader:240 - Cannot read IP mode file for STMicroelectronics.FP-SNS-STBOX1.2.1.0
2025-11-20 14:28:49,712 [WARN] PackLoader:240 - Cannot read IP mode file for STMicroelectronics.FP-SNS-SMARTAG2.1.2.0
2025-11-20 14:28:49,714 [WARN] PackLoader:240 - Cannot read IP mode file for STMicroelectronics.FP-SNS-FLIGHT1.5.1.0
2025-11-20 14:28:49,720 [INFO] LogOutputStream:77 - [STDOUT_REDIRECT] 1 : Invalid condition id : UX_CORESTACK_Condition cause : null
2025-11-20 14:28:49,721 [INFO] LogOutputStream:77 - [STDOUT_REDIRECT] 1 : Invalid condition id : UX_CORESTACK_Condition cause : null
2025-11-20 14:28:49,722 [INFO] LogOutputStream:77 - [STDOUT_REDIRECT] 1 : Invalid condition id : UX_CORESTACK_Condition cause : null
2025-11-20 14:28:49,722 [INFO] LogOutputStream:77 - [STDOUT_REDIRECT] 1 : Invalid condition id : UX_CORESTACK_Condition cause : null
2025-11-20 14:28:49,736 [INFO] LogOutputStream:77 - [STDOUT_REDIRECT] 1 : Invalid condition id : UX_CORESTACK_Condition cause : null
2025-11-20 14:28:49,740 [WARN] PackLoader:240 - Cannot read IP mode file for STMicroelectronics.X-CUBE-AZRTOS-WL.2.0.0
2025-11-20 14:28:49,747 [WARN] PackLoader:240 - Cannot read IP mode file for STMicroelectronics.FP-SNS-MOTENV1.5.0.0
2025-11-20 14:28:49,755 [WARN] PackLoader:240 - Cannot read IP mode file for STMicroelectronics.X-CUBE-BLE2.3.3.0
2025-11-20 14:28:49,774 [WARN] PackLoader:240 - Cannot read IP mode file for STMicroelectronics.X-CUBE-NFC9.1.0.0
2025-11-20 14:28:49,779 [WARN] PackLoader:240 - Cannot read IP mode file for wolfSSL.I-CUBE-wolfSSL.5.8.2
2025-11-20 14:28:49,782 [WARN] PackLoader:240 - Cannot read IP mode file for STMicroelectronics.X-CUBE-BLE1.7.1.0
2025-11-20 14:28:49,785 [WARN] PackLoader:240 - Cannot read IP mode file for wolfSSL.I-CUBE-wolfMQTT.1.19.2
2025-11-20 14:28:49,789 [WARN] PackLoader:240 - Cannot read IP mode file for STMicroelectronics.X-CUBE-EEPRMA1.5.2.0
2025-11-20 14:28:49,795 [WARN] PackLoader:240 - Cannot read IP mode file for STMicroelectronics.X-CUBE-ST67W61.1.1.0
2025-11-20 14:28:49,808 [WARN] PackLoader:240 - Cannot read IP mode file for STMicroelectronics.X-CUBE-AZRTOS-G0.1.1.0
2025-11-20 14:28:49,815 [WARN] PackLoader:240 - Cannot read IP mode file for STMicroelectronics.X-CUBE-SAFEA1.1.2.2
2025-11-20 14:28:49,820 [WARN] PackLoader:240 - Cannot read IP mode file for STMicroelectronics.X-CUBE-NFC4.3.0.0
2025-11-20 14:28:49,828 [WARN] PackLoader:240 - Cannot read IP mode file for EmbeddedOffice.I-CUBE-FS-RTOS.1.0.1
2025-11-20 14:28:49,833 [WARN] PackLoader:240 - Cannot read IP mode file for STMicroelectronics.X-CUBE-WB05N.2.0.0
2025-11-20 14:28:49,836 [WARN] PackLoader:240 - Cannot read IP mode file for wolfSSL.I-CUBE-wolfTPM.3.8.0
2025-11-20 14:28:49,840 [WARN] PackLoader:240 - Cannot read IP mode file for STMicroelectronics.X-CUBE-TCPP.4.2.0
2025-11-20 14:28:49,845 [WARN] PackLoader:240 - Cannot read IP mode file for RealThread.X-CUBE-RT-Thread_Nano.4.1.1
2025-11-20 14:28:49,848 [WARN] PackLoader:240 - Cannot read IP mode file for STMicroelectronics.FP-ATR-SIGFOX1.3.2.0
2025-11-20 14:28:49,853 [WARN] PackLoader:240 - Cannot read IP mode file for ITTIA_DB.I-CUBE-ITTIADB.8.9.0
2025-11-20 14:28:49,855 [WARN] PackLoader:240 - Cannot read IP mode file for STMicroelectronics.X-CUBE-AI.10.2.0
2025-11-20 14:28:49,876 [WARN] PackLoader:240 - Cannot read IP mode file for SEGGER.I-CUBE-embOS.1.3.1
2025-11-20 14:28:49,899 [WARN] PackLoader:240 - Cannot read IP mode file for STMicroelectronics.X-CUBE-ALGOBUILD.1.4.0
2025-11-20 14:28:49,926 [WARN] PackLoader:240 - Cannot read IP mode file for STMicroelectronics.X-CUBE-MEMS1.11.3.0
2025-11-20 14:28:50,024 [WARN] PackLoader:240 - Cannot read IP mode file for STMicroelectronics.X-CUBE-PM33A1.1.0.0
2025-11-20 14:28:50,096 [WARN] PackLoader:240 - Cannot read IP mode file for STMicroelectronics.X-CUBE-AZRTOS-F4.1.1.0
2025-11-20 14:28:50,100 [WARN] PackLoader:240 - Cannot read IP mode file for STMicroelectronics.X-CUBE-ISPU.2.1.0
2025-11-20 14:28:50,105 [WARN] PackLoader:240 - Cannot read IP mode file for STMicroelectronics.X-CUBE-IPS.3.2.0
2025-11-20 14:28:50,113 [WARN] PackLoader:240 - Cannot read IP mode file for STMicroelectronics.X-CUBE-NFC12.1.0.0
2025-11-20 14:28:50,123 [WARN] PackLoader:240 - Cannot read IP mode file for STMicroelectronics.X-CUBE-AZRTOS-L5.2.0.0
2025-11-20 14:28:50,130 [WARN] PackLoader:240 - Cannot read IP mode file for STMicroelectronics.X-CUBE-NFC6.3.1.0
2025-11-20 14:28:50,134 [WARN] PackLoader:240 - Cannot read IP mode file for STMicroelectronics.X-CUBE-FREERTOS.1.3.1
2025-11-20 14:28:50,137 [WARN] PackLoader:240 - Cannot read IP mode file for STMicroelectronics.X-CUBE-TOUCHGFX.4.26.0
2025-11-20 14:28:50,140 [WARN] PackLoader:240 - Cannot read IP mode file for STMicroelectronics.FP-SNS-STAIOTCFT.1.0.0
2025-11-20 14:28:50,144 [WARN] PackLoader:240 - Cannot read IP mode file for STMicroelectronics.X-CUBE-DPower.1.3.0
2025-11-20 14:28:50,155 [WARN] ConditionMgr:438 - getConditionDescription Invalid condition id : LAN8742 Phy interface Condition cause : null
2025-11-20 14:28:50,155 [WARN] PackLoader:240 - Cannot read IP mode file for STMicroelectronics.X-CUBE-AZRTOS-L4.2.0.0
2025-11-20 14:28:50,156 [WARN] ConditionMgr:1044 - genDependencies : Invalid condition id : LAN8742 Phy interface Condition cause : null
2025-11-20 14:28:50,156 [WARN] ConditionMgr:1044 - genDependencies : Invalid condition id : LAN8742 Phy interface Condition cause : null
2025-11-20 14:28:50,156 [WARN] ConditionMgr:1044 - genDependencies : Invalid condition id : LAN8742 Phy interface Condition cause : null
2025-11-20 14:28:50,160 [WARN] PackLoader:240 - Cannot read IP mode file for STMicroelectronics.X-CUBE-SFXS2LP1.4.0.0
2025-11-20 14:28:50,168 [WARN] PackLoader:240 - Cannot read IP mode file for STMicroelectronics.X-CUBE-BLEMGR.4.1.0
2025-11-20 14:28:50,178 [WARN] ConditionMgr:438 - getConditionDescription Invalid condition id : UX DEVICE CLASS RTOS Condition cause : null
2025-11-20 14:28:50,178 [WARN] ConditionMgr:438 - getConditionDescription Invalid condition id : UX DEVICE CLASS RTOS Condition cause : null
2025-11-20 14:28:50,180 [WARN] PackLoader:240 - Cannot read IP mode file for STMicroelectronics.X-CUBE-AZRTOS-WB.2.0.0
2025-11-20 14:28:50,180 [WARN] ConditionMgr:1044 - genDependencies : Invalid condition id : UX DEVICE CLASS RTOS Condition cause : null
2025-11-20 14:28:50,180 [WARN] ConditionMgr:1044 - genDependencies : Invalid condition id : UX DEVICE CLASS RTOS Condition cause : null
2025-11-20 14:28:50,180 [WARN] ConditionMgr:1044 - genDependencies : Invalid condition id : UX DEVICE CLASS RTOS Condition cause : null
2025-11-20 14:28:50,181 [WARN] ConditionMgr:1044 - genDependencies : Invalid condition id : UX DEVICE CLASS RTOS Condition cause : null
2025-11-20 14:28:50,181 [WARN] ConditionMgr:1044 - genDependencies : Invalid condition id : UX DEVICE CLASS RTOS Condition cause : null
2025-11-20 14:28:50,184 [WARN] PackLoader:240 - Cannot read IP mode file for STMicroelectronics.X-CUBE-GNSS1.7.0.1
2025-11-20 14:28:50,187 [WARN] ConditionMgr:438 - getConditionDescription Invalid condition id : Cortex-A Device cause : null
2025-11-20 14:28:50,191 [WARN] ConditionMgr:1044 - genDependencies : Invalid condition id : Cortex-A Device cause : null
2025-11-20 14:28:50,191 [WARN] ConditionMgr:1044 - genDependencies : Invalid condition id : Cortex-A Device cause : null
2025-11-20 14:28:50,191 [WARN] ConditionMgr:1044 - genDependencies : Invalid condition id : Cortex-A Device cause : null
2025-11-20 14:28:50,196 [WARN] PackLoader:240 - Cannot read IP mode file for STMicroelectronics.X-CUBE-SUBG2.5.0.0
2025-11-20 14:28:50,214 [WARN] PackLoader:240 - Cannot read IP mode file for STMicroelectronics.X-CUBE-AZRTOS-H7RS.1.1.0
2025-11-20 14:28:50,221 [WARN] PackLoader:240 - Cannot read IP mode file for STMicroelectronics.X-CUBE-AZRTOS-G4.2.0.0
2025-11-20 14:28:50,224 [WARN] PackLoader:240 - Cannot read IP mode file for wolfSSL.I-CUBE-wolfSSH.1.4.20
2025-11-20 14:28:50,226 [WARN] PackLoader:240 - Cannot read IP mode file for STMicroelectronics.X-CUBE-NFC7.2.0.0
2025-11-20 14:28:50,228 [WARN] PackLoader:240 - Cannot read IP mode file for STMicroelectronics.X-CUBE-ALS.1.0.2
2025-11-20 14:28:50,231 [WARN] PackLoader:240 - Cannot read IP mode file for STMicroelectronics.X-CUBE-STSE01.1.0.0
2025-11-20 14:28:50,240 [WARN] PackLoader:240 - Cannot read IP mode file for STMicroelectronics.X-CUBE-TOF1.3.4.3
2025-11-20 14:28:50,259 [INFO] ThirdParty:978 - Integrity check success = true
2025-11-20 14:28:50,259 [INFO] IntegrityCheckThread:100 - exiting critical section [integrity check]
2025-11-20 14:28:50,259 [INFO] IntegrityCheckThread:103 - End integrity checks thread
2025-11-20 14:28:50,259 [INFO] ThirdParty:873 - entering critical section [close project]
2025-11-20 14:28:50,260 [INFO] ThirdParty:883 - exiting critical section [close project]
2025-11-20 14:28:50,262 [INFO] PinOutPanel:1589 - setPackage(No Configuration,No Configuration)
2025-11-20 14:28:50,263 [INFO] UtilMem:75 - Begin LoadConfig() Used Memory: 208666992 Bytes (350224384)
2025-11-20 14:28:50,265 [INFO] MicroXplorer:468 - Change Database Path : 
2025-11-20 14:28:50,265 [INFO] MicroXplorer:498 - Change Database Version : DB.6.0.150
2025-11-20 14:28:50,265 [INFO] OpenFileManager:355 - Change cursor
2025-11-20 14:28:50,287 [INFO] Mcu:2029 - Initializing MCU STM32G474R(B-C-E)Tx STM32G474RETx STM32G474RET6
2025-11-20 14:28:52,452 [INFO] Context:786 - Trying to add GPIOservice into a context  which must be forbidden
2025-11-20 14:28:53,574 [INFO] ApiDbMcu:532 - Load IP Config File for NUCLEO-G474RE
2025-11-20 14:28:53,644 [INFO] ImportTextPane:234 - (OptionalMessage_ERROR) Pin22 (VP_RIF_VS_RIF1) cannot be retrieved for this MCU
2025-11-20 14:28:53,721 [INFO] RtosManager:558 - Registered RTOS mode: class=CMSIS, group=RTOS, mode=CMSIS_V1, owner=FREERTOS
2025-11-20 14:28:53,721 [INFO] RtosManager:558 - Registered RTOS mode: class=CMSIS, group=RTOS2, mode=CMSIS_V2, owner=FREERTOS
2025-11-20 14:28:53,721 [INFO] RtosManager:558 - Registered RTOS mode: class=RTOS, group=Core, mode=CMSIS_V1, owner=FREERTOS
2025-11-20 14:28:53,721 [INFO] RtosManager:558 - Registered RTOS mode: class=RTOS, group=Core, mode=CMSIS_V2, owner=FREERTOS
2025-11-20 14:28:53,721 [WARN] ModelIntegratedComponent:184 - Missing modes for component STMicroelectronics:FreeRTOS:0.0.1:STMicroelectronics:RTOS:FreeRTOS:Core:::10.2.0:
2025-11-20 14:28:53,733 [WARN] ModelIntegratedComponent:63 - No mode defined for component null
2025-11-20 14:28:53,733 [WARN] ModelIntegratedComponent:63 - No mode defined for component null
2025-11-20 14:28:53,733 [WARN] ModelIntegratedComponent:63 - No mode defined for component null
2025-11-20 14:28:53,733 [WARN] ModelIntegratedComponent:63 - No mode defined for component null
2025-11-20 14:28:53,733 [WARN] ModelIntegratedComponent:63 - No mode defined for component null
2025-11-20 14:28:53,733 [WARN] ModelIntegratedComponent:63 - No mode defined for component null
2025-11-20 14:28:53,733 [WARN] ModelIntegratedComponent:63 - No mode defined for component null
2025-11-20 14:28:53,733 [WARN] ModelIntegratedComponent:63 - No mode defined for component null
2025-11-20 14:28:53,733 [WARN] ModelIntegratedComponent:63 - No mode defined for component null
2025-11-20 14:28:53,733 [WARN] ModelIntegratedComponent:63 - No mode defined for component null
2025-11-20 14:28:53,733 [WARN] ModelIntegratedComponent:63 - No mode defined for component null
2025-11-20 14:28:53,734 [WARN] ModelIntegratedComponent:63 - No mode defined for component null
2025-11-20 14:28:53,734 [WARN] ModelIntegratedComponent:63 - No mode defined for component null
2025-11-20 14:28:53,734 [WARN] ModelIntegratedComponent:63 - No mode defined for component null
2025-11-20 14:28:53,734 [WARN] ModelIntegratedComponent:63 - No mode defined for component null
2025-11-20 14:28:53,734 [WARN] ModelIntegratedComponent:63 - No mode defined for component null
2025-11-20 14:28:53,734 [WARN] ModelIntegratedComponent:63 - No mode defined for component null
2025-11-20 14:28:53,734 [WARN] ModelIntegratedComponent:63 - No mode defined for component null
2025-11-20 14:28:53,734 [WARN] ModelIntegratedComponent:63 - No mode defined for component null
2025-11-20 14:28:53,734 [WARN] ModelIntegratedComponent:63 - No mode defined for component null
2025-11-20 14:28:53,734 [WARN] ModelIntegratedComponent:63 - No mode defined for component null
2025-11-20 14:28:53,734 [WARN] ModelIntegratedComponent:63 - No mode defined for component null
2025-11-20 14:28:53,734 [WARN] ModelIntegratedComponent:63 - No mode defined for component null
2025-11-20 14:28:53,734 [WARN] ModelIntegratedComponent:63 - No mode defined for component null
2025-11-20 14:28:53,734 [WARN] ModelIntegratedComponent:63 - No mode defined for component null
2025-11-20 14:28:53,734 [WARN] ModelIntegratedComponent:63 - No mode defined for component null
2025-11-20 14:28:53,734 [WARN] ModelIntegratedComponent:63 - No mode defined for component null
2025-11-20 14:28:53,734 [WARN] ModelIntegratedComponent:63 - No mode defined for component null
2025-11-20 14:28:53,734 [WARN] ModelIntegratedComponent:63 - No mode defined for component null
2025-11-20 14:28:53,734 [WARN] ModelIntegratedComponent:63 - No mode defined for component null
2025-11-20 14:28:53,734 [WARN] ModelIntegratedComponent:63 - No mode defined for component null
2025-11-20 14:28:53,734 [WARN] ModelIntegratedComponent:63 - No mode defined for component null
2025-11-20 14:28:53,734 [WARN] ModelIntegratedComponent:63 - No mode defined for component null
2025-11-20 14:28:53,734 [WARN] ModelIntegratedComponent:63 - No mode defined for component null
2025-11-20 14:28:53,734 [WARN] ModelIntegratedComponent:63 - No mode defined for component null
2025-11-20 14:28:53,734 [WARN] ModelPack:524 - Component already loaded: STMicroelectronics:HAL Drivers:0.0.0:STMicroelectronics:Device:STMicro_Driver:XSPI:HAL::0.0.1:HAL_XSPI
2025-11-20 14:28:53,790 [INFO] ThirdPartyModel:298 - Start build external matchings
2025-11-20 14:28:53,966 [INFO] ThirdPartyModel:316 - End build external matchings
2025-11-20 14:28:53,976 [INFO] RtosManager:1018 - Current active RTOS is FREERTOS [Cortex-M4NS]
2025-11-20 14:28:53,983 [INFO] ImportTextPane:234 - (OptionalMessage_ERROR) IP (DMA) : Parameter (Instance) has Id (LPUART1_RX) currently not set
2025-11-20 14:28:53,983 [INFO] ImportTextPane:234 - (OptionalMessage_ERROR) IP (DMA) : Parameter (Request) has Id (LPUART1_RX) currently not set
2025-11-20 14:28:53,983 [INFO] ImportTextPane:234 - (OptionalMessage_ERROR) IP (DMA) : Parameter (Direction) has Id (LPUART1_RX) currently not set
2025-11-20 14:28:53,983 [INFO] ImportTextPane:234 - (OptionalMessage_ERROR) IP (DMA) : Parameter (PeriphInc) has Id (LPUART1_RX) currently not set
2025-11-20 14:28:53,983 [INFO] ImportTextPane:234 - (OptionalMessage_ERROR) IP (DMA) : Parameter (MemInc) has Id (LPUART1_RX) currently not set
2025-11-20 14:28:53,983 [INFO] ImportTextPane:234 - (OptionalMessage_ERROR) IP (DMA) : Parameter (PeriphDataAlignment) has Id (LPUART1_RX) currently not set
2025-11-20 14:28:53,984 [INFO] ImportTextPane:234 - (OptionalMessage_ERROR) IP (DMA) : Parameter (MemDataAlignment) has Id (LPUART1_RX) currently not set
2025-11-20 14:28:53,984 [INFO] ImportTextPane:234 - (OptionalMessage_ERROR) IP (DMA) : Parameter (Mode) has Id (LPUART1_RX) currently not set
2025-11-20 14:28:53,984 [INFO] ImportTextPane:234 - (OptionalMessage_ERROR) IP (DMA) : Parameter (Priority) has Id (LPUART1_RX) currently not set
2025-11-20 14:28:53,984 [INFO] ImportTextPane:234 - (OptionalMessage_ERROR) IP (DMA) : Parameter (SignalID) has Id (LPUART1_RX) currently not set
2025-11-20 14:28:53,984 [INFO] ImportTextPane:234 - (OptionalMessage_ERROR) IP (DMA) : Parameter (Polarity) has Id (LPUART1_RX) currently not set
2025-11-20 14:28:53,984 [INFO] ImportTextPane:234 - (OptionalMessage_ERROR) IP (DMA) : Parameter (RequestNumber) has Id (LPUART1_RX) currently not set
2025-11-20 14:28:53,984 [INFO] ImportTextPane:234 - (OptionalMessage_ERROR) IP (DMA) : Parameter (SyncSignalID) has Id (LPUART1_RX) currently not set
2025-11-20 14:28:53,984 [INFO] ImportTextPane:234 - (OptionalMessage_ERROR) IP (DMA) : Parameter (SyncPolarity) has Id (LPUART1_RX) currently not set
2025-11-20 14:28:53,984 [INFO] ImportTextPane:234 - (OptionalMessage_ERROR) IP (DMA) : Parameter (SyncEnable) has Id (LPUART1_RX) currently not set
2025-11-20 14:28:53,984 [INFO] ImportTextPane:234 - (OptionalMessage_ERROR) IP (DMA) : Parameter (EventEnable) has Id (LPUART1_RX) currently not set
2025-11-20 14:28:53,984 [INFO] ImportTextPane:234 - (OptionalMessage_ERROR) IP (DMA) : Parameter (SyncRequestNumber) has Id (LPUART1_RX) currently not set
2025-11-20 14:28:53,984 [INFO] ImportTextPane:234 - (OptionalMessage_ERROR) IP (DMA) : Parameter (Instance) has Id (LPUART1_TX) currently not set
2025-11-20 14:28:53,984 [INFO] ImportTextPane:234 - (OptionalMessage_ERROR) IP (DMA) : Parameter (Request) has Id (LPUART1_TX) currently not set
2025-11-20 14:28:53,984 [INFO] ImportTextPane:234 - (OptionalMessage_ERROR) IP (DMA) : Parameter (Direction) has Id (LPUART1_TX) currently not set
2025-11-20 14:28:53,984 [INFO] ImportTextPane:234 - (OptionalMessage_ERROR) IP (DMA) : Parameter (PeriphInc) has Id (LPUART1_TX) currently not set
2025-11-20 14:28:53,984 [INFO] ImportTextPane:234 - (OptionalMessage_ERROR) IP (DMA) : Parameter (MemInc) has Id (LPUART1_TX) currently not set
2025-11-20 14:28:53,984 [INFO] ImportTextPane:234 - (OptionalMessage_ERROR) IP (DMA) : Parameter (PeriphDataAlignment) has Id (LPUART1_TX) currently not set
2025-11-20 14:28:53,984 [INFO] ImportTextPane:234 - (OptionalMessage_ERROR) IP (DMA) : Parameter (MemDataAlignment) has Id (LPUART1_TX) currently not set
2025-11-20 14:28:53,984 [INFO] ImportTextPane:234 - (OptionalMessage_ERROR) IP (DMA) : Parameter (Mode) has Id (LPUART1_TX) currently not set
2025-11-20 14:28:53,984 [INFO] ImportTextPane:234 - (OptionalMessage_ERROR) IP (DMA) : Parameter (Priority) has Id (LPUART1_TX) currently not set
2025-11-20 14:28:53,984 [INFO] ImportTextPane:234 - (OptionalMessage_ERROR) IP (DMA) : Parameter (SignalID) has Id (LPUART1_TX) currently not set
2025-11-20 14:28:53,984 [INFO] ImportTextPane:234 - (OptionalMessage_ERROR) IP (DMA) : Parameter (Polarity) has Id (LPUART1_TX) currently not set
2025-11-20 14:28:53,984 [INFO] ImportTextPane:234 - (OptionalMessage_ERROR) IP (DMA) : Parameter (RequestNumber) has Id (LPUART1_TX) currently not set
2025-11-20 14:28:53,984 [INFO] ImportTextPane:234 - (OptionalMessage_ERROR) IP (DMA) : Parameter (SyncSignalID) has Id (LPUART1_TX) currently not set
2025-11-20 14:28:53,984 [INFO] ImportTextPane:234 - (OptionalMessage_ERROR) IP (DMA) : Parameter (SyncPolarity) has Id (LPUART1_TX) currently not set
2025-11-20 14:28:53,984 [INFO] ImportTextPane:234 - (OptionalMessage_ERROR) IP (DMA) : Parameter (SyncEnable) has Id (LPUART1_TX) currently not set
2025-11-20 14:28:53,984 [INFO] ImportTextPane:234 - (OptionalMessage_ERROR) IP (DMA) : Parameter (EventEnable) has Id (LPUART1_TX) currently not set
2025-11-20 14:28:53,984 [INFO] ImportTextPane:234 - (OptionalMessage_ERROR) IP (DMA) : Parameter (SyncRequestNumber) has Id (LPUART1_TX) currently not set
2025-11-20 14:28:54,226 [INFO] ApiDb:581 - Connected to CubeFinder SQLite database (/home/natthanicha/.stmcufinder/plugins/mcufinder/mcu/cube-finder-db.db)
2025-11-20 14:28:54,257 [INFO] ApiDb:668 - CubeFinder database Data Model version=2.1
2025-11-20 14:28:54,257 [INFO] ApiDb:669 - CubeFinder database Configuration version=3.0.39
2025-11-20 14:28:54,257 [INFO] ApiDb:670 - CubeFinder database generation date=2025-10-27 (1761571959)
2025-11-20 14:28:54,257 [INFO] ApiDb:671 - CubeFinder database FW Pack versions=[FP-ATR-ASTRA1_V2.0.0, FP-SNS-FLIGHT1_V5.1.0, FP-SNS-MOTENV1_V5.0.0, FP-SNS-MOTENVWB1_V1.4.0, FP-SNS-SMARTAG2_V1.2.0, FP-SNS-STBOX1_V2.1.0, STM32Cube_FW_C0_V1.4.0, STM32Cube_FW_F4_V1.28.3, STM32Cube_FW_F7_V1.17.4, STM32Cube_FW_G0_V1.6.2, STM32Cube_FW_G4_V1.6.1, STM32Cube_FW_H5_V1.5.0, STM32Cube_FW_H7RS_V1.2.0, STM32Cube_FW_H7_V1.12.1, STM32Cube_FW_L0_V1.12.2, STM32Cube_FW_L4_V1.18.1, STM32Cube_FW_L5_V1.5.1, STM32Cube_FW_N6_V1.2.0, STM32Cube_FW_U0_V1.3.0, STM32Cube_FW_U3_V1.2.1, STM32Cube_FW_U5_V1.8.0, STM32Cube_FW_WB0_V1.3.0, STM32Cube_FW_WBA_V1.7.0, STM32Cube_FW_WB_V1.23.0, STM32Cube_FW_WL3_V1.2.0, STM32Cube_FW_WL_V1.3.1, X-CUBE-ALGOBUILD_V1.4.0, X-CUBE-ALS_V1.0.2, X-CUBE-AZRTOS-F4_V1.1.0, X-CUBE-AZRTOS-F7_V1.1.0, X-CUBE-AZRTOS-G0_V1.1.0, X-CUBE-AZRTOS-G4_V2.0.0, X-CUBE-AZRTOS-H7RS_V1.1.0, X-CUBE-AZRTOS-H7_V3.4.0, X-CUBE-AZRTOS-L4_V2.0.0, X-CUBE-AZRTOS-L5_V2.0.0, X-CUBE-AZRTOS-WB_V2.0.0, X-CUBE-AZRTOS-WL_V2.0.0, X-CUBE-BLE1_V7.1.0, X-CUBE-BLE2_V3.3.0, X-CUBE-BLEMGR_V4.1.0, X-CUBE-EEPRMA1_V5.2.0, X-CUBE-FREERTOS_V1.3.1, X-CUBE-GNSS1_V6.0.0, X-CUBE-MEMS1_V11.3.0, X-CUBE-NFC4_V3.0.0, X-CUBE-NFC7_V2.0.0, X-CUBE-SFXS2LP1_V4.0.0, X-CUBE-ST67W61_V1.1.0, X-CUBE-SUBG2_V5.0.0, X-CUBE-TOF1_V3.4.3]
2025-11-20 14:28:54,289 [INFO] DbBoardsSqlite:226 - include board P-NUCLEO-WB55-NUCLEO as a kit item of type 'Nucleo-64'
2025-11-20 14:28:54,289 [INFO] DbBoardsSqlite:226 - include board P-NUCLEO-WB55-USBDONGLE as a kit item of type 'Nucleo USB Dongle'
2025-11-20 14:28:54,289 [INFO] DbBoardsSqlite:226 - include board STEVAL-IDP005V1 as a kit item of type 'Evaluation Board'
2025-11-20 14:28:54,290 [INFO] DbBoardsSqlite:226 - include board STEVAL-IDP005V2 as a kit item of type 'Evaluation Board'
2025-11-20 14:28:54,315 [INFO] ApiDb:240 - Found 880 in-development CPN: [B-G473E-ZEST1S, B-WB1M-WPAN1, B-WBA5M-WPAN, B-WL5M-SUBG1, NUCLEO-C031C6, NUCLEO-C051C8, NUCLEO-C071RB, NUCLEO-C092RC, NUCLEO-H503RB, NUCLEO-H533RE, NUCLEO-H563ZI, NUCLEO-H7S3L8, NUCLEO-N657X0-Q, NUCLEO-U031R8, NUCLEO-U083RC, NUCLEO-U385RG-Q, NUCLEO-U545RE-Q, NUCLEO-U5A5ZJ-Q, NUCLEO-WB05KZ, NUCLEO-WB07CC, NUCLEO-WB09KE, NUCLEO-WBA52CG, NUCLEO-WBA55CG, NUCLEO-WL33CC1, NUCLEO-WL33CC2, STEVAL-PROTEUS1, STEVAL-SMARTAG2, STEVAL-STWINBX1, STM320518-EVAL, STM32C0116-DK, STM32C011D6Y3TR, STM32C011D6Y6TR, STM32C011F4P3, STM32C011F4P6, STM32C011F4U3, STM32C011F4U6TR, STM32C011F6P3, STM32C011F6P6, STM32C011F6U3, STM32C011F6U6TR, STM32C011J4M3, STM32C011J4M6, STM32C011J6M3, STM32C011J6M6, STM32C0316-DK, STM32C031C4T3, STM32C031C4T6, STM32C031C4U3, STM32C031C4U6, STM32C031C6T3, STM32C031C6T6, STM32C031C6U3, STM32C031C6U6, STM32C031F4P3, STM32C031F4P6, STM32C031F6P3, STM32C031F6P6, STM32C031G4U3, STM32C031G4U6, STM32C031G6U3, STM32C031G6U6, STM32C031K4T3, STM32C031K4T6, STM32C031K4U3, STM32C031K4U6, STM32C031K6T3, STM32C031K6T6, STM32C031K6U3, STM32C031K6U6, STM32C051C6T6, STM32C051C6U6, STM32C051C8T6, STM32C051C8U6, STM32C051D8Y6TR, STM32C051F6P6, STM32C051F8P6, STM32C051G6U6, STM32C051G8U6, STM32C051K6T6, STM32C051K6U6, STM32C051K8T6, STM32C071C8T6, STM32C071C8T6N, STM32C071C8U6, STM32C071C8U6N, STM32C071CBT6, STM32C071CBT6N, STM32C071CBU6, STM32C071CBU6N, STM32C071F8P6, STM32C071F8P6N, STM32C071FBP6, STM32C071FBP6N, STM32C071FBY6TR, STM32C071G8U6, STM32C071G8U6N, STM32C071GBU6, STM32C071GBU6N, STM32C071K8T6, STM32C071K8T6N, STM32C071K8U6, STM32C071K8U6N, STM32C071KBT6, STM32C071KBT6N, STM32C071KBU6, STM32C071KBU6N, STM32C071R8T6, STM32C071R8T6N, STM32C071RBI6N, STM32C071RBT6, STM32C071RBT6N, STM32C091CBT6, STM32C091CBU6, STM32C091CCT6, STM32C091CCU6, STM32C091ECY6TR, STM32C091FBP6, STM32C091FCP6, STM32C091GBU6, STM32C091GCU6, STM32C091KBT6, STM32C091KBU6, STM32C091KCT6, STM32C091KCU6, STM32C091RBT6, STM32C091RCI6, STM32C091RCT6, STM32C092CBT6, STM32C092CBU6, STM32C092CCT6, STM32C092CCU6, STM32C092ECY6TR, STM32C092FBP6, STM32C092FCP6, STM32C092GBU6, STM32C092GCU6, STM32C092KBT6, STM32C092KBU6, STM32C092KCT6, STM32C092KCU6, STM32C092RBT6, STM32C092RCI6, STM32C092RCT6, STM32G071K8TXN, STM32G071K8UXN, STM32G081GBU6N, STM32G081KBT6N, STM32G081KBUXN, STM32G0B1CCT6N, STM32G0B1KCT6, STM32G0B1NEY6TR, STM32G0B1RCT6N, STM32G0C1CCT6, STM32G0C1CCT6N, STM32G0C1CCU6N, STM32G0C1CET6N, STM32G0C1CEU6N, STM32G0C1KCT6, STM32G0C1NEY6TR, STM32G0C1RCI6N, STM32G0C1RCT6N, STM32G0C1REI6N, STM32G0C1RET6N, STM32G0C1VCI6, STM32G0C1VEI6, STM32G411C6T3, STM32G411C6T6, STM32G411C6U3, STM32G411C6U6, STM32G411C8T3, STM32G411C8T6, STM32G411C8U3, STM32G411C8U6, STM32G411CBT3, STM32G411CBT6, STM32G411CBU3, STM32G411CBU6, STM32G411K6T3, STM32G411K6T6, STM32G411K6U3, STM32G411K6U6, STM32G411K8T3, STM32G411K8T6, STM32G411K8U3, STM32G411K8U6, STM32G411KBT3, STM32G411KBT6, STM32G411KBU3, STM32G411KBU6, STM32G411M6T3, STM32G411M6T6, STM32G411M8T3, STM32G411M8T6, STM32G411MBT3, STM32G411MBT6, STM32G411R6T3, STM32G411R6T6, STM32G411R8T3, STM32G411R8T6, STM32G411RBT3, STM32G411RBT6, STM32G414CBT3, STM32G414CBT6, STM32G414CBU3, STM32G414CBU6, STM32G414CCT3, STM32G414CCT6, STM32G414CCU3, STM32G414CCU6, STM32G414MBT3, STM32G414MBT6, STM32G414MCT3, STM32G414MCT6, STM32G414RBT3, STM32G414RBT6, STM32G414RCT3, STM32G414RCT6, STM32G414VBT3, STM32G414VBT6, STM32G414VCT3, STM32G414VCT6, STM32G431CBT3Z, STM32G431RBT3Z, STM32G471CCT6, STM32G471CCU6, STM32G471CET3, STM32G471CET6, STM32G471CEU3, STM32G471CEU6, STM32G471MCT6, STM32G471MET3, STM32G471MET6, STM32G471MEY6TR, STM32G471QCT6, STM32G471QET3, STM32G471RCT6, STM32G471RET3, STM32G471RET6, STM32G471VCH6, STM32G471VCI6, STM32G471VCT6, STM32G471VEH3, STM32G471VEH6, STM32G471VEI3, STM32G471VEI6, STM32G471VET3, STM32G471VET6, STM32G473QET3Z, STM32G473RET3Z, STM32G474CCT6, STM32G491RET3Z, STM32H503CBT6, STM32H503CBU6, STM32H503EBY6TR, STM32H503KBU6, STM32H503RBT6, STM32H523CCT6, STM32H523CCU6, STM32H523CET6, STM32H523CEU6, STM32H523HEY6TR, STM32H523RCT6, STM32H523RET6, STM32H523VCI6, STM32H523VCT6, STM32H523VEI6, STM32H523VET6, STM32H523ZCJ6, STM32H523ZCT6, STM32H523ZEJ6, STM32H523ZET6, STM32H533CET6, STM32H533CEU6, STM32H533HEY6TR, STM32H533RET6, STM32H533VEI6, STM32H533VET6, STM32H533ZEJ6, STM32H533ZET6, STM32H562AGI6, STM32H562AII6, STM32H562IGK6, STM32H562IGT6, STM32H562IIK6, STM32H562IIT6, STM32H562RGT6, STM32H562RGV6, STM32H562RIT6, STM32H562RIV6, STM32H562VGT6, STM32H562VIT6, STM32H562ZGT6, STM32H562ZIT6, STM32H563AGI6, STM32H563AII3Q, STM32H563AII6, STM32H563IGK6, STM32H563IGT6, STM32H563IIK3Q, STM32H563IIK6, STM32H563IIT3Q, STM32H563IIT6, STM32H563MIY3QTR, STM32H563RGT6, STM32H563RGV6, STM32H563RIT6, STM32H563RIV6, STM32H563VGT6, STM32H563VIT3Q, STM32H563VIT6, STM32H563ZGT6, STM32H563ZIT3Q, STM32H563ZIT6, STM32H573AII3Q, STM32H573AII6, STM32H573I-DK, STM32H573IIK3Q, STM32H573IIK6, STM32H573IIT3Q, STM32H573IIT6, STM32H573MIY3QTR, STM32H573RIT6, STM32H573RIV6, STM32H573VIT3Q, STM32H573VIT6, STM32H573ZIT3Q, STM32H573ZIT6, STM32H7R3A8I6, STM32H7R3I8K6, STM32H7R3I8T6, STM32H7R3L8H6, STM32H7R3L8H6H, STM32H7R3R8V6, STM32H7R3V8H6, STM32H7R3V8T6, STM32H7R3V8Y6TR, STM32H7R3Z8J6, STM32H7R3Z8T6, STM32H7R7A8I6, STM32H7R7I8K6, STM32H7R7I8T6, STM32H7R7L8H6, STM32H7R7L8H6H, STM32H7R7Z8J6, STM32H7S3A8I6, STM32H7S3I8K6, STM32H7S3I8T6, STM32H7S3L8H6, STM32H7S3L8H6H, STM32H7S3R8V6, STM32H7S3V8H6, STM32H7S3V8T6, STM32H7S3V8Y6TR, STM32H7S3Z8J6, STM32H7S3Z8T6, STM32H7S78-DK, STM32H7S7A8I6, STM32H7S7I8K6, STM32H7S7I8T6, STM32H7S7L8H6, STM32H7S7L8H6H, STM32H7S7Z8J6, STM32L4R5QGI6STR, STM32MP131AAE3, STM32MP131AAF3, STM32MP131AAG3, STM32MP131CAE3, STM32MP131CAF3, STM32MP131CAG3, STM32MP131DAE7, STM32MP131DAF7, STM32MP131DAG7, STM32MP131FAE7, STM32MP131FAF7, STM32MP131FAG7, STM32MP133AAE3, STM32MP133AAF3, STM32MP133AAG3, STM32MP133CAE3, STM32MP133CAF3, STM32MP133CAG3, STM32MP133DAE7, STM32MP133DAF7, STM32MP133DAG7, STM32MP133FAE7, STM32MP133FAF7, STM32MP133FAG7, STM32MP135AAE3, STM32MP135AAF3, STM32MP135AAG3, STM32MP135CAE3, STM32MP135CAF3, STM32MP135CAG3, STM32MP135DAE7, STM32MP135DAF7, STM32MP135DAG7, STM32MP135F-DK, STM32MP135FAE7, STM32MP135FAF7, STM32MP135FAF7T, STM32MP135FAF7U, STM32MP135FAG7, STM32MP211AAL3, STM32MP211AAM3, STM32MP211AAN3, STM32MP211AAO3, STM32MP211CAL3, STM32MP211CAM3, STM32MP211CAN3, STM32MP211CAO3, STM32MP211DAL3, STM32MP211DAM3, STM32MP211DAN3, STM32MP211DAO3, STM32MP211FAL3, STM32MP211FAM3, STM32MP211FAN3, STM32MP211FAO3, STM32MP213AAL3, STM32MP213AAM3, STM32MP213AAN3, STM32MP213AAO3, STM32MP213CAL3, STM32MP213CAM3, STM32MP213CAN3, STM32MP213CAO3, STM32MP213DAL3, STM32MP213DAM3, STM32MP213DAN3, STM32MP213DAO3, STM32MP213FAL3, STM32MP213FAM3, STM32MP213FAN3, STM32MP213FAO3, STM32MP215AAL3, STM32MP215AAM3, STM32MP215AAN3, STM32MP215AAO3, STM32MP215CAL3, STM32MP215CAM3, STM32MP215CAN3, STM32MP215CAO3, STM32MP215DAL3, STM32MP215DAM3, STM32MP215DAN3, STM32MP215DAO3, STM32MP215F-DK, STM32MP215FAL3, STM32MP215FAM3, STM32MP215FAN3, STM32MP215FAO3, STM32MP231AAJ3, STM32MP231AAK3, STM32MP231AAL3, STM32MP231CAJ3, STM32MP231CAK3, STM32MP231CAL3, STM32MP231DAJ3, STM32MP231DAK3, STM32MP231DAL3, STM32MP231FAJ3, STM32MP231FAK3, STM32MP231FAL3, STM32MP233AAJ3, STM32MP233AAK3, STM32MP233AAL3, STM32MP233CAJ3, STM32MP233CAK3, STM32MP233CAL3, STM32MP233DAJ3, STM32MP233DAK3, STM32MP233DAL3, STM32MP233FAJ3, STM32MP233FAK3, STM32MP233FAL3, STM32MP235AAJ3, STM32MP235AAK3, STM32MP235AAL3, STM32MP235CAJ3, STM32MP235CAK3, STM32MP235CAL3, STM32MP235DAJ3, STM32MP235DAK3, STM32MP235DAL3, STM32MP235FAJ3, STM32MP235FAK3, STM32MP235FAL3, STM32MP251AAI3, STM32MP251AAK3, STM32MP251AAL3, STM32MP251CAI3, STM32MP251CAK3, STM32MP251CAL3, STM32MP251DAI3, STM32MP251DAK3, STM32MP251DAL3, STM32MP251FAI3, STM32MP251FAK3, STM32MP251FAL3, STM32MP253AAI3, STM32MP253AAK3, STM32MP253AAL3, STM32MP253CAI3, STM32MP253CAK3, STM32MP253CAL3, STM32MP253DAI3, STM32MP253DAK3, STM32MP253DAL3, STM32MP253FAI3, STM32MP253FAK3, STM32MP253FAL3, STM32MP255AAI3, STM32MP255AAK3, STM32MP255AAL3, STM32MP255CAI3, STM32MP255CAK3, STM32MP255CAL3, STM32MP255DAI3, STM32MP255DAK3, STM32MP255DAL3, STM32MP255FAI3, STM32MP255FAK3, STM32MP255FAL3, STM32MP257AAI3, STM32MP257AAK3, STM32MP257AAL3, STM32MP257CAI3, STM32MP257CAK3, STM32MP257CAL3, STM32MP257DAI3, STM32MP257DAK3, STM32MP257DAL3, STM32MP257F-DK, STM32MP257F-EV1, STM32MP257FAI3, STM32MP257FAK3, STM32MP257FAL3, STM32N645A0H3Q, STM32N645B0H3Q, STM32N645I0H3Q, STM32N645L0H3Q, STM32N645X0H3Q, STM32N645Z0H3Q, STM32N647A0H3Q, STM32N647B0H3Q, STM32N647I0H3Q, STM32N647L0H3Q, STM32N647X0H3Q, STM32N647Z0H3Q, STM32N655A0H3Q, STM32N655B0H3Q, STM32N655I0H3Q, STM32N655L0H3Q, STM32N655X0H3Q, STM32N655Z0H3Q, STM32N6570-DK, STM32N657A0H3Q, STM32N657B0H3Q, STM32N657I0H3Q, STM32N657L0H3Q, STM32N657X0H3Q, STM32N657Z0H3Q, STM32U031C6T6, STM32U031C6U6, STM32U031C8T6, STM32U031C8U6, STM32U031F4P6, STM32U031F6P6, STM32U031F8P6, STM32U031G6Y6TR, STM32U031G8Y6TR, STM32U031K4U6, STM32U031K6U6, STM32U031K8U6, STM32U031R6I6, STM32U031R6T6, STM32U031R8I6, STM32U031R8T6, STM32U073C8T6, STM32U073C8U6, STM32U073CBT6, STM32U073CBU6, STM32U073CCT6, STM32U073CCU6, STM32U073H8Y6TR, STM32U073HBY6TR, STM32U073HCY6TR, STM32U073K8U6, STM32U073KBU6, STM32U073KCU6, STM32U073M8I6, STM32U073M8T6, STM32U073MBI6, STM32U073MBT6, STM32U073MCI6, STM32U073MCT6, STM32U073R8I6, STM32U073R8T6, STM32U073RBI6, STM32U073RBT6, STM32U073RCI6, STM32U073RCT6, STM32U083C-DK, STM32U083CCT6, STM32U083CCU6, STM32U083HCY6TR, STM32U083KCU6, STM32U083MCI6, STM32U083MCT6, STM32U083RCI6, STM32U083RCT6, STM32U375CET6, STM32U375CET6Q, STM32U375CEU6, STM32U375CEU6Q, STM32U375CEY6QTR, STM32U375CGT6, STM32U375CGT6Q, STM32U375CGU6, STM32U375CGU6Q, STM32U375CGY6QTR, STM32U375KEU6, STM32U375KGU6, STM32U375REI6, STM32U375REI6Q, STM32U375RET6, STM32U375RET6Q, STM32U375REY6GTR, STM32U375REY6QTR, STM32U375RGI6, STM32U375RGI6Q, STM32U375RGT6, STM32U375RGT6Q, STM32U375RGY6GTR, STM32U375RGY6QTR, STM32U375VEI6, STM32U375VEI6Q, STM32U375VET6, STM32U375VET6Q, STM32U375VGI6, STM32U375VGI6Q, STM32U375VGT6, STM32U375VGT6Q, STM32U385CGT6, STM32U385CGT6Q, STM32U385CGU6, STM32U385CGU6Q, STM32U385CGY6QTR, STM32U385KGU6, STM32U385RGI6, STM32U385RGI6Q, STM32U385RGT6, STM32U385RGT6Q, STM32U385RGY6GTR, STM32U385RGY6QTR, STM32U385VGI6, STM32U385VGI6Q, STM32U385VGT6, STM32U385VGT6Q, STM32U535CBT6, STM32U535CBT6Q, STM32U535CBU6, STM32U535CBU6Q, STM32U535CCT6, STM32U535CCT6Q, STM32U535CCU6, STM32U535CCU6Q, STM32U535CET6, STM32U535CET6Q, STM32U535CEU6, STM32U535CEU6Q, STM32U535JEY6QTR, STM32U535NCY6QTR, STM32U535NEY6QTR, STM32U535RBI6, STM32U535RBI6Q, STM32U535RBT6, STM32U535RBT6Q, STM32U535RCI6, STM32U535RCI6Q, STM32U535RCT6, STM32U535RCT6Q, STM32U535REI6, STM32U535REI6Q, STM32U535RET6, STM32U535RET6Q, STM32U535VCI6, STM32U535VCI6Q, STM32U535VCT6, STM32U535VCT6Q, STM32U535VEI6, STM32U535VEI6Q, STM32U535VET6, STM32U535VET6Q, STM32U545CET6, STM32U545CET6Q, STM32U545CEU6, STM32U545CEU6Q, STM32U545JEY6QTR, STM32U545NEY6QTR, STM32U545REI6, STM32U545REI6Q, STM32U545RET6, STM32U545RET6Q, STM32U545VEI6, STM32U545VEI6Q, STM32U545VET6, STM32U545VET6Q, STM32U595AIH6, STM32U595AIH6Q, STM32U595AJH6, STM32U595AJH6Q, STM32U595QII6, STM32U595QII6Q, STM32U595QJI6, STM32U595QJI6Q, STM32U595RIT6, STM32U595RIT6Q, STM32U595RJT6, STM32U595RJT6Q, STM32U595VIT6, STM32U595VIT6Q, STM32U595VJT6, STM32U595VJT6Q, STM32U595ZIT6, STM32U595ZIT6Q, STM32U595ZIY6QTR, STM32U595ZJT6, STM32U595ZJT6Q, STM32U595ZJY6QTR, STM32U599BJY6QTR, STM32U599NIH6Q, STM32U599NJH6Q, STM32U599VIT6Q, STM32U599VJT6, STM32U599VJT6Q, STM32U599ZIT6Q, STM32U599ZIY6QTR, STM32U599ZJT6Q, STM32U599ZJY6QTR, STM32U5A5AJH6, STM32U5A5AJH6Q, STM32U5A5QII3Q , STM32U5A5QJI6, STM32U5A5QJI6Q, STM32U5A5RJT6, STM32U5A5RJT6Q, STM32U5A5VJT6, STM32U5A5VJT6Q, STM32U5A5ZJT6, STM32U5A5ZJT6Q, STM32U5A5ZJY6QTR, STM32U5A9BJY6QTR, STM32U5A9J-DK, STM32U5A9NJH6Q, STM32U5A9VJT6Q, STM32U5A9ZJT6Q, STM32U5A9ZJY6QTR, STM32U5F7VIT6, STM32U5F7VIT6Q, STM32U5F7VJT6, STM32U5F7VJT6Q, STM32U5F9BJY6QTR, STM32U5F9NJH6Q, STM32U5F9VIT6Q, STM32U5F9VJT6Q, STM32U5F9ZIJ6QTR, STM32U5F9ZIT6Q, STM32U5F9ZJJ6QTR, STM32U5F9ZJT6Q, STM32U5G7VJT6, STM32U5G7VJT6Q, STM32U5G9BJY6QTR, STM32U5G9J-DK1, STM32U5G9J-DK2, STM32U5G9NJH6Q, STM32U5G9VJT6Q, STM32U5G9ZJJ6QTR, STM32U5G9ZJT6Q, STM32WB05KZV6TR, STM32WB05KZV7TR, STM32WB05TZF6TR, STM32WB05TZF7TR, STM32WB06CCF6TR, STM32WB06CCF7TR, STM32WB06CCV6TR, STM32WB06CCV7TR, STM32WB06KCV6TR, STM32WB06KCV7TR, STM32WB07CCF6TR, STM32WB07CCF7TR, STM32WB07CCV6TR, STM32WB07CCV7TR, STM32WB07KCV6TR, STM32WB07KCV7TR, STM32WB09KEV6TR, STM32WB09KEV7TR, STM32WB09TEF6TR, STM32WB09TEF7TR, STM32WB1MMCH6, STM32WBA50KGU6, STM32WBA50KGU6TR, STM32WBA52CEU6, STM32WBA52CEU6TR, STM32WBA52CEU7, STM32WBA52CEU7TR, STM32WBA52CGU6, STM32WBA52CGU6TR, STM32WBA52CGU6U, STM32WBA52CGU7, STM32WBA52CGU7TR, STM32WBA52KEU6, STM32WBA52KEU6TR, STM32WBA52KGU6, STM32WBA52KGU6TR, STM32WBA54CEU6, STM32WBA54CEU6TR, STM32WBA54CEU7, STM32WBA54CEU7TR, STM32WBA54CGU6, STM32WBA54CGU6TR, STM32WBA54CGU7, STM32WBA54CGU7TR, STM32WBA54KEU6, STM32WBA54KEU6TR, STM32WBA54KEU7, STM32WBA54KEU7TR, STM32WBA54KGU6, STM32WBA54KGU6TR, STM32WBA54KGU7, STM32WBA54KGU7TR, STM32WBA55CEU6, STM32WBA55CEU6TR, STM32WBA55CEU7, STM32WBA55CEU7TR, STM32WBA55CGU6, STM32WBA55CGU6TR, STM32WBA55CGU6U, STM32WBA55CGU7, STM32WBA55CGU7TR, STM32WBA55G-DK1, STM32WBA55HEF6, STM32WBA55HEF7, STM32WBA55HGF6, STM32WBA55HGF7, STM32WBA55UEI6, STM32WBA55UEI6TR, STM32WBA55UEI7, STM32WBA55UEI7TR, STM32WBA55UGI6, STM32WBA55UGI6TR, STM32WBA55UGI7, STM32WBA55UGI7TR, STM32WBA5MMGH6TR, STM32WBA62MGF6, STM32WBA62MIF6, STM32WBA65MGF7, STM32WBA65MIF6, STM32WBA65MIF7, STM32WL30K8V6, STM32WL30KBV6, STM32WL31C8V6, STM32WL31CBV6, STM32WL31K8V6, STM32WL31KBV6, STM32WL33C8V6, STM32WL33C8V6X, STM32WL33CBV6, STM32WL33CBV6X, STM32WL33CCV6, STM32WL33CCV6A, STM32WL33CCV6X, STM32WL33K8V7, STM32WL33K8V7X, STM32WL33KBV7 , STM32WL33KBV7X, STM32WL33KCV7, STM32WL33KCV7X, STM32WL5MOCH6, STM32WL5MOCH6TR]
2025-11-20 14:28:54,372 [INFO] BoardInfo:889 - No configuration file found for board P-NUCLEO-WB55
2025-11-20 14:28:54,372 [INFO] DbBoards:161 - Kit is not supported: P-NUCLEO-WB55
2025-11-20 14:28:54,374 [INFO] BoardInfo:889 - No configuration file found for board STEVAL-BFA001V1B
2025-11-20 14:28:54,374 [INFO] DbBoards:161 - Kit is not supported: STEVAL-BFA001V1B
2025-11-20 14:28:54,375 [INFO] BoardInfo:889 - No configuration file found for board STEVAL-BFA001V2B
2025-11-20 14:28:54,375 [INFO] DbBoards:161 - Kit is not supported: STEVAL-BFA001V2B
2025-11-20 14:28:54,443 [INFO] DbBoards:168 - Found 212 boards, 209 are supported
2025-11-20 14:28:54,443 [INFO] DbBoards:169 - Found 212 boards, 43 of them is supported for  Bsp
2025-11-20 14:28:54,445 [INFO] ApiDb:668 - CubeFinder database Data Model version=2.1
2025-11-20 14:28:54,445 [INFO] ApiDb:669 - CubeFinder database Configuration version=3.0.39
2025-11-20 14:28:54,445 [INFO] ApiDb:670 - CubeFinder database generation date=2025-10-27 (1761571959)
2025-11-20 14:28:54,445 [INFO] ApiDb:671 - CubeFinder database FW Pack versions=[FP-ATR-ASTRA1_V2.0.0, FP-SNS-FLIGHT1_V5.1.0, FP-SNS-MOTENV1_V5.0.0, FP-SNS-MOTENVWB1_V1.4.0, FP-SNS-SMARTAG2_V1.2.0, FP-SNS-STBOX1_V2.1.0, STM32Cube_FW_C0_V1.4.0, STM32Cube_FW_F4_V1.28.3, STM32Cube_FW_F7_V1.17.4, STM32Cube_FW_G0_V1.6.2, STM32Cube_FW_G4_V1.6.1, STM32Cube_FW_H5_V1.5.0, STM32Cube_FW_H7RS_V1.2.0, STM32Cube_FW_H7_V1.12.1, STM32Cube_FW_L0_V1.12.2, STM32Cube_FW_L4_V1.18.1, STM32Cube_FW_L5_V1.5.1, STM32Cube_FW_N6_V1.2.0, STM32Cube_FW_U0_V1.3.0, STM32Cube_FW_U3_V1.2.1, STM32Cube_FW_U5_V1.8.0, STM32Cube_FW_WB0_V1.3.0, STM32Cube_FW_WBA_V1.7.0, STM32Cube_FW_WB_V1.23.0, STM32Cube_FW_WL3_V1.2.0, STM32Cube_FW_WL_V1.3.1, X-CUBE-ALGOBUILD_V1.4.0, X-CUBE-ALS_V1.0.2, X-CUBE-AZRTOS-F4_V1.1.0, X-CUBE-AZRTOS-F7_V1.1.0, X-CUBE-AZRTOS-G0_V1.1.0, X-CUBE-AZRTOS-G4_V2.0.0, X-CUBE-AZRTOS-H7RS_V1.1.0, X-CUBE-AZRTOS-H7_V3.4.0, X-CUBE-AZRTOS-L4_V2.0.0, X-CUBE-AZRTOS-L5_V2.0.0, X-CUBE-AZRTOS-WB_V2.0.0, X-CUBE-AZRTOS-WL_V2.0.0, X-CUBE-BLE1_V7.1.0, X-CUBE-BLE2_V3.3.0, X-CUBE-BLEMGR_V4.1.0, X-CUBE-EEPRMA1_V5.2.0, X-CUBE-FREERTOS_V1.3.1, X-CUBE-GNSS1_V6.0.0, X-CUBE-MEMS1_V11.3.0, X-CUBE-NFC4_V3.0.0, X-CUBE-NFC7_V2.0.0, X-CUBE-SFXS2LP1_V4.0.0, X-CUBE-ST67W61_V1.1.0, X-CUBE-SUBG2_V5.0.0, X-CUBE-TOF1_V3.4.3]
2025-11-20 14:28:55,871 [INFO] ApiDb:240 - Found 880 in-development CPN: [B-G473E-ZEST1S, B-WB1M-WPAN1, B-WBA5M-WPAN, B-WL5M-SUBG1, NUCLEO-C031C6, NUCLEO-C051C8, NUCLEO-C071RB, NUCLEO-C092RC, NUCLEO-H503RB, NUCLEO-H533RE, NUCLEO-H563ZI, NUCLEO-H7S3L8, NUCLEO-N657X0-Q, NUCLEO-U031R8, NUCLEO-U083RC, NUCLEO-U385RG-Q, NUCLEO-U545RE-Q, NUCLEO-U5A5ZJ-Q, NUCLEO-WB05KZ, NUCLEO-WB07CC, NUCLEO-WB09KE, NUCLEO-WBA52CG, NUCLEO-WBA55CG, NUCLEO-WL33CC1, NUCLEO-WL33CC2, STEVAL-PROTEUS1, STEVAL-SMARTAG2, STEVAL-STWINBX1, STM320518-EVAL, STM32C0116-DK, STM32C011D6Y3TR, STM32C011D6Y6TR, STM32C011F4P3, STM32C011F4P6, STM32C011F4U3, STM32C011F4U6TR, STM32C011F6P3, STM32C011F6P6, STM32C011F6U3, STM32C011F6U6TR, STM32C011J4M3, STM32C011J4M6, STM32C011J6M3, STM32C011J6M6, STM32C0316-DK, STM32C031C4T3, STM32C031C4T6, STM32C031C4U3, STM32C031C4U6, STM32C031C6T3, STM32C031C6T6, STM32C031C6U3, STM32C031C6U6, STM32C031F4P3, STM32C031F4P6, STM32C031F6P3, STM32C031F6P6, STM32C031G4U3, STM32C031G4U6, STM32C031G6U3, STM32C031G6U6, STM32C031K4T3, STM32C031K4T6, STM32C031K4U3, STM32C031K4U6, STM32C031K6T3, STM32C031K6T6, STM32C031K6U3, STM32C031K6U6, STM32C051C6T6, STM32C051C6U6, STM32C051C8T6, STM32C051C8U6, STM32C051D8Y6TR, STM32C051F6P6, STM32C051F8P6, STM32C051G6U6, STM32C051G8U6, STM32C051K6T6, STM32C051K6U6, STM32C051K8T6, STM32C071C8T6, STM32C071C8T6N, STM32C071C8U6, STM32C071C8U6N, STM32C071CBT6, STM32C071CBT6N, STM32C071CBU6, STM32C071CBU6N, STM32C071F8P6, STM32C071F8P6N, STM32C071FBP6, STM32C071FBP6N, STM32C071FBY6TR, STM32C071G8U6, STM32C071G8U6N, STM32C071GBU6, STM32C071GBU6N, STM32C071K8T6, STM32C071K8T6N, STM32C071K8U6, STM32C071K8U6N, STM32C071KBT6, STM32C071KBT6N, STM32C071KBU6, STM32C071KBU6N, STM32C071R8T6, STM32C071R8T6N, STM32C071RBI6N, STM32C071RBT6, STM32C071RBT6N, STM32C091CBT6, STM32C091CBU6, STM32C091CCT6, STM32C091CCU6, STM32C091ECY6TR, STM32C091FBP6, STM32C091FCP6, STM32C091GBU6, STM32C091GCU6, STM32C091KBT6, STM32C091KBU6, STM32C091KCT6, STM32C091KCU6, STM32C091RBT6, STM32C091RCI6, STM32C091RCT6, STM32C092CBT6, STM32C092CBU6, STM32C092CCT6, STM32C092CCU6, STM32C092ECY6TR, STM32C092FBP6, STM32C092FCP6, STM32C092GBU6, STM32C092GCU6, STM32C092KBT6, STM32C092KBU6, STM32C092KCT6, STM32C092KCU6, STM32C092RBT6, STM32C092RCI6, STM32C092RCT6, STM32G071K8TXN, STM32G071K8UXN, STM32G081GBU6N, STM32G081KBT6N, STM32G081KBUXN, STM32G0B1CCT6N, STM32G0B1KCT6, STM32G0B1NEY6TR, STM32G0B1RCT6N, STM32G0C1CCT6, STM32G0C1CCT6N, STM32G0C1CCU6N, STM32G0C1CET6N, STM32G0C1CEU6N, STM32G0C1KCT6, STM32G0C1NEY6TR, STM32G0C1RCI6N, STM32G0C1RCT6N, STM32G0C1REI6N, STM32G0C1RET6N, STM32G0C1VCI6, STM32G0C1VEI6, STM32G411C6T3, STM32G411C6T6, STM32G411C6U3, STM32G411C6U6, STM32G411C8T3, STM32G411C8T6, STM32G411C8U3, STM32G411C8U6, STM32G411CBT3, STM32G411CBT6, STM32G411CBU3, STM32G411CBU6, STM32G411K6T3, STM32G411K6T6, STM32G411K6U3, STM32G411K6U6, STM32G411K8T3, STM32G411K8T6, STM32G411K8U3, STM32G411K8U6, STM32G411KBT3, STM32G411KBT6, STM32G411KBU3, STM32G411KBU6, STM32G411M6T3, STM32G411M6T6, STM32G411M8T3, STM32G411M8T6, STM32G411MBT3, STM32G411MBT6, STM32G411R6T3, STM32G411R6T6, STM32G411R8T3, STM32G411R8T6, STM32G411RBT3, STM32G411RBT6, STM32G414CBT3, STM32G414CBT6, STM32G414CBU3, STM32G414CBU6, STM32G414CCT3, STM32G414CCT6, STM32G414CCU3, STM32G414CCU6, STM32G414MBT3, STM32G414MBT6, STM32G414MCT3, STM32G414MCT6, STM32G414RBT3, STM32G414RBT6, STM32G414RCT3, STM32G414RCT6, STM32G414VBT3, STM32G414VBT6, STM32G414VCT3, STM32G414VCT6, STM32G431CBT3Z, STM32G431RBT3Z, STM32G471CCT6, STM32G471CCU6, STM32G471CET3, STM32G471CET6, STM32G471CEU3, STM32G471CEU6, STM32G471MCT6, STM32G471MET3, STM32G471MET6, STM32G471MEY6TR, STM32G471QCT6, STM32G471QET3, STM32G471RCT6, STM32G471RET3, STM32G471RET6, STM32G471VCH6, STM32G471VCI6, STM32G471VCT6, STM32G471VEH3, STM32G471VEH6, STM32G471VEI3, STM32G471VEI6, STM32G471VET3, STM32G471VET6, STM32G473QET3Z, STM32G473RET3Z, STM32G474CCT6, STM32G491RET3Z, STM32H503CBT6, STM32H503CBU6, STM32H503EBY6TR, STM32H503KBU6, STM32H503RBT6, STM32H523CCT6, STM32H523CCU6, STM32H523CET6, STM32H523CEU6, STM32H523HEY6TR, STM32H523RCT6, STM32H523RET6, STM32H523VCI6, STM32H523VCT6, STM32H523VEI6, STM32H523VET6, STM32H523ZCJ6, STM32H523ZCT6, STM32H523ZEJ6, STM32H523ZET6, STM32H533CET6, STM32H533CEU6, STM32H533HEY6TR, STM32H533RET6, STM32H533VEI6, STM32H533VET6, STM32H533ZEJ6, STM32H533ZET6, STM32H562AGI6, STM32H562AII6, STM32H562IGK6, STM32H562IGT6, STM32H562IIK6, STM32H562IIT6, STM32H562RGT6, STM32H562RGV6, STM32H562RIT6, STM32H562RIV6, STM32H562VGT6, STM32H562VIT6, STM32H562ZGT6, STM32H562ZIT6, STM32H563AGI6, STM32H563AII3Q, STM32H563AII6, STM32H563IGK6, STM32H563IGT6, STM32H563IIK3Q, STM32H563IIK6, STM32H563IIT3Q, STM32H563IIT6, STM32H563MIY3QTR, STM32H563RGT6, STM32H563RGV6, STM32H563RIT6, STM32H563RIV6, STM32H563VGT6, STM32H563VIT3Q, STM32H563VIT6, STM32H563ZGT6, STM32H563ZIT3Q, STM32H563ZIT6, STM32H573AII3Q, STM32H573AII6, STM32H573I-DK, STM32H573IIK3Q, STM32H573IIK6, STM32H573IIT3Q, STM32H573IIT6, STM32H573MIY3QTR, STM32H573RIT6, STM32H573RIV6, STM32H573VIT3Q, STM32H573VIT6, STM32H573ZIT3Q, STM32H573ZIT6, STM32H7R3A8I6, STM32H7R3I8K6, STM32H7R3I8T6, STM32H7R3L8H6, STM32H7R3L8H6H, STM32H7R3R8V6, STM32H7R3V8H6, STM32H7R3V8T6, STM32H7R3V8Y6TR, STM32H7R3Z8J6, STM32H7R3Z8T6, STM32H7R7A8I6, STM32H7R7I8K6, STM32H7R7I8T6, STM32H7R7L8H6, STM32H7R7L8H6H, STM32H7R7Z8J6, STM32H7S3A8I6, STM32H7S3I8K6, STM32H7S3I8T6, STM32H7S3L8H6, STM32H7S3L8H6H, STM32H7S3R8V6, STM32H7S3V8H6, STM32H7S3V8T6, STM32H7S3V8Y6TR, STM32H7S3Z8J6, STM32H7S3Z8T6, STM32H7S78-DK, STM32H7S7A8I6, STM32H7S7I8K6, STM32H7S7I8T6, STM32H7S7L8H6, STM32H7S7L8H6H, STM32H7S7Z8J6, STM32L4R5QGI6STR, STM32MP131AAE3, STM32MP131AAF3, STM32MP131AAG3, STM32MP131CAE3, STM32MP131CAF3, STM32MP131CAG3, STM32MP131DAE7, STM32MP131DAF7, STM32MP131DAG7, STM32MP131FAE7, STM32MP131FAF7, STM32MP131FAG7, STM32MP133AAE3, STM32MP133AAF3, STM32MP133AAG3, STM32MP133CAE3, STM32MP133CAF3, STM32MP133CAG3, STM32MP133DAE7, STM32MP133DAF7, STM32MP133DAG7, STM32MP133FAE7, STM32MP133FAF7, STM32MP133FAG7, STM32MP135AAE3, STM32MP135AAF3, STM32MP135AAG3, STM32MP135CAE3, STM32MP135CAF3, STM32MP135CAG3, STM32MP135DAE7, STM32MP135DAF7, STM32MP135DAG7, STM32MP135F-DK, STM32MP135FAE7, STM32MP135FAF7, STM32MP135FAF7T, STM32MP135FAF7U, STM32MP135FAG7, STM32MP211AAL3, STM32MP211AAM3, STM32MP211AAN3, STM32MP211AAO3, STM32MP211CAL3, STM32MP211CAM3, STM32MP211CAN3, STM32MP211CAO3, STM32MP211DAL3, STM32MP211DAM3, STM32MP211DAN3, STM32MP211DAO3, STM32MP211FAL3, STM32MP211FAM3, STM32MP211FAN3, STM32MP211FAO3, STM32MP213AAL3, STM32MP213AAM3, STM32MP213AAN3, STM32MP213AAO3, STM32MP213CAL3, STM32MP213CAM3, STM32MP213CAN3, STM32MP213CAO3, STM32MP213DAL3, STM32MP213DAM3, STM32MP213DAN3, STM32MP213DAO3, STM32MP213FAL3, STM32MP213FAM3, STM32MP213FAN3, STM32MP213FAO3, STM32MP215AAL3, STM32MP215AAM3, STM32MP215AAN3, STM32MP215AAO3, STM32MP215CAL3, STM32MP215CAM3, STM32MP215CAN3, STM32MP215CAO3, STM32MP215DAL3, STM32MP215DAM3, STM32MP215DAN3, STM32MP215DAO3, STM32MP215F-DK, STM32MP215FAL3, STM32MP215FAM3, STM32MP215FAN3, STM32MP215FAO3, STM32MP231AAJ3, STM32MP231AAK3, STM32MP231AAL3, STM32MP231CAJ3, STM32MP231CAK3, STM32MP231CAL3, STM32MP231DAJ3, STM32MP231DAK3, STM32MP231DAL3, STM32MP231FAJ3, STM32MP231FAK3, STM32MP231FAL3, STM32MP233AAJ3, STM32MP233AAK3, STM32MP233AAL3, STM32MP233CAJ3, STM32MP233CAK3, STM32MP233CAL3, STM32MP233DAJ3, STM32MP233DAK3, STM32MP233DAL3, STM32MP233FAJ3, STM32MP233FAK3, STM32MP233FAL3, STM32MP235AAJ3, STM32MP235AAK3, STM32MP235AAL3, STM32MP235CAJ3, STM32MP235CAK3, STM32MP235CAL3, STM32MP235DAJ3, STM32MP235DAK3, STM32MP235DAL3, STM32MP235FAJ3, STM32MP235FAK3, STM32MP235FAL3, STM32MP251AAI3, STM32MP251AAK3, STM32MP251AAL3, STM32MP251CAI3, STM32MP251CAK3, STM32MP251CAL3, STM32MP251DAI3, STM32MP251DAK3, STM32MP251DAL3, STM32MP251FAI3, STM32MP251FAK3, STM32MP251FAL3, STM32MP253AAI3, STM32MP253AAK3, STM32MP253AAL3, STM32MP253CAI3, STM32MP253CAK3, STM32MP253CAL3, STM32MP253DAI3, STM32MP253DAK3, STM32MP253DAL3, STM32MP253FAI3, STM32MP253FAK3, STM32MP253FAL3, STM32MP255AAI3, STM32MP255AAK3, STM32MP255AAL3, STM32MP255CAI3, STM32MP255CAK3, STM32MP255CAL3, STM32MP255DAI3, STM32MP255DAK3, STM32MP255DAL3, STM32MP255FAI3, STM32MP255FAK3, STM32MP255FAL3, STM32MP257AAI3, STM32MP257AAK3, STM32MP257AAL3, STM32MP257CAI3, STM32MP257CAK3, STM32MP257CAL3, STM32MP257DAI3, STM32MP257DAK3, STM32MP257DAL3, STM32MP257F-DK, STM32MP257F-EV1, STM32MP257FAI3, STM32MP257FAK3, STM32MP257FAL3, STM32N645A0H3Q, STM32N645B0H3Q, STM32N645I0H3Q, STM32N645L0H3Q, STM32N645X0H3Q, STM32N645Z0H3Q, STM32N647A0H3Q, STM32N647B0H3Q, STM32N647I0H3Q, STM32N647L0H3Q, STM32N647X0H3Q, STM32N647Z0H3Q, STM32N655A0H3Q, STM32N655B0H3Q, STM32N655I0H3Q, STM32N655L0H3Q, STM32N655X0H3Q, STM32N655Z0H3Q, STM32N6570-DK, STM32N657A0H3Q, STM32N657B0H3Q, STM32N657I0H3Q, STM32N657L0H3Q, STM32N657X0H3Q, STM32N657Z0H3Q, STM32U031C6T6, STM32U031C6U6, STM32U031C8T6, STM32U031C8U6, STM32U031F4P6, STM32U031F6P6, STM32U031F8P6, STM32U031G6Y6TR, STM32U031G8Y6TR, STM32U031K4U6, STM32U031K6U6, STM32U031K8U6, STM32U031R6I6, STM32U031R6T6, STM32U031R8I6, STM32U031R8T6, STM32U073C8T6, STM32U073C8U6, STM32U073CBT6, STM32U073CBU6, STM32U073CCT6, STM32U073CCU6, STM32U073H8Y6TR, STM32U073HBY6TR, STM32U073HCY6TR, STM32U073K8U6, STM32U073KBU6, STM32U073KCU6, STM32U073M8I6, STM32U073M8T6, STM32U073MBI6, STM32U073MBT6, STM32U073MCI6, STM32U073MCT6, STM32U073R8I6, STM32U073R8T6, STM32U073RBI6, STM32U073RBT6, STM32U073RCI6, STM32U073RCT6, STM32U083C-DK, STM32U083CCT6, STM32U083CCU6, STM32U083HCY6TR, STM32U083KCU6, STM32U083MCI6, STM32U083MCT6, STM32U083RCI6, STM32U083RCT6, STM32U375CET6, STM32U375CET6Q, STM32U375CEU6, STM32U375CEU6Q, STM32U375CEY6QTR, STM32U375CGT6, STM32U375CGT6Q, STM32U375CGU6, STM32U375CGU6Q, STM32U375CGY6QTR, STM32U375KEU6, STM32U375KGU6, STM32U375REI6, STM32U375REI6Q, STM32U375RET6, STM32U375RET6Q, STM32U375REY6GTR, STM32U375REY6QTR, STM32U375RGI6, STM32U375RGI6Q, STM32U375RGT6, STM32U375RGT6Q, STM32U375RGY6GTR, STM32U375RGY6QTR, STM32U375VEI6, STM32U375VEI6Q, STM32U375VET6, STM32U375VET6Q, STM32U375VGI6, STM32U375VGI6Q, STM32U375VGT6, STM32U375VGT6Q, STM32U385CGT6, STM32U385CGT6Q, STM32U385CGU6, STM32U385CGU6Q, STM32U385CGY6QTR, STM32U385KGU6, STM32U385RGI6, STM32U385RGI6Q, STM32U385RGT6, STM32U385RGT6Q, STM32U385RGY6GTR, STM32U385RGY6QTR, STM32U385VGI6, STM32U385VGI6Q, STM32U385VGT6, STM32U385VGT6Q, STM32U535CBT6, STM32U535CBT6Q, STM32U535CBU6, STM32U535CBU6Q, STM32U535CCT6, STM32U535CCT6Q, STM32U535CCU6, STM32U535CCU6Q, STM32U535CET6, STM32U535CET6Q, STM32U535CEU6, STM32U535CEU6Q, STM32U535JEY6QTR, STM32U535NCY6QTR, STM32U535NEY6QTR, STM32U535RBI6, STM32U535RBI6Q, STM32U535RBT6, STM32U535RBT6Q, STM32U535RCI6, STM32U535RCI6Q, STM32U535RCT6, STM32U535RCT6Q, STM32U535REI6, STM32U535REI6Q, STM32U535RET6, STM32U535RET6Q, STM32U535VCI6, STM32U535VCI6Q, STM32U535VCT6, STM32U535VCT6Q, STM32U535VEI6, STM32U535VEI6Q, STM32U535VET6, STM32U535VET6Q, STM32U545CET6, STM32U545CET6Q, STM32U545CEU6, STM32U545CEU6Q, STM32U545JEY6QTR, STM32U545NEY6QTR, STM32U545REI6, STM32U545REI6Q, STM32U545RET6, STM32U545RET6Q, STM32U545VEI6, STM32U545VEI6Q, STM32U545VET6, STM32U545VET6Q, STM32U595AIH6, STM32U595AIH6Q, STM32U595AJH6, STM32U595AJH6Q, STM32U595QII6, STM32U595QII6Q, STM32U595QJI6, STM32U595QJI6Q, STM32U595RIT6, STM32U595RIT6Q, STM32U595RJT6, STM32U595RJT6Q, STM32U595VIT6, STM32U595VIT6Q, STM32U595VJT6, STM32U595VJT6Q, STM32U595ZIT6, STM32U595ZIT6Q, STM32U595ZIY6QTR, STM32U595ZJT6, STM32U595ZJT6Q, STM32U595ZJY6QTR, STM32U599BJY6QTR, STM32U599NIH6Q, STM32U599NJH6Q, STM32U599VIT6Q, STM32U599VJT6, STM32U599VJT6Q, STM32U599ZIT6Q, STM32U599ZIY6QTR, STM32U599ZJT6Q, STM32U599ZJY6QTR, STM32U5A5AJH6, STM32U5A5AJH6Q, STM32U5A5QII3Q , STM32U5A5QJI6, STM32U5A5QJI6Q, STM32U5A5RJT6, STM32U5A5RJT6Q, STM32U5A5VJT6, STM32U5A5VJT6Q, STM32U5A5ZJT6, STM32U5A5ZJT6Q, STM32U5A5ZJY6QTR, STM32U5A9BJY6QTR, STM32U5A9J-DK, STM32U5A9NJH6Q, STM32U5A9VJT6Q, STM32U5A9ZJT6Q, STM32U5A9ZJY6QTR, STM32U5F7VIT6, STM32U5F7VIT6Q, STM32U5F7VJT6, STM32U5F7VJT6Q, STM32U5F9BJY6QTR, STM32U5F9NJH6Q, STM32U5F9VIT6Q, STM32U5F9VJT6Q, STM32U5F9ZIJ6QTR, STM32U5F9ZIT6Q, STM32U5F9ZJJ6QTR, STM32U5F9ZJT6Q, STM32U5G7VJT6, STM32U5G7VJT6Q, STM32U5G9BJY6QTR, STM32U5G9J-DK1, STM32U5G9J-DK2, STM32U5G9NJH6Q, STM32U5G9VJT6Q, STM32U5G9ZJJ6QTR, STM32U5G9ZJT6Q, STM32WB05KZV6TR, STM32WB05KZV7TR, STM32WB05TZF6TR, STM32WB05TZF7TR, STM32WB06CCF6TR, STM32WB06CCF7TR, STM32WB06CCV6TR, STM32WB06CCV7TR, STM32WB06KCV6TR, STM32WB06KCV7TR, STM32WB07CCF6TR, STM32WB07CCF7TR, STM32WB07CCV6TR, STM32WB07CCV7TR, STM32WB07KCV6TR, STM32WB07KCV7TR, STM32WB09KEV6TR, STM32WB09KEV7TR, STM32WB09TEF6TR, STM32WB09TEF7TR, STM32WB1MMCH6, STM32WBA50KGU6, STM32WBA50KGU6TR, STM32WBA52CEU6, STM32WBA52CEU6TR, STM32WBA52CEU7, STM32WBA52CEU7TR, STM32WBA52CGU6, STM32WBA52CGU6TR, STM32WBA52CGU6U, STM32WBA52CGU7, STM32WBA52CGU7TR, STM32WBA52KEU6, STM32WBA52KEU6TR, STM32WBA52KGU6, STM32WBA52KGU6TR, STM32WBA54CEU6, STM32WBA54CEU6TR, STM32WBA54CEU7, STM32WBA54CEU7TR, STM32WBA54CGU6, STM32WBA54CGU6TR, STM32WBA54CGU7, STM32WBA54CGU7TR, STM32WBA54KEU6, STM32WBA54KEU6TR, STM32WBA54KEU7, STM32WBA54KEU7TR, STM32WBA54KGU6, STM32WBA54KGU6TR, STM32WBA54KGU7, STM32WBA54KGU7TR, STM32WBA55CEU6, STM32WBA55CEU6TR, STM32WBA55CEU7, STM32WBA55CEU7TR, STM32WBA55CGU6, STM32WBA55CGU6TR, STM32WBA55CGU6U, STM32WBA55CGU7, STM32WBA55CGU7TR, STM32WBA55G-DK1, STM32WBA55HEF6, STM32WBA55HEF7, STM32WBA55HGF6, STM32WBA55HGF7, STM32WBA55UEI6, STM32WBA55UEI6TR, STM32WBA55UEI7, STM32WBA55UEI7TR, STM32WBA55UGI6, STM32WBA55UGI6TR, STM32WBA55UGI7, STM32WBA55UGI7TR, STM32WBA5MMGH6TR, STM32WBA62MGF6, STM32WBA62MIF6, STM32WBA65MGF7, STM32WBA65MIF6, STM32WBA65MIF7, STM32WL30K8V6, STM32WL30KBV6, STM32WL31C8V6, STM32WL31CBV6, STM32WL31K8V6, STM32WL31KBV6, STM32WL33C8V6, STM32WL33C8V6X, STM32WL33CBV6, STM32WL33CBV6X, STM32WL33CCV6, STM32WL33CCV6A, STM32WL33CCV6X, STM32WL33K8V7, STM32WL33K8V7X, STM32WL33KBV7 , STM32WL33KBV7X, STM32WL33KCV7, STM32WL33KCV7X, STM32WL5MOCH6, STM32WL5MOCH6TR]
2025-11-20 14:28:55,874 [INFO] DbMcus:218 - Found 4801 MCUs, 4801 are supported
2025-11-20 14:28:55,874 [INFO] ApiDb:423 - Load user favorites file /home/natthanicha/.stm32cubeide/favorites.mcus.txt: 0 item(s)
2025-11-20 14:28:55,874 [INFO] ApiDb:427 - User favorites MCUs=[]
2025-11-20 14:28:55,874 [INFO] DbMcus:224 - Set 0 / 0 favorites MCUs
2025-11-20 14:28:56,113 [INFO] ApiDb:423 - Load user favorites file /home/natthanicha/.stm32cubeide/favorites.boards.txt: 0 item(s)
2025-11-20 14:28:56,113 [INFO] ApiDb:427 - User favorites Boards=[]
2025-11-20 14:28:56,113 [INFO] DbBoards:198 - Set 0 / 0 favorites Boards
2025-11-20 14:28:56,155 [INFO] UtilMem:75 - End LoadConfig() Used Memory: 450116344 Bytes (655360000)
2025-11-20 14:28:56,227 [WARN] ThirdParty:833 - waiting for thirdparty lock release [change project]
2025-11-20 14:28:56,227 [INFO] ThirdParty:835 - entering critical section [change project]
2025-11-20 14:28:56,227 [INFO] ThirdParty:1030 - CMSIS Pack Vendor :STMicroelectronics X-CUBE-PM33A1 1.0.0
2025-11-20 14:28:56,227 [INFO] ThirdParty:1030 - CMSIS Pack Vendor :STMicroelectronics USBPD 4.1
2025-11-20 14:28:56,227 [INFO] ThirdParty:1030 - CMSIS Pack Vendor :STMicroelectronics X-CUBE-NFC9 1.0.0
2025-11-20 14:28:56,227 [INFO] ThirdParty:1030 - CMSIS Pack Vendor :STMicroelectronics USB_HOST 2.0.0
2025-11-20 14:28:56,227 [INFO] ThirdParty:1030 - CMSIS Pack Vendor :STMicroelectronics FP-SNS-MOTENVWB1 1.4.0
2025-11-20 14:28:56,227 [INFO] ThirdParty:1030 - CMSIS Pack Vendor :STMicroelectronics X-CUBE-AZRTOS-F4 1.1.0
2025-11-20 14:28:56,227 [INFO] ThirdParty:1030 - CMSIS Pack Vendor :STMicroelectronics LIBJPEG 8.0.0
2025-11-20 14:28:56,227 [INFO] ThirdParty:1030 - CMSIS Pack Vendor :STMicroelectronics FP-ATR-ASTRA1 2.0.2
2025-11-20 14:28:56,227 [INFO] ThirdParty:1030 - CMSIS Pack Vendor :wolfSSL I-CUBE-wolfSSL 5.8.2
2025-11-20 14:28:56,227 [INFO] ThirdParty:1030 - CMSIS Pack Vendor :STMicroelectronics X-CUBE-BLE1 7.1.0
2025-11-20 14:28:56,227 [INFO] ThirdParty:1030 - CMSIS Pack Vendor :STMicroelectronics X-CUBE-SMBUS 2.1.0
2025-11-20 14:28:56,227 [INFO] ThirdParty:1030 - CMSIS Pack Vendor :wolfSSL I-CUBE-wolfMQTT 1.19.2
2025-11-20 14:28:56,227 [INFO] ThirdParty:1030 - CMSIS Pack Vendor :STMicroelectronics USB_DEVICE 3.0.0
2025-11-20 14:28:56,228 [INFO] ThirdParty:1030 - CMSIS Pack Vendor :STMicroelectronics X-CUBE-ISPU 2.1.0
2025-11-20 14:28:56,228 [INFO] ThirdParty:1030 - CMSIS Pack Vendor :STMicroelectronics X-CUBE-EEPRMA1 5.2.0
2025-11-20 14:28:56,228 [INFO] ThirdParty:1030 - CMSIS Pack Vendor :STMicroelectronics X-CUBE-IPS 3.2.0
2025-11-20 14:28:56,228 [INFO] ThirdParty:1030 - CMSIS Pack Vendor :STMicroelectronics X-CUBE-BLEMGR 4.1.0
2025-11-20 14:28:56,228 [INFO] ThirdParty:1030 - CMSIS Pack Vendor :STMicroelectronics X-CUBE-AZRTOS-WB 2.0.0
2025-11-20 14:28:56,228 [INFO] ThirdParty:1030 - CMSIS Pack Vendor :STMicroelectronics X-CUBE-ST60 1.0.0
2025-11-20 14:28:56,228 [INFO] ThirdParty:1030 - CMSIS Pack Vendor :STMicroelectronics X-CUBE-GNSS1 7.0.1
2025-11-20 14:28:56,228 [INFO] ThirdParty:1030 - CMSIS Pack Vendor :STMicroelectronics X-CUBE-NFC12 1.0.0
2025-11-20 14:28:56,228 [INFO] ThirdParty:1030 - CMSIS Pack Vendor :STMicroelectronics X-CUBE-AZRTOS-F7 1.1.0
2025-11-20 14:28:56,228 [INFO] ThirdParty:1030 - CMSIS Pack Vendor :STMicroelectronics X-CUBE-AZRTOS-L5 2.0.0
2025-11-20 14:28:56,228 [INFO] ThirdParty:1030 - CMSIS Pack Vendor :STMicroelectronics USB_DEVICE 2.0.0
2025-11-20 14:28:56,228 [INFO] ThirdParty:1030 - CMSIS Pack Vendor :STMicroelectronics X-CUBE-NFC6 3.1.0
2025-11-20 14:28:56,228 [INFO] ThirdParty:1030 - CMSIS Pack Vendor :STMicroelectronics X-CUBE-ST67W61 1.1.0
2025-11-20 14:28:56,228 [INFO] ThirdParty:1030 - CMSIS Pack Vendor :Cesanta I-CUBE-Mongoose 7.19.0
2025-11-20 14:28:56,228 [INFO] ThirdParty:1030 - CMSIS Pack Vendor :quantropi X-CUBE-qispace-sdk-base 2.1.0
2025-11-20 14:28:56,228 [INFO] ThirdParty:1030 - CMSIS Pack Vendor :STMicroelectronics FP-SNS-MOTENV1 5.1.0
2025-11-20 14:28:56,228 [INFO] ThirdParty:1030 - CMSIS Pack Vendor :STMicroelectronics FreeRTOS 0.0.1
2025-11-20 14:28:56,228 [INFO] ThirdParty:1030 - CMSIS Pack Vendor :STMicroelectronics X-CUBE-AZRTOS-G0 1.1.0
2025-11-20 14:28:56,228 [INFO] ThirdParty:1030 - CMSIS Pack Vendor :STMicroelectronics X-CUBE-SAFEA1 1.2.2
2025-11-20 14:28:56,228 [INFO] ThirdParty:1030 - CMSIS Pack Vendor :STMicroelectronics X-CUBE-NFC4 3.0.0
2025-11-20 14:28:56,228 [INFO] ThirdParty:1030 - CMSIS Pack Vendor :STMicroelectronics X-CUBE-SUBG2 5.0.0
2025-11-20 14:28:56,228 [INFO] ThirdParty:1030 - CMSIS Pack Vendor :STMicroelectronics X-CUBE-AZRTOS-H7RS 1.1.0
2025-11-20 14:28:56,228 [INFO] ThirdParty:1030 - CMSIS Pack Vendor :STMicroelectronics STM32_WPAN 1.0.0
2025-11-20 14:28:56,228 [INFO] ThirdParty:1030 - CMSIS Pack Vendor :EmbeddedOffice I-CUBE-FS-RTOS 1.0.1
2025-11-20 14:28:56,228 [INFO] ThirdParty:1030 - CMSIS Pack Vendor :STMicroelectronics lwIP 2.0.3
2025-11-20 14:28:56,228 [INFO] ThirdParty:1030 - CMSIS Pack Vendor :WES I-CUBE-Cesium 1.4.0
2025-11-20 14:28:56,228 [INFO] ThirdParty:1030 - CMSIS Pack Vendor :STMicroelectronics USB_HOST 1.0.0
2025-11-20 14:28:56,228 [INFO] ThirdParty:1030 - CMSIS Pack Vendor :Infineon AIROC-Wi-Fi-Bluetooth-STM32 1.7.1
2025-11-20 14:28:56,228 [INFO] ThirdParty:1030 - CMSIS Pack Vendor :STMicroelectronics X-CUBE-AZRTOS-G4 2.0.0
2025-11-20 14:28:56,228 [INFO] ThirdParty:1030 - CMSIS Pack Vendor :STMicroelectronics X-CUBE-WB05N 2.0.0
2025-11-20 14:28:56,228 [INFO] ThirdParty:1030 - CMSIS Pack Vendor :STMicroelectronics PDM2PCM 3.1.0
2025-11-20 14:28:56,228 [INFO] ThirdParty:1030 - CMSIS Pack Vendor :STMicroelectronics PDM2PCM 3.3.0
2025-11-20 14:28:56,228 [INFO] ThirdParty:1030 - CMSIS Pack Vendor :wolfSSL I-CUBE-wolfTPM 3.8.0
2025-11-20 14:28:56,228 [INFO] ThirdParty:1030 - CMSIS Pack Vendor :STMicroelectronics X-CUBE-AZRTOS-H7 3.4.0
2025-11-20 14:28:56,228 [INFO] ThirdParty:1030 - CMSIS Pack Vendor :STMicroelectronics X-CUBE-DISPLAY 3.0.0
2025-11-20 14:28:56,228 [INFO] ThirdParty:1030 - CMSIS Pack Vendor :wolfSSL I-CUBE-wolfSSH 1.4.20
2025-11-20 14:28:56,228 [INFO] ThirdParty:1030 - CMSIS Pack Vendor :STMicroelectronics X-CUBE-NFC7 2.0.0
2025-11-20 14:28:56,228 [INFO] ThirdParty:1030 - CMSIS Pack Vendor :STMicroelectronics X-CUBE-TCPP 4.2.0
2025-11-20 14:28:56,228 [INFO] ThirdParty:1030 - CMSIS Pack Vendor :RealThread X-CUBE-RT-Thread_Nano 4.1.1
2025-11-20 14:28:56,228 [INFO] ThirdParty:1030 - CMSIS Pack Vendor :STMicroelectronics FP-ATR-SIGFOX1 3.2.0
2025-11-20 14:28:56,228 [INFO] ThirdParty:1030 - CMSIS Pack Vendor :STMicroelectronics X-CUBE-NFC10 1.0.0
2025-11-20 14:28:56,228 [INFO] ThirdParty:1030 - CMSIS Pack Vendor :STMicroelectronics X-CUBE-FREERTOS 1.3.1
2025-11-20 14:28:56,228 [INFO] ThirdParty:1030 - CMSIS Pack Vendor :STMicroelectronics HAL Drivers 0.0.0
2025-11-20 14:28:56,228 [INFO] ThirdParty:1030 - CMSIS Pack Vendor :STMicroelectronics MBEDTLS 2.16.2
2025-11-20 14:28:56,228 [INFO] ThirdParty:1030 - CMSIS Pack Vendor :STMicroelectronics X-CUBE-ST60 1.1.0
2025-11-20 14:28:56,228 [INFO] ThirdParty:1030 - CMSIS Pack Vendor :STMicroelectronics X-CUBE-ALS 1.0.2
2025-11-20 14:28:56,228 [INFO] ThirdParty:1030 - CMSIS Pack Vendor :emotas I-CUBE-CANOPEN 1.3.0
2025-11-20 14:28:56,228 [INFO] ThirdParty:1030 - CMSIS Pack Vendor :STMicroelectronics MBEDTLS 2.14.1
2025-11-20 14:28:56,228 [INFO] ThirdParty:1030 - CMSIS Pack Vendor :STMicroelectronics X-CUBE-GNSS1 7.1.0
2025-11-20 14:28:56,228 [INFO] ThirdParty:1030 - CMSIS Pack Vendor :ITTIA_DB I-CUBE-ITTIADB 8.9.0
2025-11-20 14:28:56,228 [INFO] ThirdParty:1030 - CMSIS Pack Vendor :STMicroelectronics X-CUBE-TOUCHGFX 4.26.0
2025-11-20 14:28:56,228 [INFO] ThirdParty:1030 - CMSIS Pack Vendor :STMicroelectronics X-CUBE-STSE01 1.0.0
2025-11-20 14:28:56,228 [INFO] ThirdParty:1030 - CMSIS Pack Vendor :STMicroelectronics FP-SNS-STBOX1 2.1.0
2025-11-20 14:28:56,228 [INFO] ThirdParty:1030 - CMSIS Pack Vendor :STMicroelectronics X-CUBE-AI 10.2.0
2025-11-20 14:28:56,228 [INFO] ThirdParty:1030 - CMSIS Pack Vendor :STMicroelectronics FP-SNS-STAIOTCFT 1.0.0
2025-11-20 14:28:56,228 [INFO] ThirdParty:1030 - CMSIS Pack Vendor :STMicroelectronics ThreadX 1.0.0
2025-11-20 14:28:56,228 [INFO] ThirdParty:1030 - CMSIS Pack Vendor :STMicroelectronics FP-SNS-SMARTAG2 1.2.0
2025-11-20 14:28:56,228 [INFO] ThirdParty:1030 - CMSIS Pack Vendor :STMicroelectronics FP-SNS-FLIGHT1 5.1.0
2025-11-20 14:28:56,228 [INFO] ThirdParty:1030 - CMSIS Pack Vendor :STMicroelectronics X-CUBE-AZRTOS-WL 2.0.0
2025-11-20 14:28:56,228 [INFO] ThirdParty:1030 - CMSIS Pack Vendor :SEGGER I-CUBE-embOS 1.3.1
2025-11-20 14:28:56,228 [INFO] ThirdParty:1030 - CMSIS Pack Vendor :STMicroelectronics X-CUBE-ALGOBUILD 1.4.0
2025-11-20 14:28:56,228 [INFO] ThirdParty:1030 - CMSIS Pack Vendor :STMicroelectronics X-CUBE-DPower 1.3.0
2025-11-20 14:28:56,228 [INFO] ThirdParty:1030 - CMSIS Pack Vendor :STMicroelectronics X-CUBE-MEMS1 11.3.0
2025-11-20 14:28:56,228 [INFO] ThirdParty:1030 - CMSIS Pack Vendor :STMicroelectronics FP-SNS-MOTENV1 5.0.0
2025-11-20 14:28:56,228 [INFO] ThirdParty:1030 - CMSIS Pack Vendor :STMicroelectronics USB_DEVICE 1.0.0
2025-11-20 14:28:56,228 [INFO] ThirdParty:1030 - CMSIS Pack Vendor :STMicroelectronics X-CUBE-AZRTOS-L4 2.0.0
2025-11-20 14:28:56,228 [INFO] ThirdParty:1030 - CMSIS Pack Vendor :STMicroelectronics ThreadX 0.0.2
2025-11-20 14:28:56,228 [INFO] ThirdParty:1030 - CMSIS Pack Vendor :STMicroelectronics lwIP 2.1.2
2025-11-20 14:28:56,228 [INFO] ThirdParty:1030 - CMSIS Pack Vendor :STMicroelectronics X-CUBE-SFXS2LP1 4.0.0
2025-11-20 14:28:56,228 [INFO] ThirdParty:1030 - CMSIS Pack Vendor :STMicroelectronics X-CUBE-BLE2 3.3.0
2025-11-20 14:28:56,228 [INFO] ThirdParty:1030 - CMSIS Pack Vendor :Avnet-IOTCONNECT X-CUBE-iotc-st67-sdk 1.0.0
2025-11-20 14:28:56,228 [INFO] ThirdParty:1030 - CMSIS Pack Vendor :STMicroelectronics X-CUBE-TOF1 3.4.3
2025-11-20 14:28:56,228 [INFO] ThirdParty:1030 - CMSIS Pack Vendor :STMicroelectronics PDM2PCM 3.2.0
2025-11-20 14:28:56,229 [INFO] ThirdParty:841 - exiting critical section [change project]
2025-11-20 14:28:56,570 [INFO] PinOutPanel:1589 - setPackage(No Configuration,No Configuration)
2025-11-20 14:28:56,571 [INFO] PinOutPanel:1589 - setPackage(STM32G474RETx,LQFP64)
2025-11-20 14:28:56,849 [INFO] UtilMem:75 - Before build in PCC Used Memory: 288591664 Bytes (655360000)
2025-11-20 14:28:57,254 [INFO] UtilMem:75 - After build in PCC Used Memory: 487937984 Bytes (655360000)
2025-11-20 14:28:57,263 [INFO] ApiDbMcu:532 - Load IP Config File for FREERTOS
2025-11-20 14:28:57,284 [INFO] IPUIPlugin:80 - create IPUIPlugin
2025-11-20 14:28:57,285 [INFO] IPUIPlugin:80 - create IPUIPlugin
2025-11-20 14:28:57,285 [INFO] IPUIPlugin:80 - create IPUIPlugin
2025-11-20 14:28:57,285 [INFO] IPUIPlugin:80 - create IPUIPlugin
2025-11-20 14:28:57,285 [INFO] IPUIPlugin:80 - create IPUIPlugin
2025-11-20 14:28:57,285 [INFO] IPUIPlugin:80 - create IPUIPlugin
2025-11-20 14:28:57,285 [INFO] IPUIPlugin:80 - create IPUIPlugin
2025-11-20 14:28:57,285 [INFO] IPUIPlugin:80 - create IPUIPlugin
2025-11-20 14:28:57,285 [INFO] IPUIPlugin:80 - create IPUIPlugin
2025-11-20 14:28:57,285 [INFO] IPUIPlugin:80 - create IPUIPlugin
2025-11-20 14:28:57,285 [INFO] IPUIPlugin:80 - create IPUIPlugin
2025-11-20 14:28:57,285 [INFO] IPUIPlugin:80 - create IPUIPlugin
2025-11-20 14:28:57,285 [INFO] IPUIPlugin:80 - create IPUIPlugin
2025-11-20 14:28:57,285 [INFO] IPUIPlugin:80 - create IPUIPlugin
2025-11-20 14:28:57,285 [INFO] IPUIPlugin:80 - create IPUIPlugin
2025-11-20 14:28:57,286 [INFO] IPUIPlugin:80 - create IPUIPlugin
2025-11-20 14:28:57,286 [INFO] IPUIPlugin:80 - create IPUIPlugin
2025-11-20 14:28:57,286 [INFO] IPUIPlugin:80 - create IPUIPlugin
2025-11-20 14:28:57,286 [INFO] IPUIPlugin:80 - create IPUIPlugin
2025-11-20 14:28:57,286 [INFO] IPUIPlugin:80 - create IPUIPlugin
2025-11-20 14:28:57,286 [INFO] IPUIPlugin:80 - create IPUIPlugin
2025-11-20 14:28:57,286 [INFO] IPUIPlugin:80 - create IPUIPlugin
2025-11-20 14:28:57,286 [INFO] IPUIPlugin:80 - create IPUIPlugin
2025-11-20 14:28:57,286 [INFO] IPUIPlugin:80 - create IPUIPlugin
2025-11-20 14:28:57,286 [INFO] IPUIPlugin:80 - create IPUIPlugin
2025-11-20 14:28:57,286 [INFO] IPUIPlugin:80 - create IPUIPlugin
2025-11-20 14:28:57,286 [INFO] IPUIPlugin:80 - create IPUIPlugin
2025-11-20 14:28:57,287 [INFO] IPUIPlugin:80 - create IPUIPlugin
2025-11-20 14:28:57,287 [INFO] IPUIPlugin:80 - create IPUIPlugin
2025-11-20 14:28:57,287 [INFO] IPUIPlugin:80 - create IPUIPlugin
2025-11-20 14:28:57,287 [INFO] IPUIPlugin:80 - create IPUIPlugin
2025-11-20 14:28:57,287 [INFO] IPUIPlugin:80 - create IPUIPlugin
2025-11-20 14:28:57,287 [INFO] IPUIPlugin:80 - create IPUIPlugin
2025-11-20 14:28:57,287 [INFO] IPUIPlugin:80 - create IPUIPlugin
2025-11-20 14:28:57,287 [INFO] IPUIPlugin:80 - create IPUIPlugin
2025-11-20 14:28:57,287 [INFO] IPUIPlugin:80 - create IPUIPlugin
2025-11-20 14:28:57,287 [INFO] IPUIPlugin:80 - create IPUIPlugin
2025-11-20 14:28:57,288 [INFO] IPUIPlugin:80 - create IPUIPlugin
2025-11-20 14:28:57,288 [INFO] IPUIPlugin:80 - create IPUIPlugin
2025-11-20 14:28:57,288 [INFO] IPUIPlugin:80 - create IPUIPlugin
2025-11-20 14:28:57,288 [INFO] IPUIPlugin:80 - create IPUIPlugin
2025-11-20 14:28:57,288 [INFO] IPUIPlugin:80 - create IPUIPlugin
2025-11-20 14:28:57,288 [INFO] IPUIPlugin:80 - create IPUIPlugin
2025-11-20 14:28:57,288 [INFO] IPUIPlugin:80 - create IPUIPlugin
2025-11-20 14:28:57,288 [INFO] IPUIPlugin:80 - create IPUIPlugin
2025-11-20 14:28:57,289 [INFO] IPUIPlugin:80 - create IPUIPlugin
2025-11-20 14:28:57,289 [INFO] IPUIPlugin:80 - create IPUIPlugin
2025-11-20 14:28:57,289 [INFO] IPUIPlugin:80 - create IPUIPlugin
2025-11-20 14:28:57,289 [INFO] IPUIPlugin:80 - create IPUIPlugin
2025-11-20 14:28:57,289 [INFO] IPUIPlugin:80 - create IPUIPlugin
2025-11-20 14:28:57,289 [INFO] IPUIPlugin:80 - create IPUIPlugin
2025-11-20 14:28:57,289 [INFO] IPUIPlugin:80 - create IPUIPlugin
2025-11-20 14:28:57,289 [INFO] IPUIPlugin:80 - create IPUIPlugin
2025-11-20 14:28:57,289 [INFO] IPUIPlugin:80 - create IPUIPlugin
2025-11-20 14:28:57,290 [INFO] IPUIPlugin:80 - create IPUIPlugin
2025-11-20 14:28:57,290 [INFO] IPUIPlugin:80 - create IPUIPlugin
2025-11-20 14:28:57,290 [INFO] IPUIPlugin:80 - create IPUIPlugin
2025-11-20 14:28:57,290 [INFO] IPUIPlugin:80 - create IPUIPlugin
2025-11-20 14:28:57,291 [INFO] IPUIPlugin:80 - create IPUIPlugin
2025-11-20 14:28:57,291 [INFO] IPUIPlugin:80 - create IPUIPlugin
2025-11-20 14:28:57,291 [INFO] IPUIPlugin:80 - create IPUIPlugin
2025-11-20 14:28:57,291 [INFO] IPUIPlugin:80 - create IPUIPlugin
2025-11-20 14:28:57,291 [INFO] IPUIPlugin:80 - create IPUIPlugin
2025-11-20 14:28:57,292 [INFO] IPUIPlugin:80 - create IPUIPlugin
2025-11-20 14:28:57,292 [INFO] IPUIPlugin:80 - create IPUIPlugin
2025-11-20 14:28:57,292 [INFO] IPUIPlugin:80 - create IPUIPlugin
2025-11-20 14:28:57,292 [INFO] IPUIPlugin:80 - create IPUIPlugin
2025-11-20 14:28:57,292 [INFO] IPUIPlugin:80 - create IPUIPlugin
2025-11-20 14:28:57,293 [INFO] IPUIPlugin:80 - create IPUIPlugin
2025-11-20 14:28:57,293 [INFO] IPUIPlugin:80 - create IPUIPlugin
2025-11-20 14:28:57,293 [INFO] IPUIPlugin:80 - create IPUIPlugin
2025-11-20 14:28:57,293 [INFO] IPUIPlugin:80 - create IPUIPlugin
2025-11-20 14:28:57,293 [INFO] IPUIPlugin:80 - create IPUIPlugin
2025-11-20 14:28:57,293 [INFO] IPUIPlugin:80 - create IPUIPlugin
2025-11-20 14:28:57,294 [INFO] IPUIPlugin:80 - create IPUIPlugin
2025-11-20 14:28:57,294 [INFO] IPUIPlugin:80 - create IPUIPlugin
2025-11-20 14:28:57,294 [INFO] IPUIPlugin:80 - create IPUIPlugin
2025-11-20 14:28:57,294 [INFO] IPUIPlugin:80 - create IPUIPlugin
2025-11-20 14:28:57,311 [WARN] FreeRTOS:1023 - Null or empty value: should not occur! (nothing added to the table)
2025-11-20 14:28:57,401 [INFO] CADModel:165 - CPN selected for project levelSTM32G474RET6
2025-11-20 14:28:57,401 [INFO] CADModel:114 - Register for checkConnection events
2025-11-20 14:28:57,403 [INFO] RtosManager:728 - Active RTOS found at IOC load: FREERTOS [Cortex-M4NS]
2025-11-20 14:28:57,444 [INFO] OpenFileManager:386 - Restore cursor
2025-11-20 14:32:55,603 [INFO] UtilMem:75 - End SaveConfig() Used Memory: 324542816 Bytes (1073741824)
2025-11-20 14:32:58,295 [INFO] BlockDiagram:2775 - set Specific Code input for plugin: FREERTOS
2025-11-20 14:32:58,295 [INFO] BlockDiagram:2775 - set Specific Code input for plugin: IWDG
2025-11-20 14:32:58,295 [INFO] BlockDiagram:2775 - set Specific Code input for plugin: TIM1_8G4
2025-11-20 14:32:58,296 [INFO] BlockDiagram:2775 - set Specific Code input for plugin: TIM1_8G4
2025-11-20 14:32:58,296 [INFO] BlockDiagram:2775 - set Specific Code input for plugin: SYS
2025-11-20 14:32:58,296 [INFO] BlockDiagram:2775 - set Specific Code input for plugin: RCC
2025-11-20 14:32:58,296 [INFO] BlockDiagram:2775 - set Specific Code input for plugin: I2C
2025-11-20 14:32:58,296 [INFO] BlockDiagram:2775 - set Specific Code input for plugin: LPUART
2025-11-20 14:32:58,296 [INFO] BlockDiagram:2775 - set Specific Code input for plugin: NVIC
2025-11-20 14:32:58,296 [INFO] BlockDiagram:2775 - set Specific Code input for plugin: DMA
2025-11-20 14:32:58,296 [INFO] BlockDiagram:2775 - set Specific Code input for plugin: GPIO
2025-11-20 14:32:58,297 [INFO] CodeGenerator:892 - code generatio: config db path: /opt/st/stm32cubeide_1.19.0/plugins/com.st.stm32cube.common.mx_6.15.0.202507011659//db/
2025-11-20 14:32:58,875 [INFO] CodeEngine:265 - oldGeneratedFile, /home/natthanicha/FRA502_ROS2/ROS_PROJECT_WS/firmware/sensor_fusion/MXTmpFiles/license.tmp_save
2025-11-20 14:32:59,278 [INFO] CodeEngine:289 - Generated code: /home/natthanicha/FRA502_ROS2/ROS_PROJECT_WS/firmware/sensor_fusion/MXTmpFiles/license.tmp
2025-11-20 14:32:59,428 [INFO] CodeEngine:265 - oldGeneratedFile, /home/natthanicha/FRA502_ROS2/ROS_PROJECT_WS/firmware/sensor_fusion/Core/Src/gpio.c_save
2025-11-20 14:32:59,547 [INFO] CodeEngine:289 - Generated code: /home/natthanicha/FRA502_ROS2/ROS_PROJECT_WS/firmware/sensor_fusion/Core/Src/gpio.c
2025-11-20 14:32:59,549 [INFO] CodeEngine:265 - oldGeneratedFile, /home/natthanicha/FRA502_ROS2/ROS_PROJECT_WS/firmware/sensor_fusion/Core/Inc/gpio.h_save
2025-11-20 14:32:59,633 [INFO] CodeEngine:289 - Generated code: /home/natthanicha/FRA502_ROS2/ROS_PROJECT_WS/firmware/sensor_fusion/Core/Inc/gpio.h
2025-11-20 14:33:00,170 [INFO] Middleware:1452 - No code input for Bsp Dependency
2025-11-20 14:33:00,175 [INFO] CodeEngine:265 - oldGeneratedFile, /home/natthanicha/FRA502_ROS2/ROS_PROJECT_WS/firmware/sensor_fusion/MXTmpFiles/rtos_inc.tmp_save
2025-11-20 14:33:00,214 [INFO] CodeEngine:289 - Generated code: /home/natthanicha/FRA502_ROS2/ROS_PROJECT_WS/firmware/sensor_fusion/MXTmpFiles/rtos_inc.tmp
2025-11-20 14:33:00,216 [INFO] CodeEngine:265 - oldGeneratedFile, /home/natthanicha/FRA502_ROS2/ROS_PROJECT_WS/firmware/sensor_fusion/MXTmpFiles/rtos_kernelInit.tmp_save
2025-11-20 14:33:00,261 [INFO] CodeEngine:289 - Generated code: /home/natthanicha/FRA502_ROS2/ROS_PROJECT_WS/firmware/sensor_fusion/MXTmpFiles/rtos_kernelInit.tmp
2025-11-20 14:33:00,262 [INFO] CodeEngine:265 - oldGeneratedFile, /home/natthanicha/FRA502_ROS2/ROS_PROJECT_WS/firmware/sensor_fusion/MXTmpFiles/rtos_kernelStart.tmp_save
2025-11-20 14:33:00,303 [INFO] CodeEngine:289 - Generated code: /home/natthanicha/FRA502_ROS2/ROS_PROJECT_WS/firmware/sensor_fusion/MXTmpFiles/rtos_kernelStart.tmp
2025-11-20 14:33:00,304 [INFO] CodeEngine:265 - oldGeneratedFile, /home/natthanicha/FRA502_ROS2/ROS_PROJECT_WS/firmware/sensor_fusion/MXTmpFiles/rtos_typedefs.tmp_save
2025-11-20 14:33:00,350 [INFO] CodeEngine:289 - Generated code: /home/natthanicha/FRA502_ROS2/ROS_PROJECT_WS/firmware/sensor_fusion/MXTmpFiles/rtos_typedefs.tmp
2025-11-20 14:33:00,351 [INFO] CodeEngine:265 - oldGeneratedFile, /home/natthanicha/FRA502_ROS2/ROS_PROJECT_WS/firmware/sensor_fusion/MXTmpFiles/rtos_vars.tmp_save
2025-11-20 14:33:00,394 [INFO] CodeEngine:289 - Generated code: /home/natthanicha/FRA502_ROS2/ROS_PROJECT_WS/firmware/sensor_fusion/MXTmpFiles/rtos_vars.tmp
2025-11-20 14:33:00,395 [INFO] CodeEngine:265 - oldGeneratedFile, /home/natthanicha/FRA502_ROS2/ROS_PROJECT_WS/firmware/sensor_fusion/MXTmpFiles/rtos_pfp.tmp_save
2025-11-20 14:33:00,433 [INFO] CodeEngine:289 - Generated code: /home/natthanicha/FRA502_ROS2/ROS_PROJECT_WS/firmware/sensor_fusion/MXTmpFiles/rtos_pfp.tmp
2025-11-20 14:33:00,434 [INFO] CodeEngine:265 - oldGeneratedFile, /home/natthanicha/FRA502_ROS2/ROS_PROJECT_WS/firmware/sensor_fusion/MXTmpFiles/rtos_obj_creat.tmp_save
2025-11-20 14:33:00,473 [INFO] CodeEngine:289 - Generated code: /home/natthanicha/FRA502_ROS2/ROS_PROJECT_WS/firmware/sensor_fusion/MXTmpFiles/rtos_obj_creat.tmp
2025-11-20 14:33:00,495 [INFO] CodeEngine:265 - oldGeneratedFile, /home/natthanicha/FRA502_ROS2/ROS_PROJECT_WS/firmware/sensor_fusion/MXTmpFiles/rtos_default_thread.tmp_save
2025-11-20 14:33:00,532 [INFO] CodeEngine:289 - Generated code: /home/natthanicha/FRA502_ROS2/ROS_PROJECT_WS/firmware/sensor_fusion/MXTmpFiles/rtos_default_thread.tmp
2025-11-20 14:33:00,533 [INFO] CodeEngine:265 - oldGeneratedFile, /home/natthanicha/FRA502_ROS2/ROS_PROJECT_WS/firmware/sensor_fusion/MXTmpFiles/rtos_threads.tmp_save
2025-11-20 14:33:00,573 [INFO] CodeEngine:289 - Generated code: /home/natthanicha/FRA502_ROS2/ROS_PROJECT_WS/firmware/sensor_fusion/MXTmpFiles/rtos_threads.tmp
2025-11-20 14:33:00,582 [INFO] Middleware:1452 - No code input for Bsp Dependency
2025-11-20 14:33:00,585 [INFO] CodeEngine:265 - oldGeneratedFile, /home/natthanicha/FRA502_ROS2/ROS_PROJECT_WS/firmware/sensor_fusion/MXTmpFiles/rtos_inc.tmp_save
2025-11-20 14:33:00,622 [INFO] CodeEngine:289 - Generated code: /home/natthanicha/FRA502_ROS2/ROS_PROJECT_WS/firmware/sensor_fusion/MXTmpFiles/rtos_inc.tmp
2025-11-20 14:33:00,623 [INFO] CodeEngine:265 - oldGeneratedFile, /home/natthanicha/FRA502_ROS2/ROS_PROJECT_WS/firmware/sensor_fusion/MXTmpFiles/rtos_kernelInit.tmp_save
2025-11-20 14:33:00,658 [INFO] CodeEngine:289 - Generated code: /home/natthanicha/FRA502_ROS2/ROS_PROJECT_WS/firmware/sensor_fusion/MXTmpFiles/rtos_kernelInit.tmp
2025-11-20 14:33:00,659 [INFO] CodeEngine:265 - oldGeneratedFile, /home/natthanicha/FRA502_ROS2/ROS_PROJECT_WS/firmware/sensor_fusion/MXTmpFiles/rtos_kernelStart.tmp_save
2025-11-20 14:33:00,697 [INFO] CodeEngine:289 - Generated code: /home/natthanicha/FRA502_ROS2/ROS_PROJECT_WS/firmware/sensor_fusion/MXTmpFiles/rtos_kernelStart.tmp
2025-11-20 14:33:00,698 [INFO] CodeEngine:265 - oldGeneratedFile, /home/natthanicha/FRA502_ROS2/ROS_PROJECT_WS/firmware/sensor_fusion/MXTmpFiles/rtos_typedefs.tmp_save
2025-11-20 14:33:00,734 [INFO] CodeEngine:289 - Generated code: /home/natthanicha/FRA502_ROS2/ROS_PROJECT_WS/firmware/sensor_fusion/MXTmpFiles/rtos_typedefs.tmp
2025-11-20 14:33:00,735 [INFO] CodeEngine:265 - oldGeneratedFile, /home/natthanicha/FRA502_ROS2/ROS_PROJECT_WS/firmware/sensor_fusion/MXTmpFiles/rtos_vars.tmp_save
2025-11-20 14:33:00,789 [INFO] CodeEngine:289 - Generated code: /home/natthanicha/FRA502_ROS2/ROS_PROJECT_WS/firmware/sensor_fusion/MXTmpFiles/rtos_vars.tmp
2025-11-20 14:33:00,790 [INFO] CodeEngine:265 - oldGeneratedFile, /home/natthanicha/FRA502_ROS2/ROS_PROJECT_WS/firmware/sensor_fusion/MXTmpFiles/rtos_pfp.tmp_save
2025-11-20 14:33:00,824 [INFO] CodeEngine:289 - Generated code: /home/natthanicha/FRA502_ROS2/ROS_PROJECT_WS/firmware/sensor_fusion/MXTmpFiles/rtos_pfp.tmp
2025-11-20 14:33:00,825 [INFO] CodeEngine:265 - oldGeneratedFile, /home/natthanicha/FRA502_ROS2/ROS_PROJECT_WS/firmware/sensor_fusion/MXTmpFiles/rtos_obj_creat.tmp_save
2025-11-20 14:33:00,861 [INFO] CodeEngine:289 - Generated code: /home/natthanicha/FRA502_ROS2/ROS_PROJECT_WS/firmware/sensor_fusion/MXTmpFiles/rtos_obj_creat.tmp
2025-11-20 14:33:00,862 [INFO] CodeEngine:265 - oldGeneratedFile, /home/natthanicha/FRA502_ROS2/ROS_PROJECT_WS/firmware/sensor_fusion/MXTmpFiles/rtos_default_thread.tmp_save
2025-11-20 14:33:00,896 [INFO] CodeEngine:289 - Generated code: /home/natthanicha/FRA502_ROS2/ROS_PROJECT_WS/firmware/sensor_fusion/MXTmpFiles/rtos_default_thread.tmp
2025-11-20 14:33:00,897 [INFO] CodeEngine:265 - oldGeneratedFile, /home/natthanicha/FRA502_ROS2/ROS_PROJECT_WS/firmware/sensor_fusion/MXTmpFiles/rtos_threads.tmp_save
2025-11-20 14:33:00,931 [INFO] CodeEngine:289 - Generated code: /home/natthanicha/FRA502_ROS2/ROS_PROJECT_WS/firmware/sensor_fusion/MXTmpFiles/rtos_threads.tmp
2025-11-20 14:33:00,933 [INFO] CodeEngine:265 - oldGeneratedFile, /home/natthanicha/FRA502_ROS2/ROS_PROJECT_WS/firmware/sensor_fusion/Core/Inc/FreeRTOSConfig.h_save
2025-11-20 14:33:00,981 [INFO] CodeEngine:289 - Generated code: /home/natthanicha/FRA502_ROS2/ROS_PROJECT_WS/firmware/sensor_fusion/Core/Inc/FreeRTOSConfig.h
2025-11-20 14:33:00,983 [INFO] CodeEngine:265 - oldGeneratedFile, /home/natthanicha/FRA502_ROS2/ROS_PROJECT_WS/firmware/sensor_fusion/Core/Src/app_freertos.c_save
2025-11-20 14:33:01,028 [INFO] CodeEngine:289 - Generated code: /home/natthanicha/FRA502_ROS2/ROS_PROJECT_WS/firmware/sensor_fusion/Core/Src/app_freertos.c
2025-11-20 14:33:01,079 [INFO] CodeEngine:265 - oldGeneratedFile, /home/natthanicha/FRA502_ROS2/ROS_PROJECT_WS/firmware/sensor_fusion/Core/Src/dma.c_save
2025-11-20 14:33:01,119 [INFO] CodeEngine:289 - Generated code: /home/natthanicha/FRA502_ROS2/ROS_PROJECT_WS/firmware/sensor_fusion/Core/Src/dma.c
2025-11-20 14:33:01,121 [INFO] CodeEngine:265 - oldGeneratedFile, /home/natthanicha/FRA502_ROS2/ROS_PROJECT_WS/firmware/sensor_fusion/Core/Inc/dma.h_save
2025-11-20 14:33:01,158 [INFO] CodeEngine:289 - Generated code: /home/natthanicha/FRA502_ROS2/ROS_PROJECT_WS/firmware/sensor_fusion/Core/Inc/dma.h
2025-11-20 14:33:01,181 [INFO] CodeEngine:265 - oldGeneratedFile, /home/natthanicha/FRA502_ROS2/ROS_PROJECT_WS/firmware/sensor_fusion/Core/Src/i2c.c_save
2025-11-20 14:33:01,259 [INFO] CodeEngine:289 - Generated code: /home/natthanicha/FRA502_ROS2/ROS_PROJECT_WS/firmware/sensor_fusion/Core/Src/i2c.c
2025-11-20 14:33:01,261 [INFO] CodeEngine:265 - oldGeneratedFile, /home/natthanicha/FRA502_ROS2/ROS_PROJECT_WS/firmware/sensor_fusion/Core/Inc/i2c.h_save
2025-11-20 14:33:01,322 [INFO] CodeEngine:289 - Generated code: /home/natthanicha/FRA502_ROS2/ROS_PROJECT_WS/firmware/sensor_fusion/Core/Inc/i2c.h
2025-11-20 14:33:01,325 [INFO] CodeEngine:265 - oldGeneratedFile, /home/natthanicha/FRA502_ROS2/ROS_PROJECT_WS/firmware/sensor_fusion/Core/Src/iwdg.c_save
2025-11-20 14:33:01,374 [INFO] CodeEngine:289 - Generated code: /home/natthanicha/FRA502_ROS2/ROS_PROJECT_WS/firmware/sensor_fusion/Core/Src/iwdg.c
2025-11-20 14:33:01,375 [INFO] CodeEngine:265 - oldGeneratedFile, /home/natthanicha/FRA502_ROS2/ROS_PROJECT_WS/firmware/sensor_fusion/Core/Inc/iwdg.h_save
2025-11-20 14:33:01,410 [INFO] CodeEngine:289 - Generated code: /home/natthanicha/FRA502_ROS2/ROS_PROJECT_WS/firmware/sensor_fusion/Core/Inc/iwdg.h
2025-11-20 14:33:01,413 [INFO] CodeEngine:265 - oldGeneratedFile, /home/natthanicha/FRA502_ROS2/ROS_PROJECT_WS/firmware/sensor_fusion/Core/Src/usart.c_save
2025-11-20 14:33:01,466 [INFO] CodeEngine:289 - Generated code: /home/natthanicha/FRA502_ROS2/ROS_PROJECT_WS/firmware/sensor_fusion/Core/Src/usart.c
2025-11-20 14:33:01,468 [INFO] CodeEngine:265 - oldGeneratedFile, /home/natthanicha/FRA502_ROS2/ROS_PROJECT_WS/firmware/sensor_fusion/Core/Inc/usart.h_save
2025-11-20 14:33:01,511 [INFO] CodeEngine:289 - Generated code: /home/natthanicha/FRA502_ROS2/ROS_PROJECT_WS/firmware/sensor_fusion/Core/Inc/usart.h
2025-11-20 14:33:01,515 [INFO] CodeEngine:265 - oldGeneratedFile, /home/natthanicha/FRA502_ROS2/ROS_PROJECT_WS/firmware/sensor_fusion/Core/Src/tim.c_save
2025-11-20 14:33:01,569 [INFO] CodeEngine:289 - Generated code: /home/natthanicha/FRA502_ROS2/ROS_PROJECT_WS/firmware/sensor_fusion/Core/Src/tim.c
2025-11-20 14:33:01,570 [INFO] CodeEngine:265 - oldGeneratedFile, /home/natthanicha/FRA502_ROS2/ROS_PROJECT_WS/firmware/sensor_fusion/Core/Inc/tim.h_save
2025-11-20 14:33:01,607 [INFO] CodeEngine:289 - Generated code: /home/natthanicha/FRA502_ROS2/ROS_PROJECT_WS/firmware/sensor_fusion/Core/Inc/tim.h
2025-11-20 14:33:01,624 [INFO] CodeEngine:265 - oldGeneratedFile, /home/natthanicha/FRA502_ROS2/ROS_PROJECT_WS/firmware/sensor_fusion/Core/Src/stm32g4xx_it.c_save
2025-11-20 14:33:01,684 [INFO] CodeEngine:289 - Generated code: /home/natthanicha/FRA502_ROS2/ROS_PROJECT_WS/firmware/sensor_fusion/Core/Src/stm32g4xx_it.c
2025-11-20 14:33:01,685 [INFO] CodeEngine:265 - oldGeneratedFile, /home/natthanicha/FRA502_ROS2/ROS_PROJECT_WS/firmware/sensor_fusion/Core/Inc/stm32g4xx_it.h_save
2025-11-20 14:33:01,738 [INFO] CodeEngine:289 - Generated code: /home/natthanicha/FRA502_ROS2/ROS_PROJECT_WS/firmware/sensor_fusion/Core/Inc/stm32g4xx_it.h
2025-11-20 14:33:01,791 [INFO] CodeEngine:265 - oldGeneratedFile, /home/natthanicha/FRA502_ROS2/ROS_PROJECT_WS/firmware/sensor_fusion/Core/Src/stm32g4xx_hal_msp.c_save
2025-11-20 14:33:01,841 [INFO] CodeEngine:289 - Generated code: /home/natthanicha/FRA502_ROS2/ROS_PROJECT_WS/firmware/sensor_fusion/Core/Src/stm32g4xx_hal_msp.c
2025-11-20 14:33:01,842 [INFO] CodeEngine:265 - oldGeneratedFile, /home/natthanicha/FRA502_ROS2/ROS_PROJECT_WS/firmware/sensor_fusion/MXTmpFiles/system.tmp_save
2025-11-20 14:33:01,877 [INFO] CodeEngine:289 - Generated code: /home/natthanicha/FRA502_ROS2/ROS_PROJECT_WS/firmware/sensor_fusion/MXTmpFiles/system.tmp
2025-11-20 14:33:01,899 [INFO] CodeEngine:265 - oldGeneratedFile, /home/natthanicha/FRA502_ROS2/ROS_PROJECT_WS/firmware/sensor_fusion/Core/Src/stm32g4xx_hal_timebase_tim.c_save
2025-11-20 14:33:01,934 [INFO] CodeEngine:289 - Generated code: /home/natthanicha/FRA502_ROS2/ROS_PROJECT_WS/firmware/sensor_fusion/Core/Src/stm32g4xx_hal_timebase_tim.c
2025-11-20 14:33:01,958 [INFO] CodeEngine:321 - oldGeneratedFile, /home/natthanicha/FRA502_ROS2/ROS_PROJECT_WS/firmware/sensor_fusion/Core/Inc/stm32g4xx_hal_conf.h_save
2025-11-20 14:33:01,996 [INFO] CodeEngine:345 - Generated code: /home/natthanicha/FRA502_ROS2/ROS_PROJECT_WS/firmware/sensor_fusion/Core/Inc/stm32g4xx_hal_conf.h
2025-11-20 14:33:02,008 [WARN] IPConfigManager:3238 - Warning: the RefConfig RCC_CommonPeriphClockConfig is not available in your config.xml file
2025-11-20 14:33:02,014 [INFO] ApiDbMcu:532 - Load IP Config File for I2C1
2025-11-20 14:33:02,015 [INFO] ApiDbMcu:532 - Load IP Config File for IWDG
2025-11-20 14:33:02,022 [INFO] ApiDbMcu:532 - Load IP Config File for LPUART1
2025-11-20 14:33:02,031 [INFO] ApiDbMcu:532 - Load IP Config File for TIM2
2025-11-20 14:33:02,038 [INFO] ApiDbMcu:532 - Load IP Config File for TIM5
2025-11-20 14:33:02,040 [INFO] ApiDbMcu:532 - Load IP Config File for RCC
2025-11-20 14:33:02,044 [INFO] CodeEngine:265 - oldGeneratedFile, /home/natthanicha/FRA502_ROS2/ROS_PROJECT_WS/firmware/sensor_fusion/Core/Inc/main.h_save
2025-11-20 14:33:02,118 [INFO] CodeEngine:289 - Generated code: /home/natthanicha/FRA502_ROS2/ROS_PROJECT_WS/firmware/sensor_fusion/Core/Inc/main.h
2025-11-20 14:33:02,121 [INFO] CodeEngine:265 - oldGeneratedFile, /home/natthanicha/FRA502_ROS2/ROS_PROJECT_WS/firmware/sensor_fusion/Core/Src/main.c_save
2025-11-20 14:33:02,196 [INFO] CodeEngine:289 - Generated code: /home/natthanicha/FRA502_ROS2/ROS_PROJECT_WS/firmware/sensor_fusion/Core/Src/main.c
2025-11-20 14:33:03,561 [INFO] ProjectBuilder:3606 - Time for Copy HAL[1] : 1170mS.
2025-11-20 14:33:03,566 [INFO] ProjectBuilder:5216 - Project Generator version: 4.7.0-B52
2025-11-20 14:33:03,635 [INFO] ConfigFileManager:1595 - The Die is : DIE469
2025-11-20 14:33:03,672 [INFO] ApiDbMcu:532 - Load IP Config File for FATFS
2025-11-20 14:33:03,702 [INFO] ApiDbMcu:532 - Load IP Config File for USBPD
2025-11-20 14:33:03,709 [INFO] ApiDbMcu:532 - Load IP Config File for USB_DEVICE
2025-11-20 14:33:04,199 [INFO] LogOutputStream:77 - [STDOUT_REDIRECT] 
2025-11-20 14:33:05,423 [INFO] ProjectBuilder:5496 - Time for Generating toolchain IDE Files: 1857mS.
2025-11-20 14:33:05,423 [INFO] ProjectBuilder:3463 - Time for Copy CMSIS : 0mS.
2025-11-20 14:33:05,425 [INFO] ProjectBuilder:3463 - Time for Copy CMSIS : 0mS.
2025-11-20 14:34:24,464 [INFO] UtilMem:75 - End SaveConfig() Used Memory: 772181408 Bytes (1073741824)
2025-11-20 14:34:25,522 [INFO] BlockDiagram:2775 - set Specific Code input for plugin: FREERTOS
2025-11-20 14:34:25,522 [INFO] BlockDiagram:2775 - set Specific Code input for plugin: IWDG
2025-11-20 14:34:25,523 [INFO] BlockDiagram:2775 - set Specific Code input for plugin: TIM1_8G4
2025-11-20 14:34:25,523 [INFO] BlockDiagram:2775 - set Specific Code input for plugin: TIM1_8G4
2025-11-20 14:34:25,523 [INFO] BlockDiagram:2775 - set Specific Code input for plugin: SYS
2025-11-20 14:34:25,523 [INFO] BlockDiagram:2775 - set Specific Code input for plugin: RCC
2025-11-20 14:34:25,523 [INFO] BlockDiagram:2775 - set Specific Code input for plugin: I2C
2025-11-20 14:34:25,523 [INFO] BlockDiagram:2775 - set Specific Code input for plugin: LPUART
2025-11-20 14:34:25,523 [INFO] BlockDiagram:2775 - set Specific Code input for plugin: NVIC
2025-11-20 14:34:25,523 [INFO] BlockDiagram:2775 - set Specific Code input for plugin: DMA
2025-11-20 14:34:25,523 [INFO] BlockDiagram:2775 - set Specific Code input for plugin: GPIO
2025-11-20 14:34:25,523 [INFO] CodeGenerator:892 - code generatio: config db path: /opt/st/stm32cubeide_1.19.0/plugins/com.st.stm32cube.common.mx_6.15.0.202507011659//db/
2025-11-20 14:34:25,531 [INFO] Argument:325 - Argument : hdmavalue: null
2025-11-20 14:34:25,531 [INFO] Argument:327 - 	 sub Args: 
2025-11-20 14:34:25,531 [INFO] Argument:325 - Argument : Instancevalue: DMA1_Channel1
2025-11-20 14:34:25,531 [INFO] Argument:335 - Argument : Instancevalue: DMA1_Channel1
2025-11-20 14:34:25,531 [INFO] Argument:325 - Argument : Initvalue: null
2025-11-20 14:34:25,531 [INFO] Argument:327 - 	 sub Args: 
2025-11-20 14:34:25,531 [INFO] Argument:325 - Argument : Requestvalue: DMA_REQUEST_LPUART1_RX
2025-11-20 14:34:25,531 [INFO] Argument:335 - Argument : Requestvalue: DMA_REQUEST_LPUART1_RX
2025-11-20 14:34:25,531 [INFO] Argument:325 - Argument : Directionvalue: DMA_PERIPH_TO_MEMORY
2025-11-20 14:34:25,531 [INFO] Argument:335 - Argument : Directionvalue: DMA_PERIPH_TO_MEMORY
2025-11-20 14:34:25,531 [INFO] Argument:325 - Argument : PeriphIncvalue: DMA_PINC_DISABLE
2025-11-20 14:34:25,531 [INFO] Argument:335 - Argument : PeriphIncvalue: DMA_PINC_DISABLE
2025-11-20 14:34:25,532 [INFO] Argument:325 - Argument : MemIncvalue: DMA_MINC_ENABLE
2025-11-20 14:34:25,532 [INFO] Argument:335 - Argument : MemIncvalue: DMA_MINC_ENABLE
2025-11-20 14:34:25,532 [INFO] Argument:325 - Argument : PeriphDataAlignmentvalue: DMA_PDATAALIGN_BYTE
2025-11-20 14:34:25,532 [INFO] Argument:335 - Argument : PeriphDataAlignmentvalue: DMA_PDATAALIGN_BYTE
2025-11-20 14:34:25,532 [INFO] Argument:325 - Argument : MemDataAlignmentvalue: DMA_MDATAALIGN_BYTE
2025-11-20 14:34:25,532 [INFO] Argument:335 - Argument : MemDataAlignmentvalue: DMA_MDATAALIGN_BYTE
2025-11-20 14:34:25,532 [INFO] Argument:325 - Argument : Modevalue: DMA_CIRCULAR
2025-11-20 14:34:25,532 [INFO] Argument:335 - Argument : Modevalue: DMA_CIRCULAR
2025-11-20 14:34:25,532 [INFO] Argument:325 - Argument : Priorityvalue: DMA_PRIORITY_VERY_HIGH
2025-11-20 14:34:25,532 [INFO] Argument:335 - Argument : Priorityvalue: DMA_PRIORITY_VERY_HIGH
2025-11-20 14:34:25,532 [INFO] Argument:325 - Argument : Lockvalue: null
2025-11-20 14:34:25,532 [INFO] Argument:335 - Argument : Lockvalue: null
2025-11-20 14:34:25,532 [INFO] Argument:325 - Argument : Statevalue: null
2025-11-20 14:34:25,532 [INFO] Argument:335 - Argument : Statevalue: null
2025-11-20 14:34:25,532 [INFO] Argument:325 - Argument : Parentvalue: null
2025-11-20 14:34:25,532 [INFO] Argument:335 - Argument : Parentvalue: null
2025-11-20 14:34:25,532 [INFO] Argument:325 - Argument : XferCpltCallbackvalue: null
2025-11-20 14:34:25,532 [INFO] Argument:335 - Argument : XferCpltCallbackvalue: null
2025-11-20 14:34:25,532 [INFO] Argument:325 - Argument : XferHalfCpltCallbackvalue: null
2025-11-20 14:34:25,532 [INFO] Argument:335 - Argument : XferHalfCpltCallbackvalue: null
2025-11-20 14:34:25,532 [INFO] Argument:325 - Argument : XferErrorCallbackvalue: null
2025-11-20 14:34:25,532 [INFO] Argument:335 - Argument : XferErrorCallbackvalue: null
2025-11-20 14:34:25,532 [INFO] Argument:325 - Argument : XferAbortCallbackvalue: null
2025-11-20 14:34:25,532 [INFO] Argument:335 - Argument : XferAbortCallbackvalue: null
2025-11-20 14:34:25,532 [INFO] Argument:325 - Argument : ErrorCodevalue: null
2025-11-20 14:34:25,532 [INFO] Argument:335 - Argument : ErrorCodevalue: null
2025-11-20 14:34:25,532 [INFO] Argument:325 - Argument : ChannelIndexvalue: null
2025-11-20 14:34:25,532 [INFO] Argument:335 - Argument : ChannelIndexvalue: null
2025-11-20 14:34:25,532 [INFO] Argument:325 - Argument : DMAmuxChannelvalue: null
2025-11-20 14:34:25,532 [INFO] Argument:335 - Argument : DMAmuxChannelvalue: null
2025-11-20 14:34:25,532 [INFO] Argument:325 - Argument : DMAmuxChannelStatusvalue: null
2025-11-20 14:34:25,532 [INFO] Argument:335 - Argument : DMAmuxChannelStatusvalue: null
2025-11-20 14:34:25,532 [INFO] Argument:325 - Argument : DMAmuxChannelStatusMaskvalue: null
2025-11-20 14:34:25,532 [INFO] Argument:335 - Argument : DMAmuxChannelStatusMaskvalue: null
2025-11-20 14:34:25,532 [INFO] Argument:325 - Argument : DMAmuxRequestGenvalue: null
2025-11-20 14:34:25,532 [INFO] Argument:335 - Argument : DMAmuxRequestGenvalue: null
2025-11-20 14:34:25,532 [INFO] Argument:325 - Argument : DMAmuxRequestGenStatusvalue: null
2025-11-20 14:34:25,532 [INFO] Argument:335 - Argument : DMAmuxRequestGenStatusvalue: null
2025-11-20 14:34:25,532 [INFO] Argument:325 - Argument : DMAmuxRequestGenStatusMaskvalue: null
2025-11-20 14:34:25,532 [INFO] Argument:335 - Argument : DMAmuxRequestGenStatusMaskvalue: null
2025-11-20 14:34:25,533 [INFO] Argument:325 - Argument : hdmavalue: null
2025-11-20 14:34:25,533 [INFO] Argument:327 - 	 sub Args: 
2025-11-20 14:34:25,534 [INFO] Argument:325 - Argument : Instancevalue: DMA1_Channel2
2025-11-20 14:34:25,534 [INFO] Argument:335 - Argument : Instancevalue: DMA1_Channel2
2025-11-20 14:34:25,534 [INFO] Argument:325 - Argument : Initvalue: null
2025-11-20 14:34:25,534 [INFO] Argument:327 - 	 sub Args: 
2025-11-20 14:34:25,534 [INFO] Argument:325 - Argument : Requestvalue: DMA_REQUEST_LPUART1_TX
2025-11-20 14:34:25,534 [INFO] Argument:335 - Argument : Requestvalue: DMA_REQUEST_LPUART1_TX
2025-11-20 14:34:25,534 [INFO] Argument:325 - Argument : Directionvalue: DMA_MEMORY_TO_PERIPH
2025-11-20 14:34:25,534 [INFO] Argument:335 - Argument : Directionvalue: DMA_MEMORY_TO_PERIPH
2025-11-20 14:34:25,534 [INFO] Argument:325 - Argument : PeriphIncvalue: DMA_PINC_DISABLE
2025-11-20 14:34:25,534 [INFO] Argument:335 - Argument : PeriphIncvalue: DMA_PINC_DISABLE
2025-11-20 14:34:25,534 [INFO] Argument:325 - Argument : MemIncvalue: DMA_MINC_ENABLE
2025-11-20 14:34:25,534 [INFO] Argument:335 - Argument : MemIncvalue: DMA_MINC_ENABLE
2025-11-20 14:34:25,534 [INFO] Argument:325 - Argument : PeriphDataAlignmentvalue: DMA_PDATAALIGN_BYTE
2025-11-20 14:34:25,534 [INFO] Argument:335 - Argument : PeriphDataAlignmentvalue: DMA_PDATAALIGN_BYTE
2025-11-20 14:34:25,534 [INFO] Argument:325 - Argument : MemDataAlignmentvalue: DMA_MDATAALIGN_BYTE
2025-11-20 14:34:25,534 [INFO] Argument:335 - Argument : MemDataAlignmentvalue: DMA_MDATAALIGN_BYTE
2025-11-20 14:34:25,534 [INFO] Argument:325 - Argument : Modevalue: DMA_NORMAL
2025-11-20 14:34:25,534 [INFO] Argument:335 - Argument : Modevalue: DMA_NORMAL
2025-11-20 14:34:25,534 [INFO] Argument:325 - Argument : Priorityvalue: DMA_PRIORITY_VERY_HIGH
2025-11-20 14:34:25,534 [INFO] Argument:335 - Argument : Priorityvalue: DMA_PRIORITY_VERY_HIGH
2025-11-20 14:34:25,534 [INFO] Argument:325 - Argument : Lockvalue: null
2025-11-20 14:34:25,534 [INFO] Argument:335 - Argument : Lockvalue: null
2025-11-20 14:34:25,534 [INFO] Argument:325 - Argument : Statevalue: null
2025-11-20 14:34:25,534 [INFO] Argument:335 - Argument : Statevalue: null
2025-11-20 14:34:25,534 [INFO] Argument:325 - Argument : Parentvalue: null
2025-11-20 14:34:25,534 [INFO] Argument:335 - Argument : Parentvalue: null
2025-11-20 14:34:25,534 [INFO] Argument:325 - Argument : XferCpltCallbackvalue: null
2025-11-20 14:34:25,534 [INFO] Argument:335 - Argument : XferCpltCallbackvalue: null
2025-11-20 14:34:25,534 [INFO] Argument:325 - Argument : XferHalfCpltCallbackvalue: null
2025-11-20 14:34:25,534 [INFO] Argument:335 - Argument : XferHalfCpltCallbackvalue: null
2025-11-20 14:34:25,534 [INFO] Argument:325 - Argument : XferErrorCallbackvalue: null
2025-11-20 14:34:25,534 [INFO] Argument:335 - Argument : XferErrorCallbackvalue: null
2025-11-20 14:34:25,534 [INFO] Argument:325 - Argument : XferAbortCallbackvalue: null
2025-11-20 14:34:25,534 [INFO] Argument:335 - Argument : XferAbortCallbackvalue: null
2025-11-20 14:34:25,534 [INFO] Argument:325 - Argument : ErrorCodevalue: null
2025-11-20 14:34:25,534 [INFO] Argument:335 - Argument : ErrorCodevalue: null
2025-11-20 14:34:25,534 [INFO] Argument:325 - Argument : ChannelIndexvalue: null
2025-11-20 14:34:25,534 [INFO] Argument:335 - Argument : ChannelIndexvalue: null
2025-11-20 14:34:25,534 [INFO] Argument:325 - Argument : DMAmuxChannelvalue: null
2025-11-20 14:34:25,534 [INFO] Argument:335 - Argument : DMAmuxChannelvalue: null
2025-11-20 14:34:25,534 [INFO] Argument:325 - Argument : DMAmuxChannelStatusvalue: null
2025-11-20 14:34:25,534 [INFO] Argument:335 - Argument : DMAmuxChannelStatusvalue: null
2025-11-20 14:34:25,534 [INFO] Argument:325 - Argument : DMAmuxChannelStatusMaskvalue: null
2025-11-20 14:34:25,534 [INFO] Argument:335 - Argument : DMAmuxChannelStatusMaskvalue: null
2025-11-20 14:34:25,534 [INFO] Argument:325 - Argument : DMAmuxRequestGenvalue: null
2025-11-20 14:34:25,534 [INFO] Argument:335 - Argument : DMAmuxRequestGenvalue: null
2025-11-20 14:34:25,534 [INFO] Argument:325 - Argument : DMAmuxRequestGenStatusvalue: null
2025-11-20 14:34:25,534 [INFO] Argument:335 - Argument : DMAmuxRequestGenStatusvalue: null
2025-11-20 14:34:25,534 [INFO] Argument:325 - Argument : DMAmuxRequestGenStatusMaskvalue: null
2025-11-20 14:34:25,534 [INFO] Argument:335 - Argument : DMAmuxRequestGenStatusMaskvalue: null
2025-11-20 14:34:25,600 [INFO] CodeEngine:265 - oldGeneratedFile, /home/natthanicha/FRA502_ROS2/ROS_PROJECT_WS/firmware/sensor_fusion/MXTmpFiles/license.tmp_save
2025-11-20 14:34:25,645 [INFO] CodeEngine:289 - Generated code: /home/natthanicha/FRA502_ROS2/ROS_PROJECT_WS/firmware/sensor_fusion/MXTmpFiles/license.tmp
2025-11-20 14:34:25,759 [INFO] CodeEngine:265 - oldGeneratedFile, /home/natthanicha/FRA502_ROS2/ROS_PROJECT_WS/firmware/sensor_fusion/Core/Src/gpio.c_save
2025-11-20 14:34:25,802 [INFO] CodeEngine:289 - Generated code: /home/natthanicha/FRA502_ROS2/ROS_PROJECT_WS/firmware/sensor_fusion/Core/Src/gpio.c
2025-11-20 14:34:25,803 [INFO] CodeEngine:265 - oldGeneratedFile, /home/natthanicha/FRA502_ROS2/ROS_PROJECT_WS/firmware/sensor_fusion/Core/Inc/gpio.h_save
2025-11-20 14:34:25,862 [INFO] CodeEngine:289 - Generated code: /home/natthanicha/FRA502_ROS2/ROS_PROJECT_WS/firmware/sensor_fusion/Core/Inc/gpio.h
2025-11-20 14:34:26,186 [INFO] Middleware:1452 - No code input for Bsp Dependency
2025-11-20 14:34:26,188 [INFO] CodeEngine:265 - oldGeneratedFile, /home/natthanicha/FRA502_ROS2/ROS_PROJECT_WS/firmware/sensor_fusion/MXTmpFiles/rtos_inc.tmp_save
2025-11-20 14:34:26,225 [INFO] CodeEngine:289 - Generated code: /home/natthanicha/FRA502_ROS2/ROS_PROJECT_WS/firmware/sensor_fusion/MXTmpFiles/rtos_inc.tmp
2025-11-20 14:34:26,225 [INFO] CodeEngine:265 - oldGeneratedFile, /home/natthanicha/FRA502_ROS2/ROS_PROJECT_WS/firmware/sensor_fusion/MXTmpFiles/rtos_kernelInit.tmp_save
2025-11-20 14:34:26,263 [INFO] CodeEngine:289 - Generated code: /home/natthanicha/FRA502_ROS2/ROS_PROJECT_WS/firmware/sensor_fusion/MXTmpFiles/rtos_kernelInit.tmp
2025-11-20 14:34:26,265 [INFO] CodeEngine:265 - oldGeneratedFile, /home/natthanicha/FRA502_ROS2/ROS_PROJECT_WS/firmware/sensor_fusion/MXTmpFiles/rtos_kernelStart.tmp_save
2025-11-20 14:34:26,306 [INFO] CodeEngine:289 - Generated code: /home/natthanicha/FRA502_ROS2/ROS_PROJECT_WS/firmware/sensor_fusion/MXTmpFiles/rtos_kernelStart.tmp
2025-11-20 14:34:26,306 [INFO] CodeEngine:265 - oldGeneratedFile, /home/natthanicha/FRA502_ROS2/ROS_PROJECT_WS/firmware/sensor_fusion/MXTmpFiles/rtos_typedefs.tmp_save
2025-11-20 14:34:26,344 [INFO] CodeEngine:289 - Generated code: /home/natthanicha/FRA502_ROS2/ROS_PROJECT_WS/firmware/sensor_fusion/MXTmpFiles/rtos_typedefs.tmp
2025-11-20 14:34:26,345 [INFO] CodeEngine:265 - oldGeneratedFile, /home/natthanicha/FRA502_ROS2/ROS_PROJECT_WS/firmware/sensor_fusion/MXTmpFiles/rtos_vars.tmp_save
2025-11-20 14:34:26,382 [INFO] CodeEngine:289 - Generated code: /home/natthanicha/FRA502_ROS2/ROS_PROJECT_WS/firmware/sensor_fusion/MXTmpFiles/rtos_vars.tmp
2025-11-20 14:34:26,383 [INFO] CodeEngine:265 - oldGeneratedFile, /home/natthanicha/FRA502_ROS2/ROS_PROJECT_WS/firmware/sensor_fusion/MXTmpFiles/rtos_pfp.tmp_save
2025-11-20 14:34:26,419 [INFO] CodeEngine:289 - Generated code: /home/natthanicha/FRA502_ROS2/ROS_PROJECT_WS/firmware/sensor_fusion/MXTmpFiles/rtos_pfp.tmp
2025-11-20 14:34:26,420 [INFO] CodeEngine:265 - oldGeneratedFile, /home/natthanicha/FRA502_ROS2/ROS_PROJECT_WS/firmware/sensor_fusion/MXTmpFiles/rtos_obj_creat.tmp_save
2025-11-20 14:34:26,458 [INFO] CodeEngine:289 - Generated code: /home/natthanicha/FRA502_ROS2/ROS_PROJECT_WS/firmware/sensor_fusion/MXTmpFiles/rtos_obj_creat.tmp
2025-11-20 14:34:26,459 [INFO] CodeEngine:265 - oldGeneratedFile, /home/natthanicha/FRA502_ROS2/ROS_PROJECT_WS/firmware/sensor_fusion/MXTmpFiles/rtos_default_thread.tmp_save
2025-11-20 14:34:26,494 [INFO] CodeEngine:289 - Generated code: /home/natthanicha/FRA502_ROS2/ROS_PROJECT_WS/firmware/sensor_fusion/MXTmpFiles/rtos_default_thread.tmp
2025-11-20 14:34:26,495 [INFO] CodeEngine:265 - oldGeneratedFile, /home/natthanicha/FRA502_ROS2/ROS_PROJECT_WS/firmware/sensor_fusion/MXTmpFiles/rtos_threads.tmp_save
2025-11-20 14:34:26,531 [INFO] CodeEngine:289 - Generated code: /home/natthanicha/FRA502_ROS2/ROS_PROJECT_WS/firmware/sensor_fusion/MXTmpFiles/rtos_threads.tmp
2025-11-20 14:34:26,537 [INFO] Middleware:1452 - No code input for Bsp Dependency
2025-11-20 14:34:26,539 [INFO] CodeEngine:265 - oldGeneratedFile, /home/natthanicha/FRA502_ROS2/ROS_PROJECT_WS/firmware/sensor_fusion/MXTmpFiles/rtos_inc.tmp_save
2025-11-20 14:34:26,577 [INFO] CodeEngine:289 - Generated code: /home/natthanicha/FRA502_ROS2/ROS_PROJECT_WS/firmware/sensor_fusion/MXTmpFiles/rtos_inc.tmp
2025-11-20 14:34:26,578 [INFO] CodeEngine:265 - oldGeneratedFile, /home/natthanicha/FRA502_ROS2/ROS_PROJECT_WS/firmware/sensor_fusion/MXTmpFiles/rtos_kernelInit.tmp_save
2025-11-20 14:34:26,616 [INFO] CodeEngine:289 - Generated code: /home/natthanicha/FRA502_ROS2/ROS_PROJECT_WS/firmware/sensor_fusion/MXTmpFiles/rtos_kernelInit.tmp
2025-11-20 14:34:26,617 [INFO] CodeEngine:265 - oldGeneratedFile, /home/natthanicha/FRA502_ROS2/ROS_PROJECT_WS/firmware/sensor_fusion/MXTmpFiles/rtos_kernelStart.tmp_save
2025-11-20 14:34:26,655 [INFO] CodeEngine:289 - Generated code: /home/natthanicha/FRA502_ROS2/ROS_PROJECT_WS/firmware/sensor_fusion/MXTmpFiles/rtos_kernelStart.tmp
2025-11-20 14:34:26,656 [INFO] CodeEngine:265 - oldGeneratedFile, /home/natthanicha/FRA502_ROS2/ROS_PROJECT_WS/firmware/sensor_fusion/MXTmpFiles/rtos_typedefs.tmp_save
2025-11-20 14:34:26,696 [INFO] CodeEngine:289 - Generated code: /home/natthanicha/FRA502_ROS2/ROS_PROJECT_WS/firmware/sensor_fusion/MXTmpFiles/rtos_typedefs.tmp
2025-11-20 14:34:26,697 [INFO] CodeEngine:265 - oldGeneratedFile, /home/natthanicha/FRA502_ROS2/ROS_PROJECT_WS/firmware/sensor_fusion/MXTmpFiles/rtos_vars.tmp_save
2025-11-20 14:34:26,737 [INFO] CodeEngine:289 - Generated code: /home/natthanicha/FRA502_ROS2/ROS_PROJECT_WS/firmware/sensor_fusion/MXTmpFiles/rtos_vars.tmp
2025-11-20 14:34:26,738 [INFO] CodeEngine:265 - oldGeneratedFile, /home/natthanicha/FRA502_ROS2/ROS_PROJECT_WS/firmware/sensor_fusion/MXTmpFiles/rtos_pfp.tmp_save
2025-11-20 14:34:26,776 [INFO] CodeEngine:289 - Generated code: /home/natthanicha/FRA502_ROS2/ROS_PROJECT_WS/firmware/sensor_fusion/MXTmpFiles/rtos_pfp.tmp
2025-11-20 14:34:26,777 [INFO] CodeEngine:265 - oldGeneratedFile, /home/natthanicha/FRA502_ROS2/ROS_PROJECT_WS/firmware/sensor_fusion/MXTmpFiles/rtos_obj_creat.tmp_save
2025-11-20 14:34:26,814 [INFO] CodeEngine:289 - Generated code: /home/natthanicha/FRA502_ROS2/ROS_PROJECT_WS/firmware/sensor_fusion/MXTmpFiles/rtos_obj_creat.tmp
2025-11-20 14:34:26,815 [INFO] CodeEngine:265 - oldGeneratedFile, /home/natthanicha/FRA502_ROS2/ROS_PROJECT_WS/firmware/sensor_fusion/MXTmpFiles/rtos_default_thread.tmp_save
2025-11-20 14:34:26,852 [INFO] CodeEngine:289 - Generated code: /home/natthanicha/FRA502_ROS2/ROS_PROJECT_WS/firmware/sensor_fusion/MXTmpFiles/rtos_default_thread.tmp
2025-11-20 14:34:26,853 [INFO] CodeEngine:265 - oldGeneratedFile, /home/natthanicha/FRA502_ROS2/ROS_PROJECT_WS/firmware/sensor_fusion/MXTmpFiles/rtos_threads.tmp_save
2025-11-20 14:34:26,890 [INFO] CodeEngine:289 - Generated code: /home/natthanicha/FRA502_ROS2/ROS_PROJECT_WS/firmware/sensor_fusion/MXTmpFiles/rtos_threads.tmp
2025-11-20 14:34:26,890 [INFO] CodeEngine:265 - oldGeneratedFile, /home/natthanicha/FRA502_ROS2/ROS_PROJECT_WS/firmware/sensor_fusion/Core/Inc/FreeRTOSConfig.h_save
2025-11-20 14:34:26,935 [INFO] CodeEngine:289 - Generated code: /home/natthanicha/FRA502_ROS2/ROS_PROJECT_WS/firmware/sensor_fusion/Core/Inc/FreeRTOSConfig.h
2025-11-20 14:34:26,936 [INFO] CodeEngine:265 - oldGeneratedFile, /home/natthanicha/FRA502_ROS2/ROS_PROJECT_WS/firmware/sensor_fusion/Core/Src/app_freertos.c_save
2025-11-20 14:34:26,976 [INFO] CodeEngine:289 - Generated code: /home/natthanicha/FRA502_ROS2/ROS_PROJECT_WS/firmware/sensor_fusion/Core/Src/app_freertos.c
2025-11-20 14:34:27,001 [INFO] CodeEngine:265 - oldGeneratedFile, /home/natthanicha/FRA502_ROS2/ROS_PROJECT_WS/firmware/sensor_fusion/Core/Src/dma.c_save
2025-11-20 14:34:27,040 [INFO] CodeEngine:289 - Generated code: /home/natthanicha/FRA502_ROS2/ROS_PROJECT_WS/firmware/sensor_fusion/Core/Src/dma.c
2025-11-20 14:34:27,041 [INFO] CodeEngine:265 - oldGeneratedFile, /home/natthanicha/FRA502_ROS2/ROS_PROJECT_WS/firmware/sensor_fusion/Core/Inc/dma.h_save
2025-11-20 14:34:27,076 [INFO] CodeEngine:289 - Generated code: /home/natthanicha/FRA502_ROS2/ROS_PROJECT_WS/firmware/sensor_fusion/Core/Inc/dma.h
2025-11-20 14:34:27,079 [INFO] CodeEngine:265 - oldGeneratedFile, /home/natthanicha/FRA502_ROS2/ROS_PROJECT_WS/firmware/sensor_fusion/Core/Src/i2c.c_save
2025-11-20 14:34:27,132 [INFO] CodeEngine:289 - Generated code: /home/natthanicha/FRA502_ROS2/ROS_PROJECT_WS/firmware/sensor_fusion/Core/Src/i2c.c
2025-11-20 14:34:27,133 [INFO] CodeEngine:265 - oldGeneratedFile, /home/natthanicha/FRA502_ROS2/ROS_PROJECT_WS/firmware/sensor_fusion/Core/Inc/i2c.h_save
2025-11-20 14:34:27,168 [INFO] CodeEngine:289 - Generated code: /home/natthanicha/FRA502_ROS2/ROS_PROJECT_WS/firmware/sensor_fusion/Core/Inc/i2c.h
2025-11-20 14:34:27,170 [INFO] CodeEngine:265 - oldGeneratedFile, /home/natthanicha/FRA502_ROS2/ROS_PROJECT_WS/firmware/sensor_fusion/Core/Src/iwdg.c_save
2025-11-20 14:34:27,221 [INFO] CodeEngine:289 - Generated code: /home/natthanicha/FRA502_ROS2/ROS_PROJECT_WS/firmware/sensor_fusion/Core/Src/iwdg.c
2025-11-20 14:34:27,222 [INFO] CodeEngine:265 - oldGeneratedFile, /home/natthanicha/FRA502_ROS2/ROS_PROJECT_WS/firmware/sensor_fusion/Core/Inc/iwdg.h_save
2025-11-20 14:34:27,272 [INFO] CodeEngine:289 - Generated code: /home/natthanicha/FRA502_ROS2/ROS_PROJECT_WS/firmware/sensor_fusion/Core/Inc/iwdg.h
2025-11-20 14:34:27,276 [INFO] CodeEngine:265 - oldGeneratedFile, /home/natthanicha/FRA502_ROS2/ROS_PROJECT_WS/firmware/sensor_fusion/Core/Src/usart.c_save
2025-11-20 14:34:27,353 [INFO] CodeEngine:289 - Generated code: /home/natthanicha/FRA502_ROS2/ROS_PROJECT_WS/firmware/sensor_fusion/Core/Src/usart.c
2025-11-20 14:34:27,354 [INFO] CodeEngine:265 - oldGeneratedFile, /home/natthanicha/FRA502_ROS2/ROS_PROJECT_WS/firmware/sensor_fusion/Core/Inc/usart.h_save
2025-11-20 14:34:27,398 [INFO] CodeEngine:289 - Generated code: /home/natthanicha/FRA502_ROS2/ROS_PROJECT_WS/firmware/sensor_fusion/Core/Inc/usart.h
2025-11-20 14:34:27,400 [INFO] CodeEngine:265 - oldGeneratedFile, /home/natthanicha/FRA502_ROS2/ROS_PROJECT_WS/firmware/sensor_fusion/Core/Src/tim.c_save
2025-11-20 14:34:27,454 [INFO] CodeEngine:289 - Generated code: /home/natthanicha/FRA502_ROS2/ROS_PROJECT_WS/firmware/sensor_fusion/Core/Src/tim.c
2025-11-20 14:34:27,455 [INFO] CodeEngine:265 - oldGeneratedFile, /home/natthanicha/FRA502_ROS2/ROS_PROJECT_WS/firmware/sensor_fusion/Core/Inc/tim.h_save
2025-11-20 14:34:27,489 [INFO] CodeEngine:289 - Generated code: /home/natthanicha/FRA502_ROS2/ROS_PROJECT_WS/firmware/sensor_fusion/Core/Inc/tim.h
2025-11-20 14:34:27,494 [INFO] CodeEngine:265 - oldGeneratedFile, /home/natthanicha/FRA502_ROS2/ROS_PROJECT_WS/firmware/sensor_fusion/Core/Src/stm32g4xx_it.c_save
2025-11-20 14:34:27,542 [INFO] CodeEngine:289 - Generated code: /home/natthanicha/FRA502_ROS2/ROS_PROJECT_WS/firmware/sensor_fusion/Core/Src/stm32g4xx_it.c
2025-11-20 14:34:27,543 [INFO] CodeEngine:265 - oldGeneratedFile, /home/natthanicha/FRA502_ROS2/ROS_PROJECT_WS/firmware/sensor_fusion/Core/Inc/stm32g4xx_it.h_save
2025-11-20 14:34:27,578 [INFO] CodeEngine:289 - Generated code: /home/natthanicha/FRA502_ROS2/ROS_PROJECT_WS/firmware/sensor_fusion/Core/Inc/stm32g4xx_it.h
2025-11-20 14:34:27,585 [INFO] CodeEngine:265 - oldGeneratedFile, /home/natthanicha/FRA502_ROS2/ROS_PROJECT_WS/firmware/sensor_fusion/Core/Src/stm32g4xx_hal_msp.c_save
2025-11-20 14:34:27,637 [INFO] CodeEngine:289 - Generated code: /home/natthanicha/FRA502_ROS2/ROS_PROJECT_WS/firmware/sensor_fusion/Core/Src/stm32g4xx_hal_msp.c
2025-11-20 14:34:27,639 [INFO] CodeEngine:265 - oldGeneratedFile, /home/natthanicha/FRA502_ROS2/ROS_PROJECT_WS/firmware/sensor_fusion/MXTmpFiles/system.tmp_save
2025-11-20 14:34:27,675 [INFO] CodeEngine:289 - Generated code: /home/natthanicha/FRA502_ROS2/ROS_PROJECT_WS/firmware/sensor_fusion/MXTmpFiles/system.tmp
2025-11-20 14:34:27,676 [INFO] CodeEngine:265 - oldGeneratedFile, /home/natthanicha/FRA502_ROS2/ROS_PROJECT_WS/firmware/sensor_fusion/Core/Src/stm32g4xx_hal_timebase_tim.c_save
2025-11-20 14:34:27,715 [INFO] CodeEngine:289 - Generated code: /home/natthanicha/FRA502_ROS2/ROS_PROJECT_WS/firmware/sensor_fusion/Core/Src/stm32g4xx_hal_timebase_tim.c
2025-11-20 14:34:27,718 [INFO] CodeEngine:321 - oldGeneratedFile, /home/natthanicha/FRA502_ROS2/ROS_PROJECT_WS/firmware/sensor_fusion/Core/Inc/stm32g4xx_hal_conf.h_save
2025-11-20 14:34:27,757 [INFO] CodeEngine:345 - Generated code: /home/natthanicha/FRA502_ROS2/ROS_PROJECT_WS/firmware/sensor_fusion/Core/Inc/stm32g4xx_hal_conf.h
2025-11-20 14:34:27,764 [WARN] IPConfigManager:3238 - Warning: the RefConfig RCC_CommonPeriphClockConfig is not available in your config.xml file
2025-11-20 14:34:27,770 [INFO] CodeEngine:265 - oldGeneratedFile, /home/natthanicha/FRA502_ROS2/ROS_PROJECT_WS/firmware/sensor_fusion/Core/Inc/main.h_save
2025-11-20 14:34:27,813 [INFO] CodeEngine:289 - Generated code: /home/natthanicha/FRA502_ROS2/ROS_PROJECT_WS/firmware/sensor_fusion/Core/Inc/main.h
2025-11-20 14:34:27,814 [INFO] CodeEngine:265 - oldGeneratedFile, /home/natthanicha/FRA502_ROS2/ROS_PROJECT_WS/firmware/sensor_fusion/Core/Src/main.c_save
2025-11-20 14:34:27,876 [INFO] CodeEngine:289 - Generated code: /home/natthanicha/FRA502_ROS2/ROS_PROJECT_WS/firmware/sensor_fusion/Core/Src/main.c
2025-11-20 14:34:28,001 [INFO] ProjectBuilder:3606 - Time for Copy HAL[1] : 23mS.
2025-11-20 14:34:28,003 [INFO] ProjectBuilder:5216 - Project Generator version: 4.7.0-B52
2025-11-20 14:34:28,050 [INFO] ConfigFileManager:1595 - The Die is : DIE469
2025-11-20 14:34:28,540 [INFO] ProjectBuilder:5496 - Time for Generating toolchain IDE Files: 537mS.
2025-11-20 14:34:28,540 [INFO] ProjectBuilder:3463 - Time for Copy CMSIS : 0mS.
2025-11-20 14:34:28,542 [INFO] ProjectBuilder:3463 - Time for Copy CMSIS : 1mS.
2025-11-20 14:35:54,060 [INFO] WebApp:194 - Connection lost
2025-11-20 14:35:54,243 [INFO] WebApp:191 - Connection restablished
2025-11-20 14:35:56,266 [INFO] WebApp:194 - Connection lost
2025-11-20 14:35:56,418 [INFO] WebApp:191 - Connection restablished
2025-11-20 14:35:58,506 [INFO] UtilMem:75 - End SaveConfig() Used Memory: 506387632 Bytes (1073741824)
2025-11-20 14:36:00,101 [INFO] BlockDiagram:2775 - set Specific Code input for plugin: FREERTOS
2025-11-20 14:36:00,101 [INFO] BlockDiagram:2775 - set Specific Code input for plugin: IWDG
2025-11-20 14:36:00,101 [INFO] BlockDiagram:2775 - set Specific Code input for plugin: TIM1_8G4
2025-11-20 14:36:00,101 [INFO] BlockDiagram:2775 - set Specific Code input for plugin: TIM1_8G4
2025-11-20 14:36:00,101 [INFO] BlockDiagram:2775 - set Specific Code input for plugin: SYS
2025-11-20 14:36:00,101 [INFO] BlockDiagram:2775 - set Specific Code input for plugin: RCC
2025-11-20 14:36:00,101 [INFO] BlockDiagram:2775 - set Specific Code input for plugin: I2C
2025-11-20 14:36:00,101 [INFO] BlockDiagram:2775 - set Specific Code input for plugin: LPUART
2025-11-20 14:36:00,101 [INFO] BlockDiagram:2775 - set Specific Code input for plugin: NVIC
2025-11-20 14:36:00,101 [INFO] BlockDiagram:2775 - set Specific Code input for plugin: DMA
2025-11-20 14:36:00,101 [INFO] BlockDiagram:2775 - set Specific Code input for plugin: GPIO
2025-11-20 14:36:00,101 [INFO] CodeGenerator:892 - code generatio: config db path: /opt/st/stm32cubeide_1.19.0/plugins/com.st.stm32cube.common.mx_6.15.0.202507011659//db/
2025-11-20 14:36:00,110 [INFO] Argument:325 - Argument : hdmavalue: null
2025-11-20 14:36:00,110 [INFO] Argument:327 - 	 sub Args: 
2025-11-20 14:36:00,110 [INFO] Argument:325 - Argument : Instancevalue: DMA1_Channel1
2025-11-20 14:36:00,110 [INFO] Argument:335 - Argument : Instancevalue: DMA1_Channel1
2025-11-20 14:36:00,110 [INFO] Argument:325 - Argument : Initvalue: null
2025-11-20 14:36:00,110 [INFO] Argument:327 - 	 sub Args: 
2025-11-20 14:36:00,110 [INFO] Argument:325 - Argument : Requestvalue: DMA_REQUEST_LPUART1_RX
2025-11-20 14:36:00,110 [INFO] Argument:335 - Argument : Requestvalue: DMA_REQUEST_LPUART1_RX
2025-11-20 14:36:00,110 [INFO] Argument:325 - Argument : Directionvalue: DMA_PERIPH_TO_MEMORY
2025-11-20 14:36:00,110 [INFO] Argument:335 - Argument : Directionvalue: DMA_PERIPH_TO_MEMORY
2025-11-20 14:36:00,110 [INFO] Argument:325 - Argument : PeriphIncvalue: DMA_PINC_DISABLE
2025-11-20 14:36:00,110 [INFO] Argument:335 - Argument : PeriphIncvalue: DMA_PINC_DISABLE
2025-11-20 14:36:00,110 [INFO] Argument:325 - Argument : MemIncvalue: DMA_MINC_ENABLE
2025-11-20 14:36:00,110 [INFO] Argument:335 - Argument : MemIncvalue: DMA_MINC_ENABLE
2025-11-20 14:36:00,110 [INFO] Argument:325 - Argument : PeriphDataAlignmentvalue: DMA_PDATAALIGN_BYTE
2025-11-20 14:36:00,110 [INFO] Argument:335 - Argument : PeriphDataAlignmentvalue: DMA_PDATAALIGN_BYTE
2025-11-20 14:36:00,110 [INFO] Argument:325 - Argument : MemDataAlignmentvalue: DMA_MDATAALIGN_BYTE
2025-11-20 14:36:00,110 [INFO] Argument:335 - Argument : MemDataAlignmentvalue: DMA_MDATAALIGN_BYTE
2025-11-20 14:36:00,110 [INFO] Argument:325 - Argument : Modevalue: DMA_CIRCULAR
2025-11-20 14:36:00,110 [INFO] Argument:335 - Argument : Modevalue: DMA_CIRCULAR
2025-11-20 14:36:00,110 [INFO] Argument:325 - Argument : Priorityvalue: DMA_PRIORITY_VERY_HIGH
2025-11-20 14:36:00,110 [INFO] Argument:335 - Argument : Priorityvalue: DMA_PRIORITY_VERY_HIGH
2025-11-20 14:36:00,110 [INFO] Argument:325 - Argument : Lockvalue: null
2025-11-20 14:36:00,110 [INFO] Argument:335 - Argument : Lockvalue: null
2025-11-20 14:36:00,110 [INFO] Argument:325 - Argument : Statevalue: null
2025-11-20 14:36:00,110 [INFO] Argument:335 - Argument : Statevalue: null
2025-11-20 14:36:00,110 [INFO] Argument:325 - Argument : Parentvalue: null
2025-11-20 14:36:00,110 [INFO] Argument:335 - Argument : Parentvalue: null
2025-11-20 14:36:00,110 [INFO] Argument:325 - Argument : XferCpltCallbackvalue: null
2025-11-20 14:36:00,110 [INFO] Argument:335 - Argument : XferCpltCallbackvalue: null
2025-11-20 14:36:00,110 [INFO] Argument:325 - Argument : XferHalfCpltCallbackvalue: null
2025-11-20 14:36:00,110 [INFO] Argument:335 - Argument : XferHalfCpltCallbackvalue: null
2025-11-20 14:36:00,110 [INFO] Argument:325 - Argument : XferErrorCallbackvalue: null
2025-11-20 14:36:00,110 [INFO] Argument:335 - Argument : XferErrorCallbackvalue: null
2025-11-20 14:36:00,110 [INFO] Argument:325 - Argument : XferAbortCallbackvalue: null
2025-11-20 14:36:00,110 [INFO] Argument:335 - Argument : XferAbortCallbackvalue: null
2025-11-20 14:36:00,110 [INFO] Argument:325 - Argument : ErrorCodevalue: null
2025-11-20 14:36:00,110 [INFO] Argument:335 - Argument : ErrorCodevalue: null
2025-11-20 14:36:00,111 [INFO] Argument:325 - Argument : ChannelIndexvalue: null
2025-11-20 14:36:00,111 [INFO] Argument:335 - Argument : ChannelIndexvalue: null
2025-11-20 14:36:00,111 [INFO] Argument:325 - Argument : DMAmuxChannelvalue: null
2025-11-20 14:36:00,111 [INFO] Argument:335 - Argument : DMAmuxChannelvalue: null
2025-11-20 14:36:00,111 [INFO] Argument:325 - Argument : DMAmuxChannelStatusvalue: null
2025-11-20 14:36:00,111 [INFO] Argument:335 - Argument : DMAmuxChannelStatusvalue: null
2025-11-20 14:36:00,111 [INFO] Argument:325 - Argument : DMAmuxChannelStatusMaskvalue: null
2025-11-20 14:36:00,111 [INFO] Argument:335 - Argument : DMAmuxChannelStatusMaskvalue: null
2025-11-20 14:36:00,111 [INFO] Argument:325 - Argument : DMAmuxRequestGenvalue: null
2025-11-20 14:36:00,111 [INFO] Argument:335 - Argument : DMAmuxRequestGenvalue: null
2025-11-20 14:36:00,111 [INFO] Argument:325 - Argument : DMAmuxRequestGenStatusvalue: null
2025-11-20 14:36:00,111 [INFO] Argument:335 - Argument : DMAmuxRequestGenStatusvalue: null
2025-11-20 14:36:00,111 [INFO] Argument:325 - Argument : DMAmuxRequestGenStatusMaskvalue: null
2025-11-20 14:36:00,111 [INFO] Argument:335 - Argument : DMAmuxRequestGenStatusMaskvalue: null
2025-11-20 14:36:00,112 [INFO] Argument:325 - Argument : hdmavalue: null
2025-11-20 14:36:00,112 [INFO] Argument:327 - 	 sub Args: 
2025-11-20 14:36:00,112 [INFO] Argument:325 - Argument : Instancevalue: DMA1_Channel2
2025-11-20 14:36:00,112 [INFO] Argument:335 - Argument : Instancevalue: DMA1_Channel2
2025-11-20 14:36:00,112 [INFO] Argument:325 - Argument : Initvalue: null
2025-11-20 14:36:00,112 [INFO] Argument:327 - 	 sub Args: 
2025-11-20 14:36:00,112 [INFO] Argument:325 - Argument : Requestvalue: DMA_REQUEST_LPUART1_TX
2025-11-20 14:36:00,112 [INFO] Argument:335 - Argument : Requestvalue: DMA_REQUEST_LPUART1_TX
2025-11-20 14:36:00,112 [INFO] Argument:325 - Argument : Directionvalue: DMA_MEMORY_TO_PERIPH
2025-11-20 14:36:00,112 [INFO] Argument:335 - Argument : Directionvalue: DMA_MEMORY_TO_PERIPH
2025-11-20 14:36:00,112 [INFO] Argument:325 - Argument : PeriphIncvalue: DMA_PINC_DISABLE
2025-11-20 14:36:00,112 [INFO] Argument:335 - Argument : PeriphIncvalue: DMA_PINC_DISABLE
2025-11-20 14:36:00,112 [INFO] Argument:325 - Argument : MemIncvalue: DMA_MINC_ENABLE
2025-11-20 14:36:00,112 [INFO] Argument:335 - Argument : MemIncvalue: DMA_MINC_ENABLE
2025-11-20 14:36:00,112 [INFO] Argument:325 - Argument : PeriphDataAlignmentvalue: DMA_PDATAALIGN_BYTE
2025-11-20 14:36:00,112 [INFO] Argument:335 - Argument : PeriphDataAlignmentvalue: DMA_PDATAALIGN_BYTE
2025-11-20 14:36:00,112 [INFO] Argument:325 - Argument : MemDataAlignmentvalue: DMA_MDATAALIGN_BYTE
2025-11-20 14:36:00,112 [INFO] Argument:335 - Argument : MemDataAlignmentvalue: DMA_MDATAALIGN_BYTE
2025-11-20 14:36:00,112 [INFO] Argument:325 - Argument : Modevalue: DMA_NORMAL
2025-11-20 14:36:00,112 [INFO] Argument:335 - Argument : Modevalue: DMA_NORMAL
2025-11-20 14:36:00,112 [INFO] Argument:325 - Argument : Priorityvalue: DMA_PRIORITY_VERY_HIGH
2025-11-20 14:36:00,112 [INFO] Argument:335 - Argument : Priorityvalue: DMA_PRIORITY_VERY_HIGH
2025-11-20 14:36:00,112 [INFO] Argument:325 - Argument : Lockvalue: null
2025-11-20 14:36:00,112 [INFO] Argument:335 - Argument : Lockvalue: null
2025-11-20 14:36:00,112 [INFO] Argument:325 - Argument : Statevalue: null
2025-11-20 14:36:00,112 [INFO] Argument:335 - Argument : Statevalue: null
2025-11-20 14:36:00,112 [INFO] Argument:325 - Argument : Parentvalue: null
2025-11-20 14:36:00,112 [INFO] Argument:335 - Argument : Parentvalue: null
2025-11-20 14:36:00,112 [INFO] Argument:325 - Argument : XferCpltCallbackvalue: null
2025-11-20 14:36:00,112 [INFO] Argument:335 - Argument : XferCpltCallbackvalue: null
2025-11-20 14:36:00,112 [INFO] Argument:325 - Argument : XferHalfCpltCallbackvalue: null
2025-11-20 14:36:00,112 [INFO] Argument:335 - Argument : XferHalfCpltCallbackvalue: null
2025-11-20 14:36:00,112 [INFO] Argument:325 - Argument : XferErrorCallbackvalue: null
2025-11-20 14:36:00,112 [INFO] Argument:335 - Argument : XferErrorCallbackvalue: null
2025-11-20 14:36:00,112 [INFO] Argument:325 - Argument : XferAbortCallbackvalue: null
2025-11-20 14:36:00,112 [INFO] Argument:335 - Argument : XferAbortCallbackvalue: null
2025-11-20 14:36:00,112 [INFO] Argument:325 - Argument : ErrorCodevalue: null
2025-11-20 14:36:00,112 [INFO] Argument:335 - Argument : ErrorCodevalue: null
2025-11-20 14:36:00,112 [INFO] Argument:325 - Argument : ChannelIndexvalue: null
2025-11-20 14:36:00,112 [INFO] Argument:335 - Argument : ChannelIndexvalue: null
2025-11-20 14:36:00,112 [INFO] Argument:325 - Argument : DMAmuxChannelvalue: null
2025-11-20 14:36:00,112 [INFO] Argument:335 - Argument : DMAmuxChannelvalue: null
2025-11-20 14:36:00,112 [INFO] Argument:325 - Argument : DMAmuxChannelStatusvalue: null
2025-11-20 14:36:00,112 [INFO] Argument:335 - Argument : DMAmuxChannelStatusvalue: null
2025-11-20 14:36:00,112 [INFO] Argument:325 - Argument : DMAmuxChannelStatusMaskvalue: null
2025-11-20 14:36:00,112 [INFO] Argument:335 - Argument : DMAmuxChannelStatusMaskvalue: null
2025-11-20 14:36:00,112 [INFO] Argument:325 - Argument : DMAmuxRequestGenvalue: null
2025-11-20 14:36:00,112 [INFO] Argument:335 - Argument : DMAmuxRequestGenvalue: null
2025-11-20 14:36:00,112 [INFO] Argument:325 - Argument : DMAmuxRequestGenStatusvalue: null
2025-11-20 14:36:00,112 [INFO] Argument:335 - Argument : DMAmuxRequestGenStatusvalue: null
2025-11-20 14:36:00,112 [INFO] Argument:325 - Argument : DMAmuxRequestGenStatusMaskvalue: null
2025-11-20 14:36:00,112 [INFO] Argument:335 - Argument : DMAmuxRequestGenStatusMaskvalue: null
2025-11-20 14:36:00,181 [INFO] CodeEngine:265 - oldGeneratedFile, /home/natthanicha/FRA502_ROS2/ROS_PROJECT_WS/firmware/sensor_fusion/MXTmpFiles/license.tmp_save
2025-11-20 14:36:00,222 [INFO] CodeEngine:289 - Generated code: /home/natthanicha/FRA502_ROS2/ROS_PROJECT_WS/firmware/sensor_fusion/MXTmpFiles/license.tmp
2025-11-20 14:36:00,247 [INFO] CodeEngine:265 - oldGeneratedFile, /home/natthanicha/FRA502_ROS2/ROS_PROJECT_WS/firmware/sensor_fusion/Core/Src/gpio.c_save
2025-11-20 14:36:00,290 [INFO] CodeEngine:289 - Generated code: /home/natthanicha/FRA502_ROS2/ROS_PROJECT_WS/firmware/sensor_fusion/Core/Src/gpio.c
2025-11-20 14:36:00,291 [INFO] CodeEngine:265 - oldGeneratedFile, /home/natthanicha/FRA502_ROS2/ROS_PROJECT_WS/firmware/sensor_fusion/Core/Inc/gpio.h_save
2025-11-20 14:36:00,331 [INFO] CodeEngine:289 - Generated code: /home/natthanicha/FRA502_ROS2/ROS_PROJECT_WS/firmware/sensor_fusion/Core/Inc/gpio.h
2025-11-20 14:36:00,649 [INFO] Middleware:1452 - No code input for Bsp Dependency
2025-11-20 14:36:00,651 [INFO] CodeEngine:265 - oldGeneratedFile, /home/natthanicha/FRA502_ROS2/ROS_PROJECT_WS/firmware/sensor_fusion/MXTmpFiles/rtos_inc.tmp_save
2025-11-20 14:36:00,686 [INFO] CodeEngine:289 - Generated code: /home/natthanicha/FRA502_ROS2/ROS_PROJECT_WS/firmware/sensor_fusion/MXTmpFiles/rtos_inc.tmp
2025-11-20 14:36:00,686 [INFO] CodeEngine:265 - oldGeneratedFile, /home/natthanicha/FRA502_ROS2/ROS_PROJECT_WS/firmware/sensor_fusion/MXTmpFiles/rtos_kernelInit.tmp_save
2025-11-20 14:36:00,719 [INFO] CodeEngine:289 - Generated code: /home/natthanicha/FRA502_ROS2/ROS_PROJECT_WS/firmware/sensor_fusion/MXTmpFiles/rtos_kernelInit.tmp
2025-11-20 14:36:00,720 [INFO] CodeEngine:265 - oldGeneratedFile, /home/natthanicha/FRA502_ROS2/ROS_PROJECT_WS/firmware/sensor_fusion/MXTmpFiles/rtos_kernelStart.tmp_save
2025-11-20 14:36:00,754 [INFO] CodeEngine:289 - Generated code: /home/natthanicha/FRA502_ROS2/ROS_PROJECT_WS/firmware/sensor_fusion/MXTmpFiles/rtos_kernelStart.tmp
2025-11-20 14:36:00,755 [INFO] CodeEngine:265 - oldGeneratedFile, /home/natthanicha/FRA502_ROS2/ROS_PROJECT_WS/firmware/sensor_fusion/MXTmpFiles/rtos_typedefs.tmp_save
2025-11-20 14:36:00,790 [INFO] CodeEngine:289 - Generated code: /home/natthanicha/FRA502_ROS2/ROS_PROJECT_WS/firmware/sensor_fusion/MXTmpFiles/rtos_typedefs.tmp
2025-11-20 14:36:00,790 [INFO] CodeEngine:265 - oldGeneratedFile, /home/natthanicha/FRA502_ROS2/ROS_PROJECT_WS/firmware/sensor_fusion/MXTmpFiles/rtos_vars.tmp_save
2025-11-20 14:36:00,826 [INFO] CodeEngine:289 - Generated code: /home/natthanicha/FRA502_ROS2/ROS_PROJECT_WS/firmware/sensor_fusion/MXTmpFiles/rtos_vars.tmp
2025-11-20 14:36:00,827 [INFO] CodeEngine:265 - oldGeneratedFile, /home/natthanicha/FRA502_ROS2/ROS_PROJECT_WS/firmware/sensor_fusion/MXTmpFiles/rtos_pfp.tmp_save
2025-11-20 14:36:00,861 [INFO] CodeEngine:289 - Generated code: /home/natthanicha/FRA502_ROS2/ROS_PROJECT_WS/firmware/sensor_fusion/MXTmpFiles/rtos_pfp.tmp
2025-11-20 14:36:00,862 [INFO] CodeEngine:265 - oldGeneratedFile, /home/natthanicha/FRA502_ROS2/ROS_PROJECT_WS/firmware/sensor_fusion/MXTmpFiles/rtos_obj_creat.tmp_save
2025-11-20 14:36:00,896 [INFO] CodeEngine:289 - Generated code: /home/natthanicha/FRA502_ROS2/ROS_PROJECT_WS/firmware/sensor_fusion/MXTmpFiles/rtos_obj_creat.tmp
2025-11-20 14:36:00,897 [INFO] CodeEngine:265 - oldGeneratedFile, /home/natthanicha/FRA502_ROS2/ROS_PROJECT_WS/firmware/sensor_fusion/MXTmpFiles/rtos_default_thread.tmp_save
2025-11-20 14:36:00,933 [INFO] CodeEngine:289 - Generated code: /home/natthanicha/FRA502_ROS2/ROS_PROJECT_WS/firmware/sensor_fusion/MXTmpFiles/rtos_default_thread.tmp
2025-11-20 14:36:00,933 [INFO] CodeEngine:265 - oldGeneratedFile, /home/natthanicha/FRA502_ROS2/ROS_PROJECT_WS/firmware/sensor_fusion/MXTmpFiles/rtos_threads.tmp_save
2025-11-20 14:36:00,968 [INFO] CodeEngine:289 - Generated code: /home/natthanicha/FRA502_ROS2/ROS_PROJECT_WS/firmware/sensor_fusion/MXTmpFiles/rtos_threads.tmp
2025-11-20 14:36:00,972 [INFO] Middleware:1452 - No code input for Bsp Dependency
2025-11-20 14:36:00,974 [INFO] CodeEngine:265 - oldGeneratedFile, /home/natthanicha/FRA502_ROS2/ROS_PROJECT_WS/firmware/sensor_fusion/MXTmpFiles/rtos_inc.tmp_save
2025-11-20 14:36:01,006 [INFO] CodeEngine:289 - Generated code: /home/natthanicha/FRA502_ROS2/ROS_PROJECT_WS/firmware/sensor_fusion/MXTmpFiles/rtos_inc.tmp
2025-11-20 14:36:01,007 [INFO] CodeEngine:265 - oldGeneratedFile, /home/natthanicha/FRA502_ROS2/ROS_PROJECT_WS/firmware/sensor_fusion/MXTmpFiles/rtos_kernelInit.tmp_save
2025-11-20 14:36:01,041 [INFO] CodeEngine:289 - Generated code: /home/natthanicha/FRA502_ROS2/ROS_PROJECT_WS/firmware/sensor_fusion/MXTmpFiles/rtos_kernelInit.tmp
2025-11-20 14:36:01,042 [INFO] CodeEngine:265 - oldGeneratedFile, /home/natthanicha/FRA502_ROS2/ROS_PROJECT_WS/firmware/sensor_fusion/MXTmpFiles/rtos_kernelStart.tmp_save
2025-11-20 14:36:01,076 [INFO] CodeEngine:289 - Generated code: /home/natthanicha/FRA502_ROS2/ROS_PROJECT_WS/firmware/sensor_fusion/MXTmpFiles/rtos_kernelStart.tmp
2025-11-20 14:36:01,077 [INFO] CodeEngine:265 - oldGeneratedFile, /home/natthanicha/FRA502_ROS2/ROS_PROJECT_WS/firmware/sensor_fusion/MXTmpFiles/rtos_typedefs.tmp_save
2025-11-20 14:36:01,115 [INFO] CodeEngine:289 - Generated code: /home/natthanicha/FRA502_ROS2/ROS_PROJECT_WS/firmware/sensor_fusion/MXTmpFiles/rtos_typedefs.tmp
2025-11-20 14:36:01,116 [INFO] CodeEngine:265 - oldGeneratedFile, /home/natthanicha/FRA502_ROS2/ROS_PROJECT_WS/firmware/sensor_fusion/MXTmpFiles/rtos_vars.tmp_save
2025-11-20 14:36:01,151 [INFO] CodeEngine:289 - Generated code: /home/natthanicha/FRA502_ROS2/ROS_PROJECT_WS/firmware/sensor_fusion/MXTmpFiles/rtos_vars.tmp
2025-11-20 14:36:01,152 [INFO] CodeEngine:265 - oldGeneratedFile, /home/natthanicha/FRA502_ROS2/ROS_PROJECT_WS/firmware/sensor_fusion/MXTmpFiles/rtos_pfp.tmp_save
2025-11-20 14:36:01,185 [INFO] CodeEngine:289 - Generated code: /home/natthanicha/FRA502_ROS2/ROS_PROJECT_WS/firmware/sensor_fusion/MXTmpFiles/rtos_pfp.tmp
2025-11-20 14:36:01,186 [INFO] CodeEngine:265 - oldGeneratedFile, /home/natthanicha/FRA502_ROS2/ROS_PROJECT_WS/firmware/sensor_fusion/MXTmpFiles/rtos_obj_creat.tmp_save
2025-11-20 14:36:01,221 [INFO] CodeEngine:289 - Generated code: /home/natthanicha/FRA502_ROS2/ROS_PROJECT_WS/firmware/sensor_fusion/MXTmpFiles/rtos_obj_creat.tmp
2025-11-20 14:36:01,222 [INFO] CodeEngine:265 - oldGeneratedFile, /home/natthanicha/FRA502_ROS2/ROS_PROJECT_WS/firmware/sensor_fusion/MXTmpFiles/rtos_default_thread.tmp_save
2025-11-20 14:36:01,254 [INFO] CodeEngine:289 - Generated code: /home/natthanicha/FRA502_ROS2/ROS_PROJECT_WS/firmware/sensor_fusion/MXTmpFiles/rtos_default_thread.tmp
2025-11-20 14:36:01,255 [INFO] CodeEngine:265 - oldGeneratedFile, /home/natthanicha/FRA502_ROS2/ROS_PROJECT_WS/firmware/sensor_fusion/MXTmpFiles/rtos_threads.tmp_save
2025-11-20 14:36:01,287 [INFO] CodeEngine:289 - Generated code: /home/natthanicha/FRA502_ROS2/ROS_PROJECT_WS/firmware/sensor_fusion/MXTmpFiles/rtos_threads.tmp
2025-11-20 14:36:01,288 [INFO] CodeEngine:265 - oldGeneratedFile, /home/natthanicha/FRA502_ROS2/ROS_PROJECT_WS/firmware/sensor_fusion/Core/Inc/FreeRTOSConfig.h_save
2025-11-20 14:36:01,327 [INFO] CodeEngine:289 - Generated code: /home/natthanicha/FRA502_ROS2/ROS_PROJECT_WS/firmware/sensor_fusion/Core/Inc/FreeRTOSConfig.h
2025-11-20 14:36:01,328 [INFO] CodeEngine:265 - oldGeneratedFile, /home/natthanicha/FRA502_ROS2/ROS_PROJECT_WS/firmware/sensor_fusion/Core/Src/app_freertos.c_save
2025-11-20 14:36:01,364 [INFO] CodeEngine:289 - Generated code: /home/natthanicha/FRA502_ROS2/ROS_PROJECT_WS/firmware/sensor_fusion/Core/Src/app_freertos.c
2025-11-20 14:36:01,389 [INFO] CodeEngine:265 - oldGeneratedFile, /home/natthanicha/FRA502_ROS2/ROS_PROJECT_WS/firmware/sensor_fusion/Core/Src/dma.c_save
2025-11-20 14:36:01,423 [INFO] CodeEngine:289 - Generated code: /home/natthanicha/FRA502_ROS2/ROS_PROJECT_WS/firmware/sensor_fusion/Core/Src/dma.c
2025-11-20 14:36:01,424 [INFO] CodeEngine:265 - oldGeneratedFile, /home/natthanicha/FRA502_ROS2/ROS_PROJECT_WS/firmware/sensor_fusion/Core/Inc/dma.h_save
2025-11-20 14:36:01,482 [INFO] CodeEngine:289 - Generated code: /home/natthanicha/FRA502_ROS2/ROS_PROJECT_WS/firmware/sensor_fusion/Core/Inc/dma.h
2025-11-20 14:36:01,485 [INFO] CodeEngine:265 - oldGeneratedFile, /home/natthanicha/FRA502_ROS2/ROS_PROJECT_WS/firmware/sensor_fusion/Core/Src/i2c.c_save
2025-11-20 14:36:01,535 [INFO] CodeEngine:289 - Generated code: /home/natthanicha/FRA502_ROS2/ROS_PROJECT_WS/firmware/sensor_fusion/Core/Src/i2c.c
2025-11-20 14:36:01,536 [INFO] CodeEngine:265 - oldGeneratedFile, /home/natthanicha/FRA502_ROS2/ROS_PROJECT_WS/firmware/sensor_fusion/Core/Inc/i2c.h_save
2025-11-20 14:36:01,570 [INFO] CodeEngine:289 - Generated code: /home/natthanicha/FRA502_ROS2/ROS_PROJECT_WS/firmware/sensor_fusion/Core/Inc/i2c.h
2025-11-20 14:36:01,572 [INFO] CodeEngine:265 - oldGeneratedFile, /home/natthanicha/FRA502_ROS2/ROS_PROJECT_WS/firmware/sensor_fusion/Core/Src/iwdg.c_save
2025-11-20 14:36:01,623 [INFO] CodeEngine:289 - Generated code: /home/natthanicha/FRA502_ROS2/ROS_PROJECT_WS/firmware/sensor_fusion/Core/Src/iwdg.c
2025-11-20 14:36:01,624 [INFO] CodeEngine:265 - oldGeneratedFile, /home/natthanicha/FRA502_ROS2/ROS_PROJECT_WS/firmware/sensor_fusion/Core/Inc/iwdg.h_save
2025-11-20 14:36:01,659 [INFO] CodeEngine:289 - Generated code: /home/natthanicha/FRA502_ROS2/ROS_PROJECT_WS/firmware/sensor_fusion/Core/Inc/iwdg.h
2025-11-20 14:36:01,661 [INFO] CodeEngine:265 - oldGeneratedFile, /home/natthanicha/FRA502_ROS2/ROS_PROJECT_WS/firmware/sensor_fusion/Core/Src/usart.c_save
2025-11-20 14:36:01,712 [INFO] CodeEngine:289 - Generated code: /home/natthanicha/FRA502_ROS2/ROS_PROJECT_WS/firmware/sensor_fusion/Core/Src/usart.c
2025-11-20 14:36:01,713 [INFO] CodeEngine:265 - oldGeneratedFile, /home/natthanicha/FRA502_ROS2/ROS_PROJECT_WS/firmware/sensor_fusion/Core/Inc/usart.h_save
2025-11-20 14:36:01,748 [INFO] CodeEngine:289 - Generated code: /home/natthanicha/FRA502_ROS2/ROS_PROJECT_WS/firmware/sensor_fusion/Core/Inc/usart.h
2025-11-20 14:36:01,750 [INFO] CodeEngine:265 - oldGeneratedFile, /home/natthanicha/FRA502_ROS2/ROS_PROJECT_WS/firmware/sensor_fusion/Core/Src/tim.c_save
2025-11-20 14:36:01,798 [INFO] CodeEngine:289 - Generated code: /home/natthanicha/FRA502_ROS2/ROS_PROJECT_WS/firmware/sensor_fusion/Core/Src/tim.c
2025-11-20 14:36:01,799 [INFO] CodeEngine:265 - oldGeneratedFile, /home/natthanicha/FRA502_ROS2/ROS_PROJECT_WS/firmware/sensor_fusion/Core/Inc/tim.h_save
2025-11-20 14:36:01,834 [INFO] CodeEngine:289 - Generated code: /home/natthanicha/FRA502_ROS2/ROS_PROJECT_WS/firmware/sensor_fusion/Core/Inc/tim.h
2025-11-20 14:36:01,839 [INFO] CodeEngine:265 - oldGeneratedFile, /home/natthanicha/FRA502_ROS2/ROS_PROJECT_WS/firmware/sensor_fusion/Core/Src/stm32g4xx_it.c_save
2025-11-20 14:36:01,882 [INFO] CodeEngine:289 - Generated code: /home/natthanicha/FRA502_ROS2/ROS_PROJECT_WS/firmware/sensor_fusion/Core/Src/stm32g4xx_it.c
2025-11-20 14:36:01,882 [INFO] CodeEngine:265 - oldGeneratedFile, /home/natthanicha/FRA502_ROS2/ROS_PROJECT_WS/firmware/sensor_fusion/Core/Inc/stm32g4xx_it.h_save
2025-11-20 14:36:01,917 [INFO] CodeEngine:289 - Generated code: /home/natthanicha/FRA502_ROS2/ROS_PROJECT_WS/firmware/sensor_fusion/Core/Inc/stm32g4xx_it.h
2025-11-20 14:36:01,924 [INFO] CodeEngine:265 - oldGeneratedFile, /home/natthanicha/FRA502_ROS2/ROS_PROJECT_WS/firmware/sensor_fusion/Core/Src/stm32g4xx_hal_msp.c_save
2025-11-20 14:36:01,977 [INFO] CodeEngine:289 - Generated code: /home/natthanicha/FRA502_ROS2/ROS_PROJECT_WS/firmware/sensor_fusion/Core/Src/stm32g4xx_hal_msp.c
2025-11-20 14:36:01,978 [INFO] CodeEngine:265 - oldGeneratedFile, /home/natthanicha/FRA502_ROS2/ROS_PROJECT_WS/firmware/sensor_fusion/MXTmpFiles/system.tmp_save
2025-11-20 14:36:02,012 [INFO] CodeEngine:289 - Generated code: /home/natthanicha/FRA502_ROS2/ROS_PROJECT_WS/firmware/sensor_fusion/MXTmpFiles/system.tmp
2025-11-20 14:36:02,013 [INFO] CodeEngine:265 - oldGeneratedFile, /home/natthanicha/FRA502_ROS2/ROS_PROJECT_WS/firmware/sensor_fusion/Core/Src/stm32g4xx_hal_timebase_tim.c_save
2025-11-20 14:36:02,047 [INFO] CodeEngine:289 - Generated code: /home/natthanicha/FRA502_ROS2/ROS_PROJECT_WS/firmware/sensor_fusion/Core/Src/stm32g4xx_hal_timebase_tim.c
2025-11-20 14:36:02,049 [INFO] CodeEngine:321 - oldGeneratedFile, /home/natthanicha/FRA502_ROS2/ROS_PROJECT_WS/firmware/sensor_fusion/Core/Inc/stm32g4xx_hal_conf.h_save
2025-11-20 14:36:02,085 [INFO] CodeEngine:345 - Generated code: /home/natthanicha/FRA502_ROS2/ROS_PROJECT_WS/firmware/sensor_fusion/Core/Inc/stm32g4xx_hal_conf.h
2025-11-20 14:36:02,089 [WARN] IPConfigManager:3238 - Warning: the RefConfig RCC_CommonPeriphClockConfig is not available in your config.xml file
2025-11-20 14:36:02,094 [INFO] CodeEngine:265 - oldGeneratedFile, /home/natthanicha/FRA502_ROS2/ROS_PROJECT_WS/firmware/sensor_fusion/Core/Inc/main.h_save
2025-11-20 14:36:02,130 [INFO] CodeEngine:289 - Generated code: /home/natthanicha/FRA502_ROS2/ROS_PROJECT_WS/firmware/sensor_fusion/Core/Inc/main.h
2025-11-20 14:36:02,131 [INFO] CodeEngine:265 - oldGeneratedFile, /home/natthanicha/FRA502_ROS2/ROS_PROJECT_WS/firmware/sensor_fusion/Core/Src/main.c_save
2025-11-20 14:36:02,185 [INFO] CodeEngine:289 - Generated code: /home/natthanicha/FRA502_ROS2/ROS_PROJECT_WS/firmware/sensor_fusion/Core/Src/main.c
2025-11-20 14:36:02,301 [INFO] ProjectBuilder:3606 - Time for Copy HAL[1] : 22mS.
2025-11-20 14:36:02,302 [INFO] ProjectBuilder:5216 - Project Generator version: 4.7.0-B52
2025-11-20 14:36:02,347 [INFO] ConfigFileManager:1595 - The Die is : DIE469
2025-11-20 14:36:02,761 [INFO] ProjectBuilder:5496 - Time for Generating toolchain IDE Files: 459mS.
2025-11-20 14:36:02,761 [INFO] ProjectBuilder:3463 - Time for Copy CMSIS : 0mS.
2025-11-20 14:36:02,762 [INFO] ProjectBuilder:3463 - Time for Copy CMSIS : 0mS.
2025-11-20 14:36:12,230 [INFO] WebApp:194 - Connection lost
2025-11-20 14:36:12,379 [INFO] WebApp:191 - Connection restablished
2025-11-20 14:36:13,298 [INFO] WebApp:194 - Connection lost
2025-11-20 14:36:13,446 [INFO] WebApp:191 - Connection restablished
2025-11-20 14:36:30,082 [INFO] WebApp:194 - Connection lost
2025-11-20 14:36:30,242 [INFO] WebApp:191 - Connection restablished
2025-11-20 14:36:43,025 [INFO] WebApp:194 - Connection lost
2025-11-20 14:36:43,320 [INFO] WebApp:191 - Connection restablished
2025-11-20 14:37:03,652 [INFO] WebApp:194 - Connection lost
2025-11-20 14:37:04,642 [INFO] WebApp:191 - Connection restablished
2025-11-20 14:48:59,073 [INFO] WebApp:194 - Connection lost
2025-11-20 14:48:59,297 [INFO] WebApp:191 - Connection restablished
2025-11-20 14:51:12,403 [INFO] NvicIntPanel:101 - NVIC parent = com.st.microxplorer.plugins.ip.nvic.MultiNvicIntPanel[,0,0,450x210,layout=javax.swing.BoxLayout,alignmentX=0.0,alignmentY=0.0,border=,flags=9,maximumSize=,minimumSize=,preferredSize=]
2025-11-20 14:52:55,970 [INFO] WebApp:194 - Connection lost
2025-11-20 14:52:56,267 [INFO] WebApp:191 - Connection restablished
2025-11-20 14:56:18,372 [INFO] WebApp:194 - Connection lost
2025-11-20 14:56:18,727 [INFO] WebApp:191 - Connection restablished
2025-11-20 14:57:42,230 [ERROR] LogOutputStream:75 - [STDERR_REDIRECT] 
2025-11-20 16:03:38,256 [INFO] Activator:176 - 


2025-11-20 16:03:38,257 [INFO] Activator:177 - !SESSION log4j initialized
2025-11-20 16:03:40,838 [INFO] LogOutputStream:77 - [STDOUT_REDIRECT] 
2025-11-20 16:03:41,545 [INFO] ApplicationProperties:184 - Using Application install path: /opt/st/stm32cubeide_1.19.0/plugins/com.st.stm32cube.common.mx_6.15.0.202507011659
2025-11-20 16:03:41,556 [INFO] DbMcusXml:78 - Set database path to: /opt/st/stm32cubeide_1.19.0/plugins/com.st.stm32cube.common.mx_6.15.0.202507011659//db//mcu/
2025-11-20 16:03:41,556 [INFO] ApiDb:274 - Set plugin database path to: /opt/st/stm32cubeide_1.19.0/plugins/com.st.stm32cube.common.mx_6.15.0.202507011659//db//plugins/boardmanager/
2025-11-20 16:03:41,556 [WARN] ApiDb:259 - Overriding images path with different value:  => /opt/st/stm32cubeide_1.19.0/plugins/com.st.stm32cube.common.mx_6.15.0.202507011659//db//plugins/mcufinder/images/
2025-11-20 16:03:41,558 [INFO] ApiDb:250 - Set database path to: /home/natthanicha/.stmcufinder/plugins/mcufinder//mcu/
2025-11-20 16:03:41,559 [INFO] DbMcusAds:125 - Set database path to: /home/natthanicha/.stmcufinder/plugins/mcufinder//mcu/
2025-11-20 16:03:41,560 [INFO] CrossReferenceDbSqlite:203 - Set database path to: /home/natthanicha/.stmcufinder/plugins/mcufinder//mcu/cs/
2025-11-20 16:03:41,631 [INFO] RulesReader:64 - Compatibility file has been processed (317 Rules)
2025-11-20 16:03:41,669 [INFO] DbMcusXml:78 - Set database path to: /opt/st/stm32cubeide_1.19.0/plugins/com.st.stm32cube.common.mx_6.15.0.202507011659//db//mcu/
2025-11-20 16:03:41,669 [INFO] ApiDb:274 - Set plugin database path to: /opt/st/stm32cubeide_1.19.0/plugins/com.st.stm32cube.common.mx_6.15.0.202507011659//db//plugins/boardmanager/
2025-11-20 16:03:41,669 [INFO] ApiDb:261 - Set plugin images path to: /opt/st/stm32cubeide_1.19.0/plugins/com.st.stm32cube.common.mx_6.15.0.202507011659//db//plugins/mcufinder/images/
2025-11-20 16:03:41,669 [WARN] DbFile:41 - Overriding database path with different value: /home/natthanicha/.stmcufinder/plugins/mcufinder/ => /home/natthanicha/.stmcufinder/plugins/mcufinder
2025-11-20 16:03:41,669 [INFO] ApiDb:250 - Set database path to: /home/natthanicha/.stmcufinder/plugins/mcufinder//mcu/
2025-11-20 16:03:41,669 [WARN] DbFile:41 - Overriding database path with different value: /home/natthanicha/.stmcufinder/plugins/mcufinder/ => /home/natthanicha/.stmcufinder/plugins/mcufinder
2025-11-20 16:03:41,669 [INFO] DbMcusAds:125 - Set database path to: /home/natthanicha/.stmcufinder/plugins/mcufinder//mcu/
2025-11-20 16:03:41,669 [WARN] DbFile:41 - Overriding database path with different value: /home/natthanicha/.stmcufinder/plugins/mcufinder/ => /home/natthanicha/.stmcufinder/plugins/mcufinder
2025-11-20 16:03:41,669 [WARN] DbFile:41 - Overriding database path with different value: /home/natthanicha/.stmcufinder/plugins/mcufinder/ => /home/natthanicha/.stmcufinder/plugins/mcufinder
2025-11-20 16:03:41,669 [INFO] CrossReferenceDbSqlite:203 - Set database path to: /home/natthanicha/.stmcufinder/plugins/mcufinder//mcu/cs/
2025-11-20 16:03:41,705 [INFO] MainPanel:274 - HeapMemory: 268435456
2025-11-20 16:03:41,773 [INFO] DbMcusXml:78 - Set database path to: /opt/st/stm32cubeide_1.19.0/plugins/com.st.stm32cube.common.mx_6.15.0.202507011659//db//mcu/
2025-11-20 16:03:41,773 [INFO] ApiDb:274 - Set plugin database path to: /opt/st/stm32cubeide_1.19.0/plugins/com.st.stm32cube.common.mx_6.15.0.202507011659//db//plugins/boardmanager/
2025-11-20 16:03:41,773 [INFO] ApiDb:261 - Set plugin images path to: /opt/st/stm32cubeide_1.19.0/plugins/com.st.stm32cube.common.mx_6.15.0.202507011659//db//plugins/mcufinder/images/
2025-11-20 16:03:41,773 [WARN] DbFile:41 - Overriding database path with different value: /home/natthanicha/.stmcufinder/plugins/mcufinder/ => /home/natthanicha/.stmcufinder/plugins/mcufinder
2025-11-20 16:03:41,773 [INFO] ApiDb:250 - Set database path to: /home/natthanicha/.stmcufinder/plugins/mcufinder//mcu/
2025-11-20 16:03:41,773 [WARN] DbFile:41 - Overriding database path with different value: /home/natthanicha/.stmcufinder/plugins/mcufinder/ => /home/natthanicha/.stmcufinder/plugins/mcufinder
2025-11-20 16:03:41,773 [INFO] DbMcusAds:125 - Set database path to: /home/natthanicha/.stmcufinder/plugins/mcufinder//mcu/
2025-11-20 16:03:41,773 [WARN] DbFile:41 - Overriding database path with different value: /home/natthanicha/.stmcufinder/plugins/mcufinder/ => /home/natthanicha/.stmcufinder/plugins/mcufinder
2025-11-20 16:03:41,773 [WARN] DbFile:41 - Overriding database path with different value: /home/natthanicha/.stmcufinder/plugins/mcufinder/ => /home/natthanicha/.stmcufinder/plugins/mcufinder
2025-11-20 16:03:41,773 [INFO] CrossReferenceDbSqlite:203 - Set database path to: /home/natthanicha/.stmcufinder/plugins/mcufinder//mcu/cs/
2025-11-20 16:03:41,783 [INFO] ApplicationProperties:184 - Using Application install path: /opt/st/stm32cubeide_1.19.0/plugins/com.st.stm32cube.common.mx_6.15.0.202507011659
2025-11-20 16:03:41,784 [INFO] PluginManage:196 - Search for loadable plugins [exclusion list=, ]
2025-11-20 16:03:41,785 [INFO] PluginManage:310 - Check plugin analytics
2025-11-20 16:03:41,928 [INFO] AnalyticsPlugin:253 - Accepted Software Licenses: 
2025-11-20 16:03:41,928 [INFO] AnalyticsPlugin:255 - Accepted CMSIS Pack Licenses: 
2025-11-20 16:03:41,928 [INFO] AnalyticsPlugin:257 - Accepted Firmware Licenses: FW.G4.1.6.0
2025-11-20 16:03:41,929 [INFO] PluginManage:359 - Loaded plugin analytics (category:tool,tabindex:-1)
2025-11-20 16:03:41,930 [INFO] PluginManage:310 - Check plugin cadmodel
2025-11-20 16:03:41,932 [INFO] CADModel:105 - Init CAD model plugin
2025-11-20 16:03:41,932 [INFO] PluginManage:359 - Loaded plugin cadmodel (category:power,tabindex:5)
2025-11-20 16:03:41,932 [INFO] PluginManage:310 - Check plugin clock
2025-11-20 16:03:41,936 [INFO] PluginManage:359 - Loaded plugin clock (category:base,tabindex:2)
2025-11-20 16:03:41,936 [INFO] PluginManage:310 - Check plugin ddr
2025-11-20 16:03:41,937 [INFO] PluginManage:359 - Loaded plugin ddr (category:tool,tabindex:6)
2025-11-20 16:03:41,937 [INFO] PluginManage:310 - Check plugin filemanager
2025-11-20 16:03:42,019 [INFO] PluginManage:359 - Loaded plugin filemanager (category:base,tabindex:10)
2025-11-20 16:03:42,019 [INFO] PluginManage:310 - Check plugin ipmanager
2025-11-20 16:03:42,023 [INFO] PluginManage:359 - Loaded plugin ipmanager (category:base,tabindex:5)
2025-11-20 16:03:42,023 [INFO] PluginManage:310 - Check plugin lpbam
2025-11-20 16:03:42,028 [INFO] PluginManage:359 - Loaded plugin lpbam (category:base,tabindex:0)
2025-11-20 16:03:42,028 [INFO] PluginManage:310 - Check plugin memorymap
2025-11-20 16:03:42,035 [INFO] PluginManage:359 - Loaded plugin memorymap (category:base,tabindex:4)
2025-11-20 16:03:42,035 [INFO] PluginManage:310 - Check plugin pinoutandconfiguration
2025-11-20 16:03:42,038 [INFO] PluginManage:359 - Loaded plugin pinoutandconfiguration (category:base,tabindex:1)
2025-11-20 16:03:42,039 [INFO] PluginManage:310 - Check plugin pinoutconfig
2025-11-20 16:03:42,088 [WARN] SupportedApi:132 - Cannot load RTOS API schema: s4s-elt-must-match.1: The content of 'definitions' must match (annotation?, (simpleType | complexType)?, (unique | key | keyref)*)). A problem was found starting at: attribute.
2025-11-20 16:03:42,178 [INFO] PluginManage:359 - Loaded plugin pinoutconfig (category:base,tabindex:0)
2025-11-20 16:03:42,178 [INFO] PluginManage:310 - Check plugin power
2025-11-20 16:03:42,183 [INFO] PluginManage:359 - Loaded plugin power (category:power,tabindex:4)
2025-11-20 16:03:42,183 [INFO] PluginManage:310 - Check plugin projectmanager
2025-11-20 16:03:42,193 [INFO] PluginManage:359 - Loaded plugin projectmanager (category:projectmanager,tabindex:4)
2025-11-20 16:03:42,193 [INFO] PluginManage:310 - Check plugin rif
2025-11-20 16:03:42,199 [INFO] PluginManage:359 - Loaded plugin rif (category:base,tabindex:3)
2025-11-20 16:03:42,199 [INFO] PluginManage:310 - Check plugin thirdparty
2025-11-20 16:03:42,268 [INFO] PluginManage:359 - Loaded plugin thirdparty (category:base,tabindex:-1)
2025-11-20 16:03:42,268 [WARN] IntegrityCheckThread:84 - waiting for thirdparty lock release [integrity check]
2025-11-20 16:03:42,268 [INFO] IntegrityCheckThread:86 - entering critical section [integrity check]
2025-11-20 16:03:42,268 [INFO] PluginManage:310 - Check plugin tools
2025-11-20 16:03:42,269 [INFO] ThirdPartyUpdaterWithRetryManager:70 - Updater plugin not ready yet. [1/15]
2025-11-20 16:03:42,270 [INFO] PluginManage:359 - Loaded plugin tools (category:base,tabindex:7)
2025-11-20 16:03:42,270 [INFO] PluginManage:310 - Check plugin tutovideos
2025-11-20 16:03:42,386 [INFO] PluginManage:359 - Loaded plugin tutovideos (category:base,tabindex:-1)
2025-11-20 16:03:42,386 [INFO] PluginManage:310 - Check plugin updater
2025-11-20 16:03:42,401 [INFO] PluginManage:359 - Loaded plugin updater (category:base,tabindex:12)
2025-11-20 16:03:42,401 [INFO] PluginManage:310 - Check plugin userauth
2025-11-20 16:03:42,403 [INFO] UserAuth:118 - Init User Auth plugin
2025-11-20 16:03:42,403 [INFO] PluginManage:359 - Loaded plugin userauth (category:base,tabindex:14)
2025-11-20 16:03:42,403 [INFO] PluginManage:283 - PluginManage : Loaded plugins [18]
2025-11-20 16:03:42,503 [INFO] PinOutPanel:1589 - setPackage(No Configuration,No Configuration)
2025-11-20 16:03:42,545 [INFO] CADModel:165 - CPN selected for project level
2025-11-20 16:03:42,545 [INFO] CADModel:114 - Register for checkConnection events
2025-11-20 16:03:42,552 [INFO] IPUIPlugin:80 - create IPUIPlugin
2025-11-20 16:03:42,553 [INFO] PluginManager:220 - loadIPPluginJar : add gfxmmu
2025-11-20 16:03:42,554 [INFO] IPUIPlugin:80 - create IPUIPlugin
2025-11-20 16:03:42,554 [INFO] PluginManager:220 - loadIPPluginJar : add spi
2025-11-20 16:03:42,559 [INFO] IPUIPlugin:80 - create IPUIPlugin
2025-11-20 16:03:42,559 [INFO] PluginManager:220 - loadIPPluginJar : add linkedlist
2025-11-20 16:03:42,562 [INFO] IPUIPlugin:80 - create IPUIPlugin
2025-11-20 16:03:42,562 [INFO] PluginManager:220 - loadIPPluginJar : add stm32_wpan
2025-11-20 16:03:42,564 [INFO] IPUIPlugin:80 - create IPUIPlugin
2025-11-20 16:03:42,564 [INFO] PluginManager:220 - loadIPPluginJar : add resmgrutility
2025-11-20 16:03:42,565 [INFO] IPUIPlugin:80 - create IPUIPlugin
2025-11-20 16:03:42,565 [INFO] PluginManager:220 - loadIPPluginJar : add gpio
2025-11-20 16:03:42,566 [INFO] IPUIPlugin:80 - create IPUIPlugin
2025-11-20 16:03:42,566 [INFO] PluginManager:220 - loadIPPluginJar : add ucpd
2025-11-20 16:03:42,567 [INFO] IPUIPlugin:80 - create IPUIPlugin
2025-11-20 16:03:42,567 [INFO] PluginManager:220 - loadIPPluginJar : add dma3
2025-11-20 16:03:42,568 [INFO] IPUIPlugin:80 - create IPUIPlugin
2025-11-20 16:03:42,568 [INFO] PluginManager:220 - loadIPPluginJar : add i2s
2025-11-20 16:03:42,570 [INFO] IPUIPlugin:80 - create IPUIPlugin
2025-11-20 16:03:42,570 [INFO] PluginManager:220 - loadIPPluginJar : add mdma
2025-11-20 16:03:42,571 [INFO] IPUIPlugin:80 - create IPUIPlugin
2025-11-20 16:03:42,571 [INFO] PluginManager:220 - loadIPPluginJar : add tsc
2025-11-20 16:03:42,572 [INFO] IPUIPlugin:80 - create IPUIPlugin
2025-11-20 16:03:42,572 [INFO] PluginManager:220 - loadIPPluginJar : add lorawan
2025-11-20 16:03:42,573 [INFO] IPUIPlugin:80 - create IPUIPlugin
2025-11-20 16:03:42,573 [INFO] PluginManager:220 - loadIPPluginJar : add extmemmanager
2025-11-20 16:03:42,576 [INFO] IPUIPlugin:80 - create IPUIPlugin
2025-11-20 16:03:42,576 [INFO] PluginManager:220 - loadIPPluginJar : add adc
2025-11-20 16:03:42,576 [INFO] IPUIPlugin:80 - create IPUIPlugin
2025-11-20 16:03:42,577 [INFO] PluginManager:220 - loadIPPluginJar : add radio
2025-11-20 16:03:42,578 [INFO] IPUIPlugin:80 - create IPUIPlugin
2025-11-20 16:03:42,578 [INFO] PluginManager:220 - loadIPPluginJar : add sai
2025-11-20 16:03:42,578 [INFO] IPUIPlugin:80 - create IPUIPlugin
2025-11-20 16:03:42,578 [INFO] PluginManager:220 - loadIPPluginJar : add genericplugin
2025-11-20 16:03:42,579 [INFO] IPUIPlugin:80 - create IPUIPlugin
2025-11-20 16:03:42,579 [INFO] PluginManager:220 - loadIPPluginJar : add i2c
2025-11-20 16:03:42,580 [INFO] IPUIPlugin:80 - create IPUIPlugin
2025-11-20 16:03:42,580 [INFO] PluginManager:220 - loadIPPluginJar : add ddr_ctrl_phy
2025-11-20 16:03:42,581 [INFO] IPUIPlugin:80 - create IPUIPlugin
2025-11-20 16:03:42,581 [INFO] PluginManager:220 - loadIPPluginJar : add gtzc
2025-11-20 16:03:42,582 [INFO] IPUIPlugin:80 - create IPUIPlugin
2025-11-20 16:03:42,582 [INFO] PluginManager:220 - loadIPPluginJar : add usbx
2025-11-20 16:03:42,585 [INFO] IPUIPlugin:80 - create IPUIPlugin
2025-11-20 16:03:42,586 [INFO] PluginManager:220 - loadIPPluginJar : add freertos
2025-11-20 16:03:42,587 [INFO] IPUIPlugin:80 - create IPUIPlugin
2025-11-20 16:03:42,587 [INFO] PluginManager:220 - loadIPPluginJar : add pdm2pcm
2025-11-20 16:03:42,587 [INFO] IPUIPlugin:80 - create IPUIPlugin
2025-11-20 16:03:42,588 [INFO] PluginManager:220 - loadIPPluginJar : add fatfs
2025-11-20 16:03:42,590 [INFO] IPUIPlugin:80 - create IPUIPlugin
2025-11-20 16:03:42,590 [INFO] PluginManager:220 - loadIPPluginJar : add ipddr
2025-11-20 16:03:42,591 [INFO] IPUIPlugin:80 - create IPUIPlugin
2025-11-20 16:03:42,591 [INFO] PluginManager:220 - loadIPPluginJar : add aes
2025-11-20 16:03:42,593 [INFO] IPUIPlugin:80 - create IPUIPlugin
2025-11-20 16:03:42,593 [INFO] PluginManager:220 - loadIPPluginJar : add fmc
2025-11-20 16:03:42,595 [INFO] IPUIPlugin:80 - create IPUIPlugin
2025-11-20 16:03:42,595 [INFO] PluginManager:220 - loadIPPluginJar : add i3c
2025-11-20 16:03:42,596 [INFO] IPUIPlugin:80 - create IPUIPlugin
2025-11-20 16:03:42,597 [INFO] PluginManager:220 - loadIPPluginJar : add touchsensing
2025-11-20 16:03:42,598 [INFO] IPUIPlugin:80 - create IPUIPlugin
2025-11-20 16:03:42,598 [INFO] PluginManager:220 - loadIPPluginJar : add opamp
2025-11-20 16:03:42,599 [INFO] IPUIPlugin:80 - create IPUIPlugin
2025-11-20 16:03:42,599 [INFO] PluginManager:220 - loadIPPluginJar : add tracer_emb
2025-11-20 16:03:42,602 [INFO] IPUIPlugin:80 - create IPUIPlugin
2025-11-20 16:03:42,602 [INFO] PluginManager:220 - loadIPPluginJar : add dma
2025-11-20 16:03:42,603 [INFO] IPUIPlugin:80 - create IPUIPlugin
2025-11-20 16:03:42,603 [INFO] PluginManager:220 - loadIPPluginJar : add ltdc
2025-11-20 16:03:42,605 [INFO] IPUIPlugin:80 - create IPUIPlugin
2025-11-20 16:03:42,605 [INFO] PluginManager:220 - loadIPPluginJar : add hash
2025-11-20 16:03:42,609 [INFO] IPUIPlugin:80 - create IPUIPlugin
2025-11-20 16:03:42,617 [INFO] PluginManager:220 - loadIPPluginJar : add plateformsettings
2025-11-20 16:03:42,618 [INFO] IPUIPlugin:80 - create IPUIPlugin
2025-11-20 16:03:42,618 [INFO] PluginManager:220 - loadIPPluginJar : add comp
2025-11-20 16:03:42,620 [INFO] IPUIPlugin:80 - create IPUIPlugin
2025-11-20 16:03:42,620 [INFO] PluginManager:220 - loadIPPluginJar : add can
2025-11-20 16:03:42,621 [INFO] IPUIPlugin:80 - create IPUIPlugin
2025-11-20 16:03:42,621 [INFO] PluginManager:220 - loadIPPluginJar : add dfsdm
2025-11-20 16:03:42,623 [INFO] IPUIPlugin:80 - create IPUIPlugin
2025-11-20 16:03:42,623 [INFO] PluginManager:220 - loadIPPluginJar : add usart
2025-11-20 16:03:42,624 [INFO] IPUIPlugin:80 - create IPUIPlugin
2025-11-20 16:03:42,625 [INFO] PluginManager:220 - loadIPPluginJar : add nvic
2025-11-20 16:03:42,628 [INFO] IPUIPlugin:80 - create IPUIPlugin
2025-11-20 16:03:42,628 [INFO] PluginManager:220 - loadIPPluginJar : add gic
2025-11-20 16:03:42,628 [INFO] IPUIPlugin:80 - create IPUIPlugin
2025-11-20 16:03:42,629 [INFO] PluginManager:220 - loadIPPluginJar : add quadspi
2025-11-20 16:03:42,630 [INFO] IPUIPlugin:80 - create IPUIPlugin
2025-11-20 16:03:42,630 [INFO] PluginManager:220 - loadIPPluginJar : add cryp
2025-11-20 16:03:42,631 [INFO] IPUIPlugin:80 - create IPUIPlugin
2025-11-20 16:03:42,631 [INFO] PluginManager:220 - loadIPPluginJar : add openamp
2025-11-20 16:03:42,632 [INFO] IPUIPlugin:80 - create IPUIPlugin
2025-11-20 16:03:42,632 [INFO] PluginManager:220 - loadIPPluginJar : add tim
2025-11-20 16:03:42,633 [INFO] IPUIPlugin:80 - create IPUIPlugin
2025-11-20 16:03:42,633 [INFO] PluginManager:220 - loadIPPluginJar : add ts
2025-11-20 16:03:42,732 [FATAL] Updater:351 - Updater called before beeing initialized
2025-11-20 16:03:42,747 [INFO] RulesReader:64 - Compatibility file has been processed (317 Rules)
2025-11-20 16:03:42,753 [INFO] RulesReader:64 - Compatibility file has been processed (317 Rules)
2025-11-20 16:03:42,758 [INFO] CADModel:165 - CPN selected for project level
2025-11-20 16:03:42,759 [INFO] CADModel:114 - Register for checkConnection events
2025-11-20 16:03:42,759 [FATAL] Updater:351 - Updater called before beeing initialized
2025-11-20 16:03:42,759 [ERROR] CADModel:125 - Updater not yet initialized, retry later 
2025-11-20 16:03:42,828 [FATAL] Updater:351 - Updater called before beeing initialized
2025-11-20 16:03:42,829 [INFO] CADModel:165 - CPN selected for project level
2025-11-20 16:03:42,829 [INFO] CADModel:114 - Register for checkConnection events
2025-11-20 16:03:42,829 [FATAL] Updater:351 - Updater called before beeing initialized
2025-11-20 16:03:42,829 [ERROR] CADModel:125 - Updater not yet initialized, retry later 
2025-11-20 16:03:42,832 [FATAL] Updater:351 - Updater called before beeing initialized
2025-11-20 16:03:42,881 [FATAL] Updater:351 - Updater called before beeing initialized
2025-11-20 16:03:42,886 [INFO] DbMcusAds:53 - JSON generation date=Mon Nov 10 17:43:01 ICT 2025 (1762771381096)
2025-11-20 16:03:42,886 [FATAL] Updater:351 - Updater called before beeing initialized
2025-11-20 16:03:42,906 [WARN] DetailPanel:346 - Failed to get advertising image, set to default
2025-11-20 16:03:42,950 [FATAL] Updater:351 - Updater called before beeing initialized
2025-11-20 16:03:42,952 [FATAL] Updater:351 - Updater called before beeing initialized
2025-11-20 16:03:42,952 [FATAL] Updater:351 - Updater called before beeing initialized
2025-11-20 16:03:42,952 [WARN] DetailPanel:346 - Failed to get advertising image, set to default
2025-11-20 16:03:42,953 [FATAL] Updater:351 - Updater called before beeing initialized
2025-11-20 16:03:42,971 [ERROR] Updater:1198 - MainUpdater not yet initialized. External WinMGr cannot be set.
2025-11-20 16:03:42,972 [INFO] Updater:1134 - Updater Version found : 6.15.0
2025-11-20 16:03:42,982 [INFO] ApplicationProperties:184 - Using Application install path: /opt/st/stm32cubeide_1.19.0/plugins/com.st.stm32cube.common.mx_6.15.0.202507011659
2025-11-20 16:03:43,195 [INFO] MainUpdater:2872 - connection check result : 10
2025-11-20 16:03:43,196 [INFO] MainUpdater:289 - Updater Check For Update Now.
2025-11-20 16:03:43,196 [INFO] MicroXplorer:498 - Change Database Version : DB.6.0.150
2025-11-20 16:03:43,200 [INFO] McuFinderGlobals:63 - Set McuFinder mode to 2 (CubeIDE integrated)
2025-11-20 16:03:43,200 [INFO] UserAuth:487 - Internet connection configuration mode: 1
2025-11-20 16:03:43,211 [INFO] JxBrowserEngine:152 - Initiate JxBrowser Engine with user profile folder
2025-11-20 16:03:43,347 [INFO] CheckServerUpdateThread:120 - End of CheckServer Thread
2025-11-20 16:03:43,590 [INFO] WebApp:169 - Instantiating new browser for Auth
2025-11-20 16:03:43,981 [INFO] WebApp:463 - Apply proxy settings
2025-11-20 16:03:43,982 [INFO] WebApp:548 - Chromium requires no authentication
2025-11-20 16:03:43,986 [INFO] WebApp:491 - Direct internet connection detected
2025-11-20 16:03:43,997 [INFO] WebApp:900 - Register for checkConnection events
2025-11-20 16:03:43,997 [INFO] WebApp:463 - Apply proxy settings
2025-11-20 16:03:43,998 [INFO] WebApp:548 - Chromium requires no authentication
2025-11-20 16:03:43,998 [INFO] WebApp:491 - Direct internet connection detected
2025-11-20 16:03:44,072 [INFO] WebApp:225 - Starting web application
2025-11-20 16:03:44,072 [INFO] WebApp:593 - Web application path used /opt/st/stm32cubeide_1.19.0/plugins/com.st.stm32cube.common.mx_6.15.0.202507011659/db/plugins/mcufinder/reactClient1/index.html
2025-11-20 16:03:44,129 [INFO] UserAuth:487 - Internet connection configuration mode: 1
2025-11-20 16:03:44,200 [INFO] WebApp:191 - Connection restablished
2025-11-20 16:03:45,334 [WARN] PackLoader:240 - Cannot read IP mode file for STMicroelectronics.FP-SNS-MOTENVWB1.1.4.0
2025-11-20 16:03:45,338 [WARN] PackLoader:240 - Cannot read IP mode file for STMicroelectronics.FP-ATR-ASTRA1.2.0.2
2025-11-20 16:03:45,342 [WARN] PackLoader:240 - Cannot read IP mode file for STMicroelectronics.X-CUBE-SMBUS.2.1.0
2025-11-20 16:03:45,345 [WARN] PackLoader:240 - Cannot read IP mode file for STMicroelectronics.X-CUBE-ST60.1.0.0
2025-11-20 16:03:45,362 [WARN] PackLoader:240 - Cannot read IP mode file for STMicroelectronics.X-CUBE-AZRTOS-F7.1.1.0
2025-11-20 16:03:45,366 [WARN] PackLoader:240 - Cannot read IP mode file for Cesanta.I-CUBE-Mongoose.7.19.0
2025-11-20 16:03:45,368 [WARN] PackLoader:240 - Cannot read IP mode file for STMicroelectronics.FP-SNS-MOTENV1.5.1.0
2025-11-20 16:03:45,374 [WARN] PackLoader:240 - Cannot read IP mode file for WES.I-CUBE-Cesium.1.4.0
2025-11-20 16:03:45,394 [WARN] PackLoader:240 - Cannot read IP mode file for Infineon.AIROC-Wi-Fi-Bluetooth-STM32.1.7.1
2025-11-20 16:03:45,413 [WARN] PackLoader:240 - Cannot read IP mode file for STMicroelectronics.X-CUBE-AZRTOS-H7.3.4.0
2025-11-20 16:03:45,419 [WARN] PackLoader:240 - Cannot read IP mode file for STMicroelectronics.X-CUBE-DISPLAY.3.0.0
2025-11-20 16:03:45,427 [WARN] PackLoader:240 - Cannot read IP mode file for STMicroelectronics.X-CUBE-NFC10.1.0.0
2025-11-20 16:03:45,430 [WARN] PackLoader:240 - Cannot read IP mode file for STMicroelectronics.X-CUBE-ST60.1.1.0
2025-11-20 16:03:45,433 [WARN] PackLoader:240 - Cannot read IP mode file for emotas.I-CUBE-CANOPEN.1.3.0
2025-11-20 16:03:45,436 [WARN] PackLoader:240 - Cannot read IP mode file for STMicroelectronics.X-CUBE-GNSS1.7.1.0
2025-11-20 16:03:45,440 [WARN] PackLoader:240 - Cannot read IP mode file for STMicroelectronics.FP-SNS-STBOX1.2.1.0
2025-11-20 16:03:45,444 [WARN] PackLoader:240 - Cannot read IP mode file for STMicroelectronics.FP-SNS-SMARTAG2.1.2.0
2025-11-20 16:03:45,446 [WARN] PackLoader:240 - Cannot read IP mode file for STMicroelectronics.FP-SNS-FLIGHT1.5.1.0
2025-11-20 16:03:45,450 [INFO] LogOutputStream:77 - [STDOUT_REDIRECT] 1 : Invalid condition id : UX_CORESTACK_Condition cause : null
2025-11-20 16:03:45,451 [INFO] LogOutputStream:77 - [STDOUT_REDIRECT] 1 : Invalid condition id : UX_CORESTACK_Condition cause : null
2025-11-20 16:03:45,451 [INFO] LogOutputStream:77 - [STDOUT_REDIRECT] 1 : Invalid condition id : UX_CORESTACK_Condition cause : null
2025-11-20 16:03:45,451 [INFO] LogOutputStream:77 - [STDOUT_REDIRECT] 1 : Invalid condition id : UX_CORESTACK_Condition cause : null
2025-11-20 16:03:45,451 [INFO] LogOutputStream:77 - [STDOUT_REDIRECT] 1 : Invalid condition id : UX_CORESTACK_Condition cause : null
2025-11-20 16:03:45,453 [WARN] PackLoader:240 - Cannot read IP mode file for STMicroelectronics.X-CUBE-AZRTOS-WL.2.0.0
2025-11-20 16:03:45,456 [WARN] PackLoader:240 - Cannot read IP mode file for STMicroelectronics.FP-SNS-MOTENV1.5.0.0
2025-11-20 16:03:45,460 [WARN] PackLoader:240 - Cannot read IP mode file for STMicroelectronics.X-CUBE-BLE2.3.3.0
2025-11-20 16:03:45,471 [WARN] PackLoader:240 - Cannot read IP mode file for STMicroelectronics.X-CUBE-NFC9.1.0.0
2025-11-20 16:03:45,475 [WARN] PackLoader:240 - Cannot read IP mode file for wolfSSL.I-CUBE-wolfSSL.5.8.2
2025-11-20 16:03:45,477 [WARN] PackLoader:240 - Cannot read IP mode file for STMicroelectronics.X-CUBE-BLE1.7.1.0
2025-11-20 16:03:45,479 [WARN] PackLoader:240 - Cannot read IP mode file for wolfSSL.I-CUBE-wolfMQTT.1.19.2
2025-11-20 16:03:45,482 [WARN] PackLoader:240 - Cannot read IP mode file for STMicroelectronics.X-CUBE-EEPRMA1.5.2.0
2025-11-20 16:03:45,486 [WARN] PackLoader:240 - Cannot read IP mode file for STMicroelectronics.X-CUBE-ST67W61.1.1.0
2025-11-20 16:03:45,493 [WARN] PackLoader:240 - Cannot read IP mode file for STMicroelectronics.X-CUBE-AZRTOS-G0.1.1.0
2025-11-20 16:03:45,497 [WARN] PackLoader:240 - Cannot read IP mode file for STMicroelectronics.X-CUBE-SAFEA1.1.2.2
2025-11-20 16:03:45,500 [WARN] PackLoader:240 - Cannot read IP mode file for STMicroelectronics.X-CUBE-NFC4.3.0.0
2025-11-20 16:03:45,505 [WARN] PackLoader:240 - Cannot read IP mode file for EmbeddedOffice.I-CUBE-FS-RTOS.1.0.1
2025-11-20 16:03:45,509 [WARN] PackLoader:240 - Cannot read IP mode file for STMicroelectronics.X-CUBE-WB05N.2.0.0
2025-11-20 16:03:45,511 [WARN] PackLoader:240 - Cannot read IP mode file for wolfSSL.I-CUBE-wolfTPM.3.8.0
2025-11-20 16:03:45,513 [WARN] PackLoader:240 - Cannot read IP mode file for STMicroelectronics.X-CUBE-TCPP.4.2.0
2025-11-20 16:03:45,516 [WARN] PackLoader:240 - Cannot read IP mode file for RealThread.X-CUBE-RT-Thread_Nano.4.1.1
2025-11-20 16:03:45,518 [WARN] PackLoader:240 - Cannot read IP mode file for STMicroelectronics.FP-ATR-SIGFOX1.3.2.0
2025-11-20 16:03:45,521 [WARN] PackLoader:240 - Cannot read IP mode file for ITTIA_DB.I-CUBE-ITTIADB.8.9.0
2025-11-20 16:03:45,523 [WARN] PackLoader:240 - Cannot read IP mode file for STMicroelectronics.X-CUBE-AI.10.2.0
2025-11-20 16:03:45,544 [WARN] PackLoader:240 - Cannot read IP mode file for SEGGER.I-CUBE-embOS.1.3.1
2025-11-20 16:03:45,581 [WARN] PackLoader:240 - Cannot read IP mode file for STMicroelectronics.X-CUBE-ALGOBUILD.1.4.0
2025-11-20 16:03:45,656 [WARN] PackLoader:240 - Cannot read IP mode file for STMicroelectronics.X-CUBE-MEMS1.11.3.0
2025-11-20 16:03:45,738 [WARN] PackLoader:240 - Cannot read IP mode file for STMicroelectronics.X-CUBE-PM33A1.1.0.0
2025-11-20 16:03:45,751 [WARN] PackLoader:240 - Cannot read IP mode file for STMicroelectronics.X-CUBE-AZRTOS-F4.1.1.0
2025-11-20 16:03:45,756 [WARN] PackLoader:240 - Cannot read IP mode file for STMicroelectronics.X-CUBE-ISPU.2.1.0
2025-11-20 16:03:45,764 [WARN] PackLoader:240 - Cannot read IP mode file for STMicroelectronics.X-CUBE-IPS.3.2.0
2025-11-20 16:03:45,773 [WARN] PackLoader:240 - Cannot read IP mode file for STMicroelectronics.X-CUBE-NFC12.1.0.0
2025-11-20 16:03:45,785 [WARN] PackLoader:240 - Cannot read IP mode file for STMicroelectronics.X-CUBE-AZRTOS-L5.2.0.0
2025-11-20 16:03:45,792 [WARN] PackLoader:240 - Cannot read IP mode file for STMicroelectronics.X-CUBE-NFC6.3.1.0
2025-11-20 16:03:45,796 [WARN] PackLoader:240 - Cannot read IP mode file for STMicroelectronics.X-CUBE-FREERTOS.1.3.1
2025-11-20 16:03:45,799 [WARN] PackLoader:240 - Cannot read IP mode file for STMicroelectronics.X-CUBE-TOUCHGFX.4.26.0
2025-11-20 16:03:45,803 [WARN] PackLoader:240 - Cannot read IP mode file for STMicroelectronics.FP-SNS-STAIOTCFT.1.0.0
2025-11-20 16:03:45,806 [WARN] PackLoader:240 - Cannot read IP mode file for STMicroelectronics.X-CUBE-DPower.1.3.0
2025-11-20 16:03:45,816 [WARN] ConditionMgr:438 - getConditionDescription Invalid condition id : LAN8742 Phy interface Condition cause : null
2025-11-20 16:03:45,817 [WARN] PackLoader:240 - Cannot read IP mode file for STMicroelectronics.X-CUBE-AZRTOS-L4.2.0.0
2025-11-20 16:03:45,818 [WARN] ConditionMgr:1044 - genDependencies : Invalid condition id : LAN8742 Phy interface Condition cause : null
2025-11-20 16:03:45,818 [WARN] ConditionMgr:1044 - genDependencies : Invalid condition id : LAN8742 Phy interface Condition cause : null
2025-11-20 16:03:45,818 [WARN] ConditionMgr:1044 - genDependencies : Invalid condition id : LAN8742 Phy interface Condition cause : null
2025-11-20 16:03:45,823 [WARN] PackLoader:240 - Cannot read IP mode file for STMicroelectronics.X-CUBE-SFXS2LP1.4.0.0
2025-11-20 16:03:45,829 [WARN] PackLoader:240 - Cannot read IP mode file for STMicroelectronics.X-CUBE-BLEMGR.4.1.0
2025-11-20 16:03:45,838 [WARN] ConditionMgr:438 - getConditionDescription Invalid condition id : UX DEVICE CLASS RTOS Condition cause : null
2025-11-20 16:03:45,838 [WARN] ConditionMgr:438 - getConditionDescription Invalid condition id : UX DEVICE CLASS RTOS Condition cause : null
2025-11-20 16:03:45,839 [WARN] PackLoader:240 - Cannot read IP mode file for STMicroelectronics.X-CUBE-AZRTOS-WB.2.0.0
2025-11-20 16:03:45,840 [WARN] ConditionMgr:1044 - genDependencies : Invalid condition id : UX DEVICE CLASS RTOS Condition cause : null
2025-11-20 16:03:45,840 [WARN] ConditionMgr:1044 - genDependencies : Invalid condition id : UX DEVICE CLASS RTOS Condition cause : null
2025-11-20 16:03:45,840 [WARN] ConditionMgr:1044 - genDependencies : Invalid condition id : UX DEVICE CLASS RTOS Condition cause : null
2025-11-20 16:03:45,840 [WARN] ConditionMgr:1044 - genDependencies : Invalid condition id : UX DEVICE CLASS RTOS Condition cause : null
2025-11-20 16:03:45,840 [WARN] ConditionMgr:1044 - genDependencies : Invalid condition id : UX DEVICE CLASS RTOS Condition cause : null
2025-11-20 16:03:45,844 [WARN] PackLoader:240 - Cannot read IP mode file for STMicroelectronics.X-CUBE-GNSS1.7.0.1
2025-11-20 16:03:45,847 [WARN] ConditionMgr:438 - getConditionDescription Invalid condition id : Cortex-A Device cause : null
2025-11-20 16:03:45,854 [WARN] ConditionMgr:1044 - genDependencies : Invalid condition id : Cortex-A Device cause : null
2025-11-20 16:03:45,854 [WARN] ConditionMgr:1044 - genDependencies : Invalid condition id : Cortex-A Device cause : null
2025-11-20 16:03:45,854 [WARN] ConditionMgr:1044 - genDependencies : Invalid condition id : Cortex-A Device cause : null
2025-11-20 16:03:45,858 [WARN] PackLoader:240 - Cannot read IP mode file for STMicroelectronics.X-CUBE-SUBG2.5.0.0
2025-11-20 16:03:45,874 [WARN] PackLoader:240 - Cannot read IP mode file for STMicroelectronics.X-CUBE-AZRTOS-H7RS.1.1.0
2025-11-20 16:03:45,880 [WARN] PackLoader:240 - Cannot read IP mode file for STMicroelectronics.X-CUBE-AZRTOS-G4.2.0.0
2025-11-20 16:03:45,882 [WARN] PackLoader:240 - Cannot read IP mode file for wolfSSL.I-CUBE-wolfSSH.1.4.20
2025-11-20 16:03:45,884 [WARN] PackLoader:240 - Cannot read IP mode file for STMicroelectronics.X-CUBE-NFC7.2.0.0
2025-11-20 16:03:45,886 [WARN] PackLoader:240 - Cannot read IP mode file for STMicroelectronics.X-CUBE-ALS.1.0.2
2025-11-20 16:03:45,889 [WARN] PackLoader:240 - Cannot read IP mode file for STMicroelectronics.X-CUBE-STSE01.1.0.0
2025-11-20 16:03:45,894 [WARN] PackLoader:240 - Cannot read IP mode file for STMicroelectronics.X-CUBE-TOF1.3.4.3
2025-11-20 16:03:45,899 [INFO] ThirdParty:978 - Integrity check success = true
2025-11-20 16:03:45,899 [INFO] IntegrityCheckThread:100 - exiting critical section [integrity check]
2025-11-20 16:03:45,899 [INFO] IntegrityCheckThread:103 - End integrity checks thread
2025-11-20 16:05:30,095 [INFO] WebApp:194 - Connection lost
2025-11-20 16:05:30,239 [INFO] WebApp:191 - Connection restablished
2025-11-20 22:25:56,718 [INFO] WebApp:194 - Connection lost
2025-11-20 22:26:02,014 [INFO] WebApp:191 - Connection restablished
2025-11-20 22:26:58,072 [INFO] WebApp:194 - Connection lost
2025-11-20 22:26:58,471 [INFO] WebApp:191 - Connection restablished
2025-11-20 22:59:24,274 [INFO] WebApp:194 - Connection lost
2025-11-20 22:59:29,150 [INFO] WebApp:191 - Connection restablished
2025-11-20 22:59:31,113 [INFO] WebApp:194 - Connection lost
2025-11-20 22:59:31,914 [INFO] WebApp:191 - Connection restablished
2025-11-20 23:14:11,682 [INFO] WebApp:194 - Connection lost
2025-11-20 23:14:12,166 [INFO] WebApp:191 - Connection restablished
2025-11-20 23:20:28,177 [INFO] WebApp:194 - Connection lost
2025-11-20 23:20:28,389 [INFO] WebApp:191 - Connection restablished
2025-11-20 23:20:36,462 [INFO] WebApp:194 - Connection lost
2025-11-20 23:20:36,910 [INFO] WebApp:191 - Connection restablished
2025-11-20 23:23:48,773 [INFO] WebApp:194 - Connection lost
2025-11-20 23:23:49,272 [INFO] WebApp:191 - Connection restablished
2025-11-20 23:24:41,848 [INFO] WebApp:194 - Connection lost
2025-11-20 23:24:42,370 [INFO] WebApp:191 - Connection restablished
2025-11-20 23:27:11,742 [ERROR] LogOutputStream:75 - [STDERR_REDIRECT] 
2025-11-20 23:33:35,593 [INFO] Activator:176 - 


2025-11-20 23:33:35,630 [INFO] Activator:177 - !SESSION log4j initialized
2025-11-20 23:34:08,904 [INFO] Activator:176 - 


2025-11-20 23:34:08,905 [INFO] Activator:177 - !SESSION log4j initialized
2025-11-20 23:34:17,164 [INFO] LogOutputStream:77 - [STDOUT_REDIRECT] 
2025-11-20 23:34:23,227 [INFO] ApplicationProperties:184 - Using Application install path: /opt/st/stm32cubeide_1.19.0/plugins/com.st.stm32cube.common.mx_6.15.0.202507011659
2025-11-20 23:34:23,306 [INFO] DbMcusXml:78 - Set database path to: /opt/st/stm32cubeide_1.19.0/plugins/com.st.stm32cube.common.mx_6.15.0.202507011659//db//mcu/
2025-11-20 23:34:23,306 [INFO] ApiDb:274 - Set plugin database path to: /opt/st/stm32cubeide_1.19.0/plugins/com.st.stm32cube.common.mx_6.15.0.202507011659//db//plugins/boardmanager/
2025-11-20 23:34:23,307 [WARN] ApiDb:259 - Overriding images path with different value:  => /opt/st/stm32cubeide_1.19.0/plugins/com.st.stm32cube.common.mx_6.15.0.202507011659//db//plugins/mcufinder/images/
2025-11-20 23:34:23,459 [INFO] ApiDb:250 - Set database path to: /home/natthanicha/.stmcufinder/plugins/mcufinder//mcu/
2025-11-20 23:34:23,471 [INFO] DbMcusAds:125 - Set database path to: /home/natthanicha/.stmcufinder/plugins/mcufinder//mcu/
2025-11-20 23:34:23,473 [INFO] CrossReferenceDbSqlite:203 - Set database path to: /home/natthanicha/.stmcufinder/plugins/mcufinder//mcu/cs/
2025-11-20 23:34:23,627 [INFO] RulesReader:64 - Compatibility file has been processed (317 Rules)
2025-11-20 23:34:23,945 [INFO] DbMcusXml:78 - Set database path to: /opt/st/stm32cubeide_1.19.0/plugins/com.st.stm32cube.common.mx_6.15.0.202507011659//db//mcu/
2025-11-20 23:34:23,945 [INFO] ApiDb:274 - Set plugin database path to: /opt/st/stm32cubeide_1.19.0/plugins/com.st.stm32cube.common.mx_6.15.0.202507011659//db//plugins/boardmanager/
2025-11-20 23:34:23,945 [INFO] ApiDb:261 - Set plugin images path to: /opt/st/stm32cubeide_1.19.0/plugins/com.st.stm32cube.common.mx_6.15.0.202507011659//db//plugins/mcufinder/images/
2025-11-20 23:34:23,945 [WARN] DbFile:41 - Overriding database path with different value: /home/natthanicha/.stmcufinder/plugins/mcufinder/ => /home/natthanicha/.stmcufinder/plugins/mcufinder
2025-11-20 23:34:23,945 [INFO] ApiDb:250 - Set database path to: /home/natthanicha/.stmcufinder/plugins/mcufinder//mcu/
2025-11-20 23:34:23,945 [WARN] DbFile:41 - Overriding database path with different value: /home/natthanicha/.stmcufinder/plugins/mcufinder/ => /home/natthanicha/.stmcufinder/plugins/mcufinder
2025-11-20 23:34:23,945 [INFO] DbMcusAds:125 - Set database path to: /home/natthanicha/.stmcufinder/plugins/mcufinder//mcu/
2025-11-20 23:34:23,945 [WARN] DbFile:41 - Overriding database path with different value: /home/natthanicha/.stmcufinder/plugins/mcufinder/ => /home/natthanicha/.stmcufinder/plugins/mcufinder
2025-11-20 23:34:23,945 [WARN] DbFile:41 - Overriding database path with different value: /home/natthanicha/.stmcufinder/plugins/mcufinder/ => /home/natthanicha/.stmcufinder/plugins/mcufinder
2025-11-20 23:34:23,945 [INFO] CrossReferenceDbSqlite:203 - Set database path to: /home/natthanicha/.stmcufinder/plugins/mcufinder//mcu/cs/
2025-11-20 23:34:24,133 [INFO] MainPanel:274 - HeapMemory: 268435456
2025-11-20 23:34:24,645 [INFO] DbMcusXml:78 - Set database path to: /opt/st/stm32cubeide_1.19.0/plugins/com.st.stm32cube.common.mx_6.15.0.202507011659//db//mcu/
2025-11-20 23:34:24,645 [INFO] ApiDb:274 - Set plugin database path to: /opt/st/stm32cubeide_1.19.0/plugins/com.st.stm32cube.common.mx_6.15.0.202507011659//db//plugins/boardmanager/
2025-11-20 23:34:24,645 [INFO] ApiDb:261 - Set plugin images path to: /opt/st/stm32cubeide_1.19.0/plugins/com.st.stm32cube.common.mx_6.15.0.202507011659//db//plugins/mcufinder/images/
2025-11-20 23:34:24,646 [WARN] DbFile:41 - Overriding database path with different value: /home/natthanicha/.stmcufinder/plugins/mcufinder/ => /home/natthanicha/.stmcufinder/plugins/mcufinder
2025-11-20 23:34:24,646 [INFO] ApiDb:250 - Set database path to: /home/natthanicha/.stmcufinder/plugins/mcufinder//mcu/
2025-11-20 23:34:24,646 [WARN] DbFile:41 - Overriding database path with different value: /home/natthanicha/.stmcufinder/plugins/mcufinder/ => /home/natthanicha/.stmcufinder/plugins/mcufinder
2025-11-20 23:34:24,646 [INFO] DbMcusAds:125 - Set database path to: /home/natthanicha/.stmcufinder/plugins/mcufinder//mcu/
2025-11-20 23:34:24,646 [WARN] DbFile:41 - Overriding database path with different value: /home/natthanicha/.stmcufinder/plugins/mcufinder/ => /home/natthanicha/.stmcufinder/plugins/mcufinder
2025-11-20 23:34:24,646 [WARN] DbFile:41 - Overriding database path with different value: /home/natthanicha/.stmcufinder/plugins/mcufinder/ => /home/natthanicha/.stmcufinder/plugins/mcufinder
2025-11-20 23:34:24,646 [INFO] CrossReferenceDbSqlite:203 - Set database path to: /home/natthanicha/.stmcufinder/plugins/mcufinder//mcu/cs/
2025-11-20 23:34:24,679 [INFO] ApplicationProperties:184 - Using Application install path: /opt/st/stm32cubeide_1.19.0/plugins/com.st.stm32cube.common.mx_6.15.0.202507011659
2025-11-20 23:34:24,681 [INFO] PluginManage:196 - Search for loadable plugins [exclusion list=, ]
2025-11-20 23:34:24,682 [INFO] PluginManage:310 - Check plugin analytics
2025-11-20 23:34:24,955 [INFO] AnalyticsPlugin:253 - Accepted Software Licenses: 
2025-11-20 23:34:24,956 [INFO] AnalyticsPlugin:255 - Accepted CMSIS Pack Licenses: 
2025-11-20 23:34:24,956 [INFO] AnalyticsPlugin:257 - Accepted Firmware Licenses: FW.G4.1.6.0
2025-11-20 23:34:24,957 [INFO] PluginManage:359 - Loaded plugin analytics (category:tool,tabindex:-1)
2025-11-20 23:34:24,957 [INFO] PluginManage:310 - Check plugin cadmodel
2025-11-20 23:34:25,023 [INFO] CADModel:105 - Init CAD model plugin
2025-11-20 23:34:25,023 [INFO] PluginManage:359 - Loaded plugin cadmodel (category:power,tabindex:5)
2025-11-20 23:34:25,023 [INFO] PluginManage:310 - Check plugin clock
2025-11-20 23:34:25,090 [INFO] PluginManage:359 - Loaded plugin clock (category:base,tabindex:2)
2025-11-20 23:34:25,090 [INFO] PluginManage:310 - Check plugin ddr
2025-11-20 23:34:25,106 [INFO] PluginManage:359 - Loaded plugin ddr (category:tool,tabindex:6)
2025-11-20 23:34:25,106 [INFO] PluginManage:310 - Check plugin filemanager
2025-11-20 23:34:25,546 [INFO] PluginManage:359 - Loaded plugin filemanager (category:base,tabindex:10)
2025-11-20 23:34:25,546 [INFO] PluginManage:310 - Check plugin ipmanager
2025-11-20 23:34:25,570 [INFO] PluginManage:359 - Loaded plugin ipmanager (category:base,tabindex:5)
2025-11-20 23:34:25,570 [INFO] PluginManage:310 - Check plugin lpbam
2025-11-20 23:34:25,596 [INFO] PluginManage:359 - Loaded plugin lpbam (category:base,tabindex:0)
2025-11-20 23:34:25,596 [INFO] PluginManage:310 - Check plugin memorymap
2025-11-20 23:34:25,640 [INFO] PluginManage:359 - Loaded plugin memorymap (category:base,tabindex:4)
2025-11-20 23:34:25,640 [INFO] PluginManage:310 - Check plugin pinoutandconfiguration
2025-11-20 23:34:25,668 [INFO] PluginManage:359 - Loaded plugin pinoutandconfiguration (category:base,tabindex:1)
2025-11-20 23:34:25,668 [INFO] PluginManage:310 - Check plugin pinoutconfig
2025-11-20 23:34:25,879 [WARN] SupportedApi:132 - Cannot load RTOS API schema: s4s-elt-must-match.1: The content of 'definitions' must match (annotation?, (simpleType | complexType)?, (unique | key | keyref)*)). A problem was found starting at: attribute.
2025-11-20 23:34:26,050 [INFO] PluginManage:359 - Loaded plugin pinoutconfig (category:base,tabindex:0)
2025-11-20 23:34:26,051 [INFO] PluginManage:310 - Check plugin power
2025-11-20 23:34:26,100 [INFO] PluginManage:359 - Loaded plugin power (category:power,tabindex:4)
2025-11-20 23:34:26,100 [INFO] PluginManage:310 - Check plugin projectmanager
2025-11-20 23:34:26,136 [INFO] PluginManage:359 - Loaded plugin projectmanager (category:projectmanager,tabindex:4)
2025-11-20 23:34:26,136 [INFO] PluginManage:310 - Check plugin rif
2025-11-20 23:34:26,215 [INFO] PluginManage:359 - Loaded plugin rif (category:base,tabindex:3)
2025-11-20 23:34:26,215 [INFO] PluginManage:310 - Check plugin thirdparty
2025-11-20 23:34:26,446 [INFO] PluginManage:359 - Loaded plugin thirdparty (category:base,tabindex:-1)
2025-11-20 23:34:26,447 [INFO] PluginManage:310 - Check plugin tools
2025-11-20 23:34:26,446 [WARN] IntegrityCheckThread:84 - waiting for thirdparty lock release [integrity check]
2025-11-20 23:34:26,447 [INFO] IntegrityCheckThread:86 - entering critical section [integrity check]
2025-11-20 23:34:26,447 [INFO] ThirdPartyUpdaterWithRetryManager:70 - Updater plugin not ready yet. [1/15]
2025-11-20 23:34:26,470 [INFO] PluginManage:359 - Loaded plugin tools (category:base,tabindex:7)
2025-11-20 23:34:26,470 [INFO] PluginManage:310 - Check plugin tutovideos
2025-11-20 23:34:26,849 [INFO] PluginManage:359 - Loaded plugin tutovideos (category:base,tabindex:-1)
2025-11-20 23:34:26,849 [INFO] PluginManage:310 - Check plugin updater
2025-11-20 23:34:26,892 [INFO] PluginManage:359 - Loaded plugin updater (category:base,tabindex:12)
2025-11-20 23:34:26,892 [INFO] PluginManage:310 - Check plugin userauth
2025-11-20 23:34:26,939 [INFO] UserAuth:118 - Init User Auth plugin
2025-11-20 23:34:26,940 [INFO] PluginManage:359 - Loaded plugin userauth (category:base,tabindex:14)
2025-11-20 23:34:26,940 [INFO] PluginManage:283 - PluginManage : Loaded plugins [18]
2025-11-20 23:34:27,575 [INFO] PinOutPanel:1589 - setPackage(No Configuration,No Configuration)
2025-11-20 23:34:27,753 [INFO] CADModel:165 - CPN selected for project level
2025-11-20 23:34:27,753 [INFO] CADModel:114 - Register for checkConnection events
2025-11-20 23:34:27,866 [INFO] IPUIPlugin:80 - create IPUIPlugin
2025-11-20 23:34:27,867 [INFO] PluginManager:220 - loadIPPluginJar : add gfxmmu
2025-11-20 23:34:27,893 [INFO] IPUIPlugin:80 - create IPUIPlugin
2025-11-20 23:34:27,893 [INFO] PluginManager:220 - loadIPPluginJar : add spi
2025-11-20 23:34:27,937 [INFO] IPUIPlugin:80 - create IPUIPlugin
2025-11-20 23:34:27,937 [INFO] PluginManager:220 - loadIPPluginJar : add linkedlist
2025-11-20 23:34:27,944 [INFO] IPUIPlugin:80 - create IPUIPlugin
2025-11-20 23:34:27,944 [INFO] PluginManager:220 - loadIPPluginJar : add stm32_wpan
2025-11-20 23:34:27,966 [INFO] IPUIPlugin:80 - create IPUIPlugin
2025-11-20 23:34:27,966 [INFO] PluginManager:220 - loadIPPluginJar : add resmgrutility
2025-11-20 23:34:27,978 [INFO] IPUIPlugin:80 - create IPUIPlugin
2025-11-20 23:34:27,978 [INFO] PluginManager:220 - loadIPPluginJar : add gpio
2025-11-20 23:34:27,979 [INFO] IPUIPlugin:80 - create IPUIPlugin
2025-11-20 23:34:27,979 [INFO] PluginManager:220 - loadIPPluginJar : add ucpd
2025-11-20 23:34:27,994 [INFO] IPUIPlugin:80 - create IPUIPlugin
2025-11-20 23:34:27,995 [INFO] PluginManager:220 - loadIPPluginJar : add dma3
2025-11-20 23:34:27,996 [INFO] IPUIPlugin:80 - create IPUIPlugin
2025-11-20 23:34:27,996 [INFO] PluginManager:220 - loadIPPluginJar : add i2s
2025-11-20 23:34:28,000 [INFO] IPUIPlugin:80 - create IPUIPlugin
2025-11-20 23:34:28,000 [INFO] PluginManager:220 - loadIPPluginJar : add mdma
2025-11-20 23:34:28,001 [INFO] IPUIPlugin:80 - create IPUIPlugin
2025-11-20 23:34:28,001 [INFO] PluginManager:220 - loadIPPluginJar : add tsc
2025-11-20 23:34:28,002 [INFO] IPUIPlugin:80 - create IPUIPlugin
2025-11-20 23:34:28,002 [INFO] PluginManager:220 - loadIPPluginJar : add lorawan
2025-11-20 23:34:28,004 [INFO] IPUIPlugin:80 - create IPUIPlugin
2025-11-20 23:34:28,004 [INFO] PluginManager:220 - loadIPPluginJar : add extmemmanager
2025-11-20 23:34:28,016 [INFO] IPUIPlugin:80 - create IPUIPlugin
2025-11-20 23:34:28,016 [INFO] PluginManager:220 - loadIPPluginJar : add adc
2025-11-20 23:34:28,027 [INFO] IPUIPlugin:80 - create IPUIPlugin
2025-11-20 23:34:28,028 [INFO] PluginManager:220 - loadIPPluginJar : add radio
2025-11-20 23:34:28,030 [INFO] IPUIPlugin:80 - create IPUIPlugin
2025-11-20 23:34:28,030 [INFO] PluginManager:220 - loadIPPluginJar : add sai
2025-11-20 23:34:28,041 [INFO] IPUIPlugin:80 - create IPUIPlugin
2025-11-20 23:34:28,041 [INFO] PluginManager:220 - loadIPPluginJar : add genericplugin
2025-11-20 23:34:28,042 [INFO] IPUIPlugin:80 - create IPUIPlugin
2025-11-20 23:34:28,042 [INFO] PluginManager:220 - loadIPPluginJar : add i2c
2025-11-20 23:34:28,073 [INFO] IPUIPlugin:80 - create IPUIPlugin
2025-11-20 23:34:28,073 [INFO] PluginManager:220 - loadIPPluginJar : add ddr_ctrl_phy
2025-11-20 23:34:28,075 [INFO] IPUIPlugin:80 - create IPUIPlugin
2025-11-20 23:34:28,075 [INFO] PluginManager:220 - loadIPPluginJar : add gtzc
2025-11-20 23:34:28,077 [INFO] IPUIPlugin:80 - create IPUIPlugin
2025-11-20 23:34:28,077 [INFO] PluginManager:220 - loadIPPluginJar : add usbx
2025-11-20 23:34:28,081 [INFO] IPUIPlugin:80 - create IPUIPlugin
2025-11-20 23:34:28,082 [INFO] PluginManager:220 - loadIPPluginJar : add freertos
2025-11-20 23:34:28,083 [INFO] IPUIPlugin:80 - create IPUIPlugin
2025-11-20 23:34:28,083 [INFO] PluginManager:220 - loadIPPluginJar : add pdm2pcm
2025-11-20 23:34:28,084 [INFO] IPUIPlugin:80 - create IPUIPlugin
2025-11-20 23:34:28,084 [INFO] PluginManager:220 - loadIPPluginJar : add fatfs
2025-11-20 23:34:28,089 [INFO] IPUIPlugin:80 - create IPUIPlugin
2025-11-20 23:34:28,089 [INFO] PluginManager:220 - loadIPPluginJar : add ipddr
2025-11-20 23:34:28,090 [INFO] IPUIPlugin:80 - create IPUIPlugin
2025-11-20 23:34:28,090 [INFO] PluginManager:220 - loadIPPluginJar : add aes
2025-11-20 23:34:28,093 [INFO] IPUIPlugin:80 - create IPUIPlugin
2025-11-20 23:34:28,093 [INFO] PluginManager:220 - loadIPPluginJar : add fmc
2025-11-20 23:34:28,095 [INFO] IPUIPlugin:80 - create IPUIPlugin
2025-11-20 23:34:28,095 [INFO] PluginManager:220 - loadIPPluginJar : add i3c
2025-11-20 23:34:28,097 [INFO] IPUIPlugin:80 - create IPUIPlugin
2025-11-20 23:34:28,097 [INFO] PluginManager:220 - loadIPPluginJar : add touchsensing
2025-11-20 23:34:28,099 [INFO] IPUIPlugin:80 - create IPUIPlugin
2025-11-20 23:34:28,099 [INFO] PluginManager:220 - loadIPPluginJar : add opamp
2025-11-20 23:34:28,100 [INFO] IPUIPlugin:80 - create IPUIPlugin
2025-11-20 23:34:28,100 [INFO] PluginManager:220 - loadIPPluginJar : add tracer_emb
2025-11-20 23:34:28,132 [INFO] IPUIPlugin:80 - create IPUIPlugin
2025-11-20 23:34:28,132 [INFO] PluginManager:220 - loadIPPluginJar : add dma
2025-11-20 23:34:28,134 [INFO] IPUIPlugin:80 - create IPUIPlugin
2025-11-20 23:34:28,134 [INFO] PluginManager:220 - loadIPPluginJar : add ltdc
2025-11-20 23:34:28,135 [INFO] IPUIPlugin:80 - create IPUIPlugin
2025-11-20 23:34:28,135 [INFO] PluginManager:220 - loadIPPluginJar : add hash
2025-11-20 23:34:28,177 [INFO] IPUIPlugin:80 - create IPUIPlugin
2025-11-20 23:34:28,178 [INFO] PluginManager:220 - loadIPPluginJar : add plateformsettings
2025-11-20 23:34:28,179 [INFO] IPUIPlugin:80 - create IPUIPlugin
2025-11-20 23:34:28,179 [INFO] PluginManager:220 - loadIPPluginJar : add comp
2025-11-20 23:34:28,181 [INFO] IPUIPlugin:80 - create IPUIPlugin
2025-11-20 23:34:28,181 [INFO] PluginManager:220 - loadIPPluginJar : add can
2025-11-20 23:34:28,182 [INFO] IPUIPlugin:80 - create IPUIPlugin
2025-11-20 23:34:28,182 [INFO] PluginManager:220 - loadIPPluginJar : add dfsdm
2025-11-20 23:34:28,183 [INFO] IPUIPlugin:80 - create IPUIPlugin
2025-11-20 23:34:28,183 [INFO] PluginManager:220 - loadIPPluginJar : add usart
2025-11-20 23:34:28,214 [INFO] IPUIPlugin:80 - create IPUIPlugin
2025-11-20 23:34:28,214 [INFO] PluginManager:220 - loadIPPluginJar : add nvic
2025-11-20 23:34:28,218 [INFO] IPUIPlugin:80 - create IPUIPlugin
2025-11-20 23:34:28,218 [INFO] PluginManager:220 - loadIPPluginJar : add gic
2025-11-20 23:34:28,219 [INFO] IPUIPlugin:80 - create IPUIPlugin
2025-11-20 23:34:28,219 [INFO] PluginManager:220 - loadIPPluginJar : add quadspi
2025-11-20 23:34:28,220 [INFO] IPUIPlugin:80 - create IPUIPlugin
2025-11-20 23:34:28,220 [INFO] PluginManager:220 - loadIPPluginJar : add cryp
2025-11-20 23:34:28,222 [INFO] IPUIPlugin:80 - create IPUIPlugin
2025-11-20 23:34:28,222 [INFO] PluginManager:220 - loadIPPluginJar : add openamp
2025-11-20 23:34:28,223 [INFO] IPUIPlugin:80 - create IPUIPlugin
2025-11-20 23:34:28,223 [INFO] PluginManager:220 - loadIPPluginJar : add tim
2025-11-20 23:34:28,224 [INFO] IPUIPlugin:80 - create IPUIPlugin
2025-11-20 23:34:28,224 [INFO] PluginManager:220 - loadIPPluginJar : add ts
2025-11-20 23:34:28,351 [FATAL] Updater:351 - Updater called before beeing initialized
2025-11-20 23:34:28,403 [INFO] RulesReader:64 - Compatibility file has been processed (317 Rules)
2025-11-20 23:34:28,411 [INFO] RulesReader:64 - Compatibility file has been processed (317 Rules)
2025-11-20 23:34:28,419 [INFO] CADModel:165 - CPN selected for project level
2025-11-20 23:34:28,419 [INFO] CADModel:114 - Register for checkConnection events
2025-11-20 23:34:28,419 [FATAL] Updater:351 - Updater called before beeing initialized
2025-11-20 23:34:28,419 [ERROR] CADModel:125 - Updater not yet initialized, retry later 
2025-11-20 23:34:28,685 [FATAL] Updater:351 - Updater called before beeing initialized
2025-11-20 23:34:28,698 [INFO] CADModel:165 - CPN selected for project level
2025-11-20 23:34:28,698 [INFO] CADModel:114 - Register for checkConnection events
2025-11-20 23:34:28,698 [FATAL] Updater:351 - Updater called before beeing initialized
2025-11-20 23:34:28,698 [ERROR] CADModel:125 - Updater not yet initialized, retry later 
2025-11-20 23:34:28,701 [FATAL] Updater:351 - Updater called before beeing initialized
2025-11-20 23:34:28,773 [FATAL] Updater:351 - Updater called before beeing initialized
2025-11-20 23:34:28,788 [INFO] DbMcusAds:53 - JSON generation date=Mon Nov 10 17:43:01 ICT 2025 (1762771381096)
2025-11-20 23:34:28,788 [FATAL] Updater:351 - Updater called before beeing initialized
2025-11-20 23:34:28,949 [WARN] DetailPanel:346 - Failed to get advertising image, set to default
2025-11-20 23:34:29,015 [FATAL] Updater:351 - Updater called before beeing initialized
2025-11-20 23:34:29,017 [FATAL] Updater:351 - Updater called before beeing initialized
2025-11-20 23:34:29,017 [FATAL] Updater:351 - Updater called before beeing initialized
2025-11-20 23:34:29,017 [WARN] DetailPanel:346 - Failed to get advertising image, set to default
2025-11-20 23:34:29,018 [FATAL] Updater:351 - Updater called before beeing initialized
2025-11-20 23:34:29,077 [ERROR] Updater:1198 - MainUpdater not yet initialized. External WinMGr cannot be set.
2025-11-20 23:34:29,095 [INFO] Updater:1134 - Updater Version found : 6.15.0
2025-11-20 23:34:29,142 [INFO] ApplicationProperties:184 - Using Application install path: /opt/st/stm32cubeide_1.19.0/plugins/com.st.stm32cube.common.mx_6.15.0.202507011659
2025-11-20 23:34:29,447 [INFO] ThirdPartyUpdaterWithRetryManager:70 - Updater plugin not ready yet. [2/15]
2025-11-20 23:34:30,518 [INFO] MainUpdater:2872 - connection check result : 10
2025-11-20 23:34:30,518 [INFO] MainUpdater:289 - Updater Check For Update Now.
2025-11-20 23:34:30,518 [INFO] MicroXplorer:498 - Change Database Version : DB.6.0.150
2025-11-20 23:34:30,521 [INFO] McuFinderGlobals:63 - Set McuFinder mode to 2 (CubeIDE integrated)
2025-11-20 23:34:30,584 [INFO] UserAuth:487 - Internet connection configuration mode: 1
2025-11-20 23:34:30,799 [INFO] JxBrowserEngine:152 - Initiate JxBrowser Engine with user profile folder
2025-11-20 23:34:30,879 [INFO] CheckServerUpdateThread:120 - End of CheckServer Thread
2025-11-20 23:34:34,393 [WARN] PackLoader:240 - Cannot read IP mode file for STMicroelectronics.FP-SNS-MOTENVWB1.1.4.0
2025-11-20 23:34:34,432 [WARN] PackLoader:240 - Cannot read IP mode file for STMicroelectronics.FP-ATR-ASTRA1.2.0.2
2025-11-20 23:34:34,468 [WARN] PackLoader:240 - Cannot read IP mode file for STMicroelectronics.X-CUBE-SMBUS.2.1.0
2025-11-20 23:34:34,484 [WARN] PackLoader:240 - Cannot read IP mode file for STMicroelectronics.X-CUBE-ST60.1.0.0
2025-11-20 23:34:34,574 [WARN] PackLoader:240 - Cannot read IP mode file for STMicroelectronics.X-CUBE-AZRTOS-F7.1.1.0
2025-11-20 23:34:34,694 [WARN] PackLoader:240 - Cannot read IP mode file for Cesanta.I-CUBE-Mongoose.7.19.0
2025-11-20 23:34:34,726 [WARN] PackLoader:240 - Cannot read IP mode file for STMicroelectronics.FP-SNS-MOTENV1.5.1.0
2025-11-20 23:34:34,788 [WARN] PackLoader:240 - Cannot read IP mode file for WES.I-CUBE-Cesium.1.4.0
2025-11-20 23:34:34,852 [WARN] PackLoader:240 - Cannot read IP mode file for Infineon.AIROC-Wi-Fi-Bluetooth-STM32.1.7.1
2025-11-20 23:34:34,950 [WARN] PackLoader:240 - Cannot read IP mode file for STMicroelectronics.X-CUBE-AZRTOS-H7.3.4.0
2025-11-20 23:34:34,972 [WARN] PackLoader:240 - Cannot read IP mode file for STMicroelectronics.X-CUBE-DISPLAY.3.0.0
2025-11-20 23:34:35,048 [WARN] PackLoader:240 - Cannot read IP mode file for STMicroelectronics.X-CUBE-NFC10.1.0.0
2025-11-20 23:34:35,081 [WARN] PackLoader:240 - Cannot read IP mode file for STMicroelectronics.X-CUBE-ST60.1.1.0
2025-11-20 23:34:35,142 [WARN] PackLoader:240 - Cannot read IP mode file for emotas.I-CUBE-CANOPEN.1.3.0
2025-11-20 23:34:35,206 [WARN] PackLoader:240 - Cannot read IP mode file for STMicroelectronics.X-CUBE-GNSS1.7.1.0
2025-11-20 23:34:35,253 [WARN] PackLoader:240 - Cannot read IP mode file for STMicroelectronics.FP-SNS-STBOX1.2.1.0
2025-11-20 23:34:35,262 [WARN] PackLoader:240 - Cannot read IP mode file for STMicroelectronics.FP-SNS-SMARTAG2.1.2.0
2025-11-20 23:34:35,272 [WARN] PackLoader:240 - Cannot read IP mode file for STMicroelectronics.FP-SNS-FLIGHT1.5.1.0
2025-11-20 23:34:35,329 [INFO] LogOutputStream:77 - [STDOUT_REDIRECT] 1 : Invalid condition id : UX_CORESTACK_Condition cause : null
2025-11-20 23:34:35,330 [INFO] LogOutputStream:77 - [STDOUT_REDIRECT] 1 : Invalid condition id : UX_CORESTACK_Condition cause : null
2025-11-20 23:34:35,330 [INFO] LogOutputStream:77 - [STDOUT_REDIRECT] 1 : Invalid condition id : UX_CORESTACK_Condition cause : null
2025-11-20 23:34:35,330 [INFO] LogOutputStream:77 - [STDOUT_REDIRECT] 1 : Invalid condition id : UX_CORESTACK_Condition cause : null
2025-11-20 23:34:35,330 [INFO] LogOutputStream:77 - [STDOUT_REDIRECT] 1 : Invalid condition id : UX_CORESTACK_Condition cause : null
2025-11-20 23:34:35,331 [WARN] PackLoader:240 - Cannot read IP mode file for STMicroelectronics.X-CUBE-AZRTOS-WL.2.0.0
2025-11-20 23:34:35,357 [WARN] PackLoader:240 - Cannot read IP mode file for STMicroelectronics.FP-SNS-MOTENV1.5.0.0
2025-11-20 23:34:35,381 [WARN] PackLoader:240 - Cannot read IP mode file for STMicroelectronics.X-CUBE-BLE2.3.3.0
2025-11-20 23:34:35,476 [WARN] PackLoader:240 - Cannot read IP mode file for STMicroelectronics.X-CUBE-NFC9.1.0.0
2025-11-20 23:34:35,507 [WARN] PackLoader:240 - Cannot read IP mode file for wolfSSL.I-CUBE-wolfSSL.5.8.2
2025-11-20 23:34:35,539 [WARN] PackLoader:240 - Cannot read IP mode file for STMicroelectronics.X-CUBE-BLE1.7.1.0
2025-11-20 23:34:35,583 [WARN] PackLoader:240 - Cannot read IP mode file for wolfSSL.I-CUBE-wolfMQTT.1.19.2
2025-11-20 23:34:35,653 [WARN] PackLoader:240 - Cannot read IP mode file for STMicroelectronics.X-CUBE-EEPRMA1.5.2.0
2025-11-20 23:34:35,698 [WARN] PackLoader:240 - Cannot read IP mode file for STMicroelectronics.X-CUBE-ST67W61.1.1.0
2025-11-20 23:34:35,785 [WARN] PackLoader:240 - Cannot read IP mode file for STMicroelectronics.X-CUBE-AZRTOS-G0.1.1.0
2025-11-20 23:34:35,842 [WARN] PackLoader:240 - Cannot read IP mode file for STMicroelectronics.X-CUBE-SAFEA1.1.2.2
2025-11-20 23:34:35,896 [WARN] PackLoader:240 - Cannot read IP mode file for STMicroelectronics.X-CUBE-NFC4.3.0.0
2025-11-20 23:34:35,917 [WARN] PackLoader:240 - Cannot read IP mode file for EmbeddedOffice.I-CUBE-FS-RTOS.1.0.1
2025-11-20 23:34:35,931 [WARN] PackLoader:240 - Cannot read IP mode file for STMicroelectronics.X-CUBE-WB05N.2.0.0
2025-11-20 23:34:35,948 [WARN] PackLoader:240 - Cannot read IP mode file for wolfSSL.I-CUBE-wolfTPM.3.8.0
2025-11-20 23:34:35,998 [WARN] PackLoader:240 - Cannot read IP mode file for STMicroelectronics.X-CUBE-TCPP.4.2.0
2025-11-20 23:34:36,037 [WARN] PackLoader:240 - Cannot read IP mode file for RealThread.X-CUBE-RT-Thread_Nano.4.1.1
2025-11-20 23:34:36,081 [WARN] PackLoader:240 - Cannot read IP mode file for STMicroelectronics.FP-ATR-SIGFOX1.3.2.0
2025-11-20 23:34:36,084 [WARN] PackLoader:240 - Cannot read IP mode file for ITTIA_DB.I-CUBE-ITTIADB.8.9.0
2025-11-20 23:34:36,142 [WARN] PackLoader:240 - Cannot read IP mode file for STMicroelectronics.X-CUBE-AI.10.2.0
2025-11-20 23:34:36,193 [WARN] PackLoader:240 - Cannot read IP mode file for SEGGER.I-CUBE-embOS.1.3.1
2025-11-20 23:34:36,250 [WARN] PackLoader:240 - Cannot read IP mode file for STMicroelectronics.X-CUBE-ALGOBUILD.1.4.0
2025-11-20 23:34:36,382 [WARN] PackLoader:240 - Cannot read IP mode file for STMicroelectronics.X-CUBE-MEMS1.11.3.0
2025-11-20 23:34:36,439 [WARN] PackLoader:240 - Cannot read IP mode file for STMicroelectronics.X-CUBE-PM33A1.1.0.0
2025-11-20 23:34:36,507 [WARN] PackLoader:240 - Cannot read IP mode file for STMicroelectronics.X-CUBE-AZRTOS-F4.1.1.0
2025-11-20 23:34:36,543 [WARN] PackLoader:240 - Cannot read IP mode file for STMicroelectronics.X-CUBE-ISPU.2.1.0
2025-11-20 23:34:36,598 [WARN] PackLoader:240 - Cannot read IP mode file for STMicroelectronics.X-CUBE-IPS.3.2.0
2025-11-20 23:34:36,631 [WARN] PackLoader:240 - Cannot read IP mode file for STMicroelectronics.X-CUBE-NFC12.1.0.0
2025-11-20 23:34:36,697 [WARN] PackLoader:240 - Cannot read IP mode file for STMicroelectronics.X-CUBE-AZRTOS-L5.2.0.0
2025-11-20 23:34:36,744 [WARN] PackLoader:240 - Cannot read IP mode file for STMicroelectronics.X-CUBE-NFC6.3.1.0
2025-11-20 23:34:36,785 [WARN] PackLoader:240 - Cannot read IP mode file for STMicroelectronics.X-CUBE-FREERTOS.1.3.1
2025-11-20 23:34:36,809 [WARN] PackLoader:240 - Cannot read IP mode file for STMicroelectronics.X-CUBE-TOUCHGFX.4.26.0
2025-11-20 23:34:36,848 [WARN] PackLoader:240 - Cannot read IP mode file for STMicroelectronics.FP-SNS-STAIOTCFT.1.0.0
2025-11-20 23:34:36,888 [WARN] PackLoader:240 - Cannot read IP mode file for STMicroelectronics.X-CUBE-DPower.1.3.0
2025-11-20 23:34:36,962 [WARN] ConditionMgr:438 - getConditionDescription Invalid condition id : LAN8742 Phy interface Condition cause : null
2025-11-20 23:34:36,962 [WARN] PackLoader:240 - Cannot read IP mode file for STMicroelectronics.X-CUBE-AZRTOS-L4.2.0.0
2025-11-20 23:34:36,963 [WARN] ConditionMgr:1044 - genDependencies : Invalid condition id : LAN8742 Phy interface Condition cause : null
2025-11-20 23:34:36,963 [WARN] ConditionMgr:1044 - genDependencies : Invalid condition id : LAN8742 Phy interface Condition cause : null
2025-11-20 23:34:36,964 [WARN] ConditionMgr:1044 - genDependencies : Invalid condition id : LAN8742 Phy interface Condition cause : null
2025-11-20 23:34:36,988 [WARN] PackLoader:240 - Cannot read IP mode file for STMicroelectronics.X-CUBE-SFXS2LP1.4.0.0
2025-11-20 23:34:37,024 [WARN] PackLoader:240 - Cannot read IP mode file for STMicroelectronics.X-CUBE-BLEMGR.4.1.0
2025-11-20 23:34:37,131 [WARN] ConditionMgr:438 - getConditionDescription Invalid condition id : UX DEVICE CLASS RTOS Condition cause : null
2025-11-20 23:34:37,131 [WARN] ConditionMgr:438 - getConditionDescription Invalid condition id : UX DEVICE CLASS RTOS Condition cause : null
2025-11-20 23:34:37,136 [WARN] PackLoader:240 - Cannot read IP mode file for STMicroelectronics.X-CUBE-AZRTOS-WB.2.0.0
2025-11-20 23:34:37,136 [WARN] ConditionMgr:1044 - genDependencies : Invalid condition id : UX DEVICE CLASS RTOS Condition cause : null
2025-11-20 23:34:37,136 [WARN] ConditionMgr:1044 - genDependencies : Invalid condition id : UX DEVICE CLASS RTOS Condition cause : null
2025-11-20 23:34:37,136 [WARN] ConditionMgr:1044 - genDependencies : Invalid condition id : UX DEVICE CLASS RTOS Condition cause : null
2025-11-20 23:34:37,136 [WARN] ConditionMgr:1044 - genDependencies : Invalid condition id : UX DEVICE CLASS RTOS Condition cause : null
2025-11-20 23:34:37,137 [WARN] ConditionMgr:1044 - genDependencies : Invalid condition id : UX DEVICE CLASS RTOS Condition cause : null
2025-11-20 23:34:37,180 [WARN] PackLoader:240 - Cannot read IP mode file for STMicroelectronics.X-CUBE-GNSS1.7.0.1
2025-11-20 23:34:37,194 [WARN] ConditionMgr:438 - getConditionDescription Invalid condition id : Cortex-A Device cause : null
2025-11-20 23:34:37,198 [WARN] ConditionMgr:1044 - genDependencies : Invalid condition id : Cortex-A Device cause : null
2025-11-20 23:34:37,198 [WARN] ConditionMgr:1044 - genDependencies : Invalid condition id : Cortex-A Device cause : null
2025-11-20 23:34:37,198 [WARN] ConditionMgr:1044 - genDependencies : Invalid condition id : Cortex-A Device cause : null
2025-11-20 23:34:37,235 [WARN] PackLoader:240 - Cannot read IP mode file for STMicroelectronics.X-CUBE-SUBG2.5.0.0
2025-11-20 23:34:37,332 [WARN] PackLoader:240 - Cannot read IP mode file for STMicroelectronics.X-CUBE-AZRTOS-H7RS.1.1.0
2025-11-20 23:34:37,403 [WARN] PackLoader:240 - Cannot read IP mode file for STMicroelectronics.X-CUBE-AZRTOS-G4.2.0.0
2025-11-20 23:34:37,428 [WARN] PackLoader:240 - Cannot read IP mode file for wolfSSL.I-CUBE-wolfSSH.1.4.20
2025-11-20 23:34:37,458 [WARN] PackLoader:240 - Cannot read IP mode file for STMicroelectronics.X-CUBE-NFC7.2.0.0
2025-11-20 23:34:37,497 [WARN] PackLoader:240 - Cannot read IP mode file for STMicroelectronics.X-CUBE-ALS.1.0.2
2025-11-20 23:34:37,545 [WARN] PackLoader:240 - Cannot read IP mode file for STMicroelectronics.X-CUBE-STSE01.1.0.0
2025-11-20 23:34:37,599 [WARN] PackLoader:240 - Cannot read IP mode file for STMicroelectronics.X-CUBE-TOF1.3.4.3
2025-11-20 23:34:37,602 [INFO] ThirdParty:978 - Integrity check success = true
2025-11-20 23:34:37,602 [INFO] IntegrityCheckThread:100 - exiting critical section [integrity check]
2025-11-20 23:34:37,602 [INFO] IntegrityCheckThread:103 - End integrity checks thread
2025-11-20 23:34:49,783 [INFO] WebApp:169 - Instantiating new browser for Auth
2025-11-20 23:34:54,112 [INFO] WebApp:463 - Apply proxy settings
2025-11-20 23:34:54,113 [INFO] WebApp:548 - Chromium requires no authentication
2025-11-20 23:34:54,225 [INFO] WebApp:491 - Direct internet connection detected
2025-11-20 23:34:54,386 [INFO] WebApp:900 - Register for checkConnection events
2025-11-20 23:34:54,386 [INFO] WebApp:463 - Apply proxy settings
2025-11-20 23:34:54,386 [INFO] WebApp:548 - Chromium requires no authentication
2025-11-20 23:34:54,387 [INFO] WebApp:491 - Direct internet connection detected
2025-11-20 23:34:55,000 [INFO] WebApp:225 - Starting web application
2025-11-20 23:34:55,000 [INFO] WebApp:593 - Web application path used /opt/st/stm32cubeide_1.19.0/plugins/com.st.stm32cube.common.mx_6.15.0.202507011659/db/plugins/mcufinder/reactClient1/index.html
2025-11-20 23:34:55,275 [INFO] WebApp:191 - Connection restablished
2025-11-20 23:34:55,606 [INFO] UserAuth:487 - Internet connection configuration mode: 1
2025-11-20 23:35:32,715 [INFO] McuFinderGlobals:63 - Set McuFinder mode to 2 (CubeIDE integrated)
2025-11-20 23:35:32,718 [INFO] MainUpdater:2872 - connection check result : 10
2025-11-20 23:35:32,719 [INFO] MainUpdater:2872 - connection check result : 10
2025-11-20 23:35:32,876 [INFO] MicroXplorer:468 - Change Database Path : 
2025-11-20 23:35:32,876 [INFO] MicroXplorer:498 - Change Database Version : DB.6.0.150
2025-11-20 23:35:32,942 [WARN] ThirdParty:871 - waiting for thirdparty lock release [close project]
2025-11-20 23:35:32,942 [INFO] ThirdParty:873 - entering critical section [close project]
2025-11-20 23:35:32,942 [INFO] ThirdParty:883 - exiting critical section [close project]
2025-11-20 23:35:32,944 [INFO] PinOutPanel:1589 - setPackage(No Configuration,No Configuration)
2025-11-20 23:35:32,944 [INFO] UtilMem:75 - Begin LoadConfig() Used Memory: 262477952 Bytes (327155712)
2025-11-20 23:35:32,945 [INFO] MicroXplorer:468 - Change Database Path : 
2025-11-20 23:35:32,945 [INFO] MicroXplorer:498 - Change Database Version : DB.6.0.150
2025-11-20 23:35:32,945 [INFO] OpenFileManager:355 - Change cursor
2025-11-20 23:35:33,097 [INFO] Mcu:2029 - Initializing MCU STM32G474R(B-C-E)Tx STM32G474RETx STM32G474RET6
2025-11-20 23:35:36,377 [INFO] Context:786 - Trying to add GPIOservice into a context  which must be forbidden
2025-11-20 23:35:37,981 [INFO] ApiDbMcu:532 - Load IP Config File for NUCLEO-G474RE
2025-11-20 23:35:38,056 [INFO] ImportTextPane:234 - (OptionalMessage_ERROR) Pin22 (VP_RIF_VS_RIF1) cannot be retrieved for this MCU
2025-11-20 23:35:38,161 [INFO] RtosManager:558 - Registered RTOS mode: class=CMSIS, group=RTOS, mode=CMSIS_V1, owner=FREERTOS
2025-11-20 23:35:38,162 [INFO] RtosManager:558 - Registered RTOS mode: class=CMSIS, group=RTOS2, mode=CMSIS_V2, owner=FREERTOS
2025-11-20 23:35:38,162 [INFO] RtosManager:558 - Registered RTOS mode: class=RTOS, group=Core, mode=CMSIS_V1, owner=FREERTOS
2025-11-20 23:35:38,162 [INFO] RtosManager:558 - Registered RTOS mode: class=RTOS, group=Core, mode=CMSIS_V2, owner=FREERTOS
2025-11-20 23:35:38,162 [WARN] ModelIntegratedComponent:184 - Missing modes for component STMicroelectronics:FreeRTOS:0.0.1:STMicroelectronics:RTOS:FreeRTOS:Core:::10.2.0:
2025-11-20 23:35:38,175 [WARN] ModelIntegratedComponent:63 - No mode defined for component null
2025-11-20 23:35:38,176 [WARN] ModelIntegratedComponent:63 - No mode defined for component null
2025-11-20 23:35:38,176 [WARN] ModelIntegratedComponent:63 - No mode defined for component null
2025-11-20 23:35:38,176 [WARN] ModelIntegratedComponent:63 - No mode defined for component null
2025-11-20 23:35:38,176 [WARN] ModelIntegratedComponent:63 - No mode defined for component null
2025-11-20 23:35:38,176 [WARN] ModelIntegratedComponent:63 - No mode defined for component null
2025-11-20 23:35:38,176 [WARN] ModelIntegratedComponent:63 - No mode defined for component null
2025-11-20 23:35:38,176 [WARN] ModelIntegratedComponent:63 - No mode defined for component null
2025-11-20 23:35:38,176 [WARN] ModelIntegratedComponent:63 - No mode defined for component null
2025-11-20 23:35:38,176 [WARN] ModelIntegratedComponent:63 - No mode defined for component null
2025-11-20 23:35:38,176 [WARN] ModelIntegratedComponent:63 - No mode defined for component null
2025-11-20 23:35:38,176 [WARN] ModelIntegratedComponent:63 - No mode defined for component null
2025-11-20 23:35:38,176 [WARN] ModelIntegratedComponent:63 - No mode defined for component null
2025-11-20 23:35:38,176 [WARN] ModelIntegratedComponent:63 - No mode defined for component null
2025-11-20 23:35:38,177 [WARN] ModelIntegratedComponent:63 - No mode defined for component null
2025-11-20 23:35:38,177 [WARN] ModelIntegratedComponent:63 - No mode defined for component null
2025-11-20 23:35:38,177 [WARN] ModelIntegratedComponent:63 - No mode defined for component null
2025-11-20 23:35:38,177 [WARN] ModelIntegratedComponent:63 - No mode defined for component null
2025-11-20 23:35:38,177 [WARN] ModelIntegratedComponent:63 - No mode defined for component null
2025-11-20 23:35:38,177 [WARN] ModelIntegratedComponent:63 - No mode defined for component null
2025-11-20 23:35:38,177 [WARN] ModelIntegratedComponent:63 - No mode defined for component null
2025-11-20 23:35:38,177 [WARN] ModelIntegratedComponent:63 - No mode defined for component null
2025-11-20 23:35:38,177 [WARN] ModelIntegratedComponent:63 - No mode defined for component null
2025-11-20 23:35:38,177 [WARN] ModelIntegratedComponent:63 - No mode defined for component null
2025-11-20 23:35:38,177 [WARN] ModelIntegratedComponent:63 - No mode defined for component null
2025-11-20 23:35:38,177 [WARN] ModelIntegratedComponent:63 - No mode defined for component null
2025-11-20 23:35:38,177 [WARN] ModelIntegratedComponent:63 - No mode defined for component null
2025-11-20 23:35:38,177 [WARN] ModelIntegratedComponent:63 - No mode defined for component null
2025-11-20 23:35:38,177 [WARN] ModelIntegratedComponent:63 - No mode defined for component null
2025-11-20 23:35:38,177 [WARN] ModelIntegratedComponent:63 - No mode defined for component null
2025-11-20 23:35:38,177 [WARN] ModelIntegratedComponent:63 - No mode defined for component null
2025-11-20 23:35:38,177 [WARN] ModelIntegratedComponent:63 - No mode defined for component null
2025-11-20 23:35:38,177 [WARN] ModelIntegratedComponent:63 - No mode defined for component null
2025-11-20 23:35:38,177 [WARN] ModelIntegratedComponent:63 - No mode defined for component null
2025-11-20 23:35:38,177 [WARN] ModelIntegratedComponent:63 - No mode defined for component null
2025-11-20 23:35:38,177 [WARN] ModelPack:524 - Component already loaded: STMicroelectronics:HAL Drivers:0.0.0:STMicroelectronics:Device:STMicro_Driver:XSPI:HAL::0.0.1:HAL_XSPI
2025-11-20 23:35:38,243 [INFO] ThirdPartyModel:298 - Start build external matchings
2025-11-20 23:35:38,432 [INFO] ThirdPartyModel:316 - End build external matchings
2025-11-20 23:35:38,446 [INFO] RtosManager:1018 - Current active RTOS is FREERTOS [Cortex-M4NS]
2025-11-20 23:35:38,462 [INFO] ImportTextPane:234 - (OptionalMessage_ERROR) IP (DMA) : Parameter (Instance) has Id (LPUART1_RX) currently not set
2025-11-20 23:35:38,462 [INFO] ImportTextPane:234 - (OptionalMessage_ERROR) IP (DMA) : Parameter (Request) has Id (LPUART1_RX) currently not set
2025-11-20 23:35:38,462 [INFO] ImportTextPane:234 - (OptionalMessage_ERROR) IP (DMA) : Parameter (Direction) has Id (LPUART1_RX) currently not set
2025-11-20 23:35:38,463 [INFO] ImportTextPane:234 - (OptionalMessage_ERROR) IP (DMA) : Parameter (PeriphInc) has Id (LPUART1_RX) currently not set
2025-11-20 23:35:38,463 [INFO] ImportTextPane:234 - (OptionalMessage_ERROR) IP (DMA) : Parameter (MemInc) has Id (LPUART1_RX) currently not set
2025-11-20 23:35:38,463 [INFO] ImportTextPane:234 - (OptionalMessage_ERROR) IP (DMA) : Parameter (PeriphDataAlignment) has Id (LPUART1_RX) currently not set
2025-11-20 23:35:38,463 [INFO] ImportTextPane:234 - (OptionalMessage_ERROR) IP (DMA) : Parameter (MemDataAlignment) has Id (LPUART1_RX) currently not set
2025-11-20 23:35:38,463 [INFO] ImportTextPane:234 - (OptionalMessage_ERROR) IP (DMA) : Parameter (Mode) has Id (LPUART1_RX) currently not set
2025-11-20 23:35:38,464 [INFO] ImportTextPane:234 - (OptionalMessage_ERROR) IP (DMA) : Parameter (Priority) has Id (LPUART1_RX) currently not set
2025-11-20 23:35:38,464 [INFO] ImportTextPane:234 - (OptionalMessage_ERROR) IP (DMA) : Parameter (SignalID) has Id (LPUART1_RX) currently not set
2025-11-20 23:35:38,464 [INFO] ImportTextPane:234 - (OptionalMessage_ERROR) IP (DMA) : Parameter (Polarity) has Id (LPUART1_RX) currently not set
2025-11-20 23:35:38,464 [INFO] ImportTextPane:234 - (OptionalMessage_ERROR) IP (DMA) : Parameter (RequestNumber) has Id (LPUART1_RX) currently not set
2025-11-20 23:35:38,464 [INFO] ImportTextPane:234 - (OptionalMessage_ERROR) IP (DMA) : Parameter (SyncSignalID) has Id (LPUART1_RX) currently not set
2025-11-20 23:35:38,464 [INFO] ImportTextPane:234 - (OptionalMessage_ERROR) IP (DMA) : Parameter (SyncPolarity) has Id (LPUART1_RX) currently not set
2025-11-20 23:35:38,464 [INFO] ImportTextPane:234 - (OptionalMessage_ERROR) IP (DMA) : Parameter (SyncEnable) has Id (LPUART1_RX) currently not set
2025-11-20 23:35:38,464 [INFO] ImportTextPane:234 - (OptionalMessage_ERROR) IP (DMA) : Parameter (EventEnable) has Id (LPUART1_RX) currently not set
2025-11-20 23:35:38,464 [INFO] ImportTextPane:234 - (OptionalMessage_ERROR) IP (DMA) : Parameter (SyncRequestNumber) has Id (LPUART1_RX) currently not set
2025-11-20 23:35:38,464 [INFO] ImportTextPane:234 - (OptionalMessage_ERROR) IP (DMA) : Parameter (Instance) has Id (LPUART1_TX) currently not set
2025-11-20 23:35:38,464 [INFO] ImportTextPane:234 - (OptionalMessage_ERROR) IP (DMA) : Parameter (Request) has Id (LPUART1_TX) currently not set
2025-11-20 23:35:38,464 [INFO] ImportTextPane:234 - (OptionalMessage_ERROR) IP (DMA) : Parameter (Direction) has Id (LPUART1_TX) currently not set
2025-11-20 23:35:38,464 [INFO] ImportTextPane:234 - (OptionalMessage_ERROR) IP (DMA) : Parameter (PeriphInc) has Id (LPUART1_TX) currently not set
2025-11-20 23:35:38,465 [INFO] ImportTextPane:234 - (OptionalMessage_ERROR) IP (DMA) : Parameter (MemInc) has Id (LPUART1_TX) currently not set
2025-11-20 23:35:38,465 [INFO] ImportTextPane:234 - (OptionalMessage_ERROR) IP (DMA) : Parameter (PeriphDataAlignment) has Id (LPUART1_TX) currently not set
2025-11-20 23:35:38,465 [INFO] ImportTextPane:234 - (OptionalMessage_ERROR) IP (DMA) : Parameter (MemDataAlignment) has Id (LPUART1_TX) currently not set
2025-11-20 23:35:38,465 [INFO] ImportTextPane:234 - (OptionalMessage_ERROR) IP (DMA) : Parameter (Mode) has Id (LPUART1_TX) currently not set
2025-11-20 23:35:38,465 [INFO] ImportTextPane:234 - (OptionalMessage_ERROR) IP (DMA) : Parameter (Priority) has Id (LPUART1_TX) currently not set
2025-11-20 23:35:38,465 [INFO] ImportTextPane:234 - (OptionalMessage_ERROR) IP (DMA) : Parameter (SignalID) has Id (LPUART1_TX) currently not set
2025-11-20 23:35:38,465 [INFO] ImportTextPane:234 - (OptionalMessage_ERROR) IP (DMA) : Parameter (Polarity) has Id (LPUART1_TX) currently not set
2025-11-20 23:35:38,465 [INFO] ImportTextPane:234 - (OptionalMessage_ERROR) IP (DMA) : Parameter (RequestNumber) has Id (LPUART1_TX) currently not set
2025-11-20 23:35:38,465 [INFO] ImportTextPane:234 - (OptionalMessage_ERROR) IP (DMA) : Parameter (SyncSignalID) has Id (LPUART1_TX) currently not set
2025-11-20 23:35:38,465 [INFO] ImportTextPane:234 - (OptionalMessage_ERROR) IP (DMA) : Parameter (SyncPolarity) has Id (LPUART1_TX) currently not set
2025-11-20 23:35:38,465 [INFO] ImportTextPane:234 - (OptionalMessage_ERROR) IP (DMA) : Parameter (SyncEnable) has Id (LPUART1_TX) currently not set
2025-11-20 23:35:38,465 [INFO] ImportTextPane:234 - (OptionalMessage_ERROR) IP (DMA) : Parameter (EventEnable) has Id (LPUART1_TX) currently not set
2025-11-20 23:35:38,465 [INFO] ImportTextPane:234 - (OptionalMessage_ERROR) IP (DMA) : Parameter (SyncRequestNumber) has Id (LPUART1_TX) currently not set
2025-11-20 23:35:38,973 [INFO] ApiDb:581 - Connected to CubeFinder SQLite database (/home/natthanicha/.stmcufinder/plugins/mcufinder/mcu/cube-finder-db.db)
2025-11-20 23:35:39,272 [INFO] ApiDb:668 - CubeFinder database Data Model version=2.1
2025-11-20 23:35:39,272 [INFO] ApiDb:669 - CubeFinder database Configuration version=3.0.39
2025-11-20 23:35:39,273 [INFO] ApiDb:670 - CubeFinder database generation date=2025-10-27 (1761571959)
2025-11-20 23:35:39,273 [INFO] ApiDb:671 - CubeFinder database FW Pack versions=[FP-ATR-ASTRA1_V2.0.0, FP-SNS-FLIGHT1_V5.1.0, FP-SNS-MOTENV1_V5.0.0, FP-SNS-MOTENVWB1_V1.4.0, FP-SNS-SMARTAG2_V1.2.0, FP-SNS-STBOX1_V2.1.0, STM32Cube_FW_C0_V1.4.0, STM32Cube_FW_F4_V1.28.3, STM32Cube_FW_F7_V1.17.4, STM32Cube_FW_G0_V1.6.2, STM32Cube_FW_G4_V1.6.1, STM32Cube_FW_H5_V1.5.0, STM32Cube_FW_H7RS_V1.2.0, STM32Cube_FW_H7_V1.12.1, STM32Cube_FW_L0_V1.12.2, STM32Cube_FW_L4_V1.18.1, STM32Cube_FW_L5_V1.5.1, STM32Cube_FW_N6_V1.2.0, STM32Cube_FW_U0_V1.3.0, STM32Cube_FW_U3_V1.2.1, STM32Cube_FW_U5_V1.8.0, STM32Cube_FW_WB0_V1.3.0, STM32Cube_FW_WBA_V1.7.0, STM32Cube_FW_WB_V1.23.0, STM32Cube_FW_WL3_V1.2.0, STM32Cube_FW_WL_V1.3.1, X-CUBE-ALGOBUILD_V1.4.0, X-CUBE-ALS_V1.0.2, X-CUBE-AZRTOS-F4_V1.1.0, X-CUBE-AZRTOS-F7_V1.1.0, X-CUBE-AZRTOS-G0_V1.1.0, X-CUBE-AZRTOS-G4_V2.0.0, X-CUBE-AZRTOS-H7RS_V1.1.0, X-CUBE-AZRTOS-H7_V3.4.0, X-CUBE-AZRTOS-L4_V2.0.0, X-CUBE-AZRTOS-L5_V2.0.0, X-CUBE-AZRTOS-WB_V2.0.0, X-CUBE-AZRTOS-WL_V2.0.0, X-CUBE-BLE1_V7.1.0, X-CUBE-BLE2_V3.3.0, X-CUBE-BLEMGR_V4.1.0, X-CUBE-EEPRMA1_V5.2.0, X-CUBE-FREERTOS_V1.3.1, X-CUBE-GNSS1_V6.0.0, X-CUBE-MEMS1_V11.3.0, X-CUBE-NFC4_V3.0.0, X-CUBE-NFC7_V2.0.0, X-CUBE-SFXS2LP1_V4.0.0, X-CUBE-ST67W61_V1.1.0, X-CUBE-SUBG2_V5.0.0, X-CUBE-TOF1_V3.4.3]
2025-11-20 23:35:39,803 [INFO] DbBoardsSqlite:226 - include board P-NUCLEO-WB55-NUCLEO as a kit item of type 'Nucleo-64'
2025-11-20 23:35:39,803 [INFO] DbBoardsSqlite:226 - include board P-NUCLEO-WB55-USBDONGLE as a kit item of type 'Nucleo USB Dongle'
2025-11-20 23:35:39,810 [INFO] DbBoardsSqlite:226 - include board STEVAL-IDP005V1 as a kit item of type 'Evaluation Board'
2025-11-20 23:35:39,810 [INFO] DbBoardsSqlite:226 - include board STEVAL-IDP005V2 as a kit item of type 'Evaluation Board'
2025-11-20 23:35:40,615 [INFO] ApiDb:240 - Found 880 in-development CPN: [B-G473E-ZEST1S, B-WB1M-WPAN1, B-WBA5M-WPAN, B-WL5M-SUBG1, NUCLEO-C031C6, NUCLEO-C051C8, NUCLEO-C071RB, NUCLEO-C092RC, NUCLEO-H503RB, NUCLEO-H533RE, NUCLEO-H563ZI, NUCLEO-H7S3L8, NUCLEO-N657X0-Q, NUCLEO-U031R8, NUCLEO-U083RC, NUCLEO-U385RG-Q, NUCLEO-U545RE-Q, NUCLEO-U5A5ZJ-Q, NUCLEO-WB05KZ, NUCLEO-WB07CC, NUCLEO-WB09KE, NUCLEO-WBA52CG, NUCLEO-WBA55CG, NUCLEO-WL33CC1, NUCLEO-WL33CC2, STEVAL-PROTEUS1, STEVAL-SMARTAG2, STEVAL-STWINBX1, STM320518-EVAL, STM32C0116-DK, STM32C011D6Y3TR, STM32C011D6Y6TR, STM32C011F4P3, STM32C011F4P6, STM32C011F4U3, STM32C011F4U6TR, STM32C011F6P3, STM32C011F6P6, STM32C011F6U3, STM32C011F6U6TR, STM32C011J4M3, STM32C011J4M6, STM32C011J6M3, STM32C011J6M6, STM32C0316-DK, STM32C031C4T3, STM32C031C4T6, STM32C031C4U3, STM32C031C4U6, STM32C031C6T3, STM32C031C6T6, STM32C031C6U3, STM32C031C6U6, STM32C031F4P3, STM32C031F4P6, STM32C031F6P3, STM32C031F6P6, STM32C031G4U3, STM32C031G4U6, STM32C031G6U3, STM32C031G6U6, STM32C031K4T3, STM32C031K4T6, STM32C031K4U3, STM32C031K4U6, STM32C031K6T3, STM32C031K6T6, STM32C031K6U3, STM32C031K6U6, STM32C051C6T6, STM32C051C6U6, STM32C051C8T6, STM32C051C8U6, STM32C051D8Y6TR, STM32C051F6P6, STM32C051F8P6, STM32C051G6U6, STM32C051G8U6, STM32C051K6T6, STM32C051K6U6, STM32C051K8T6, STM32C071C8T6, STM32C071C8T6N, STM32C071C8U6, STM32C071C8U6N, STM32C071CBT6, STM32C071CBT6N, STM32C071CBU6, STM32C071CBU6N, STM32C071F8P6, STM32C071F8P6N, STM32C071FBP6, STM32C071FBP6N, STM32C071FBY6TR, STM32C071G8U6, STM32C071G8U6N, STM32C071GBU6, STM32C071GBU6N, STM32C071K8T6, STM32C071K8T6N, STM32C071K8U6, STM32C071K8U6N, STM32C071KBT6, STM32C071KBT6N, STM32C071KBU6, STM32C071KBU6N, STM32C071R8T6, STM32C071R8T6N, STM32C071RBI6N, STM32C071RBT6, STM32C071RBT6N, STM32C091CBT6, STM32C091CBU6, STM32C091CCT6, STM32C091CCU6, STM32C091ECY6TR, STM32C091FBP6, STM32C091FCP6, STM32C091GBU6, STM32C091GCU6, STM32C091KBT6, STM32C091KBU6, STM32C091KCT6, STM32C091KCU6, STM32C091RBT6, STM32C091RCI6, STM32C091RCT6, STM32C092CBT6, STM32C092CBU6, STM32C092CCT6, STM32C092CCU6, STM32C092ECY6TR, STM32C092FBP6, STM32C092FCP6, STM32C092GBU6, STM32C092GCU6, STM32C092KBT6, STM32C092KBU6, STM32C092KCT6, STM32C092KCU6, STM32C092RBT6, STM32C092RCI6, STM32C092RCT6, STM32G071K8TXN, STM32G071K8UXN, STM32G081GBU6N, STM32G081KBT6N, STM32G081KBUXN, STM32G0B1CCT6N, STM32G0B1KCT6, STM32G0B1NEY6TR, STM32G0B1RCT6N, STM32G0C1CCT6, STM32G0C1CCT6N, STM32G0C1CCU6N, STM32G0C1CET6N, STM32G0C1CEU6N, STM32G0C1KCT6, STM32G0C1NEY6TR, STM32G0C1RCI6N, STM32G0C1RCT6N, STM32G0C1REI6N, STM32G0C1RET6N, STM32G0C1VCI6, STM32G0C1VEI6, STM32G411C6T3, STM32G411C6T6, STM32G411C6U3, STM32G411C6U6, STM32G411C8T3, STM32G411C8T6, STM32G411C8U3, STM32G411C8U6, STM32G411CBT3, STM32G411CBT6, STM32G411CBU3, STM32G411CBU6, STM32G411K6T3, STM32G411K6T6, STM32G411K6U3, STM32G411K6U6, STM32G411K8T3, STM32G411K8T6, STM32G411K8U3, STM32G411K8U6, STM32G411KBT3, STM32G411KBT6, STM32G411KBU3, STM32G411KBU6, STM32G411M6T3, STM32G411M6T6, STM32G411M8T3, STM32G411M8T6, STM32G411MBT3, STM32G411MBT6, STM32G411R6T3, STM32G411R6T6, STM32G411R8T3, STM32G411R8T6, STM32G411RBT3, STM32G411RBT6, STM32G414CBT3, STM32G414CBT6, STM32G414CBU3, STM32G414CBU6, STM32G414CCT3, STM32G414CCT6, STM32G414CCU3, STM32G414CCU6, STM32G414MBT3, STM32G414MBT6, STM32G414MCT3, STM32G414MCT6, STM32G414RBT3, STM32G414RBT6, STM32G414RCT3, STM32G414RCT6, STM32G414VBT3, STM32G414VBT6, STM32G414VCT3, STM32G414VCT6, STM32G431CBT3Z, STM32G431RBT3Z, STM32G471CCT6, STM32G471CCU6, STM32G471CET3, STM32G471CET6, STM32G471CEU3, STM32G471CEU6, STM32G471MCT6, STM32G471MET3, STM32G471MET6, STM32G471MEY6TR, STM32G471QCT6, STM32G471QET3, STM32G471RCT6, STM32G471RET3, STM32G471RET6, STM32G471VCH6, STM32G471VCI6, STM32G471VCT6, STM32G471VEH3, STM32G471VEH6, STM32G471VEI3, STM32G471VEI6, STM32G471VET3, STM32G471VET6, STM32G473QET3Z, STM32G473RET3Z, STM32G474CCT6, STM32G491RET3Z, STM32H503CBT6, STM32H503CBU6, STM32H503EBY6TR, STM32H503KBU6, STM32H503RBT6, STM32H523CCT6, STM32H523CCU6, STM32H523CET6, STM32H523CEU6, STM32H523HEY6TR, STM32H523RCT6, STM32H523RET6, STM32H523VCI6, STM32H523VCT6, STM32H523VEI6, STM32H523VET6, STM32H523ZCJ6, STM32H523ZCT6, STM32H523ZEJ6, STM32H523ZET6, STM32H533CET6, STM32H533CEU6, STM32H533HEY6TR, STM32H533RET6, STM32H533VEI6, STM32H533VET6, STM32H533ZEJ6, STM32H533ZET6, STM32H562AGI6, STM32H562AII6, STM32H562IGK6, STM32H562IGT6, STM32H562IIK6, STM32H562IIT6, STM32H562RGT6, STM32H562RGV6, STM32H562RIT6, STM32H562RIV6, STM32H562VGT6, STM32H562VIT6, STM32H562ZGT6, STM32H562ZIT6, STM32H563AGI6, STM32H563AII3Q, STM32H563AII6, STM32H563IGK6, STM32H563IGT6, STM32H563IIK3Q, STM32H563IIK6, STM32H563IIT3Q, STM32H563IIT6, STM32H563MIY3QTR, STM32H563RGT6, STM32H563RGV6, STM32H563RIT6, STM32H563RIV6, STM32H563VGT6, STM32H563VIT3Q, STM32H563VIT6, STM32H563ZGT6, STM32H563ZIT3Q, STM32H563ZIT6, STM32H573AII3Q, STM32H573AII6, STM32H573I-DK, STM32H573IIK3Q, STM32H573IIK6, STM32H573IIT3Q, STM32H573IIT6, STM32H573MIY3QTR, STM32H573RIT6, STM32H573RIV6, STM32H573VIT3Q, STM32H573VIT6, STM32H573ZIT3Q, STM32H573ZIT6, STM32H7R3A8I6, STM32H7R3I8K6, STM32H7R3I8T6, STM32H7R3L8H6, STM32H7R3L8H6H, STM32H7R3R8V6, STM32H7R3V8H6, STM32H7R3V8T6, STM32H7R3V8Y6TR, STM32H7R3Z8J6, STM32H7R3Z8T6, STM32H7R7A8I6, STM32H7R7I8K6, STM32H7R7I8T6, STM32H7R7L8H6, STM32H7R7L8H6H, STM32H7R7Z8J6, STM32H7S3A8I6, STM32H7S3I8K6, STM32H7S3I8T6, STM32H7S3L8H6, STM32H7S3L8H6H, STM32H7S3R8V6, STM32H7S3V8H6, STM32H7S3V8T6, STM32H7S3V8Y6TR, STM32H7S3Z8J6, STM32H7S3Z8T6, STM32H7S78-DK, STM32H7S7A8I6, STM32H7S7I8K6, STM32H7S7I8T6, STM32H7S7L8H6, STM32H7S7L8H6H, STM32H7S7Z8J6, STM32L4R5QGI6STR, STM32MP131AAE3, STM32MP131AAF3, STM32MP131AAG3, STM32MP131CAE3, STM32MP131CAF3, STM32MP131CAG3, STM32MP131DAE7, STM32MP131DAF7, STM32MP131DAG7, STM32MP131FAE7, STM32MP131FAF7, STM32MP131FAG7, STM32MP133AAE3, STM32MP133AAF3, STM32MP133AAG3, STM32MP133CAE3, STM32MP133CAF3, STM32MP133CAG3, STM32MP133DAE7, STM32MP133DAF7, STM32MP133DAG7, STM32MP133FAE7, STM32MP133FAF7, STM32MP133FAG7, STM32MP135AAE3, STM32MP135AAF3, STM32MP135AAG3, STM32MP135CAE3, STM32MP135CAF3, STM32MP135CAG3, STM32MP135DAE7, STM32MP135DAF7, STM32MP135DAG7, STM32MP135F-DK, STM32MP135FAE7, STM32MP135FAF7, STM32MP135FAF7T, STM32MP135FAF7U, STM32MP135FAG7, STM32MP211AAL3, STM32MP211AAM3, STM32MP211AAN3, STM32MP211AAO3, STM32MP211CAL3, STM32MP211CAM3, STM32MP211CAN3, STM32MP211CAO3, STM32MP211DAL3, STM32MP211DAM3, STM32MP211DAN3, STM32MP211DAO3, STM32MP211FAL3, STM32MP211FAM3, STM32MP211FAN3, STM32MP211FAO3, STM32MP213AAL3, STM32MP213AAM3, STM32MP213AAN3, STM32MP213AAO3, STM32MP213CAL3, STM32MP213CAM3, STM32MP213CAN3, STM32MP213CAO3, STM32MP213DAL3, STM32MP213DAM3, STM32MP213DAN3, STM32MP213DAO3, STM32MP213FAL3, STM32MP213FAM3, STM32MP213FAN3, STM32MP213FAO3, STM32MP215AAL3, STM32MP215AAM3, STM32MP215AAN3, STM32MP215AAO3, STM32MP215CAL3, STM32MP215CAM3, STM32MP215CAN3, STM32MP215CAO3, STM32MP215DAL3, STM32MP215DAM3, STM32MP215DAN3, STM32MP215DAO3, STM32MP215F-DK, STM32MP215FAL3, STM32MP215FAM3, STM32MP215FAN3, STM32MP215FAO3, STM32MP231AAJ3, STM32MP231AAK3, STM32MP231AAL3, STM32MP231CAJ3, STM32MP231CAK3, STM32MP231CAL3, STM32MP231DAJ3, STM32MP231DAK3, STM32MP231DAL3, STM32MP231FAJ3, STM32MP231FAK3, STM32MP231FAL3, STM32MP233AAJ3, STM32MP233AAK3, STM32MP233AAL3, STM32MP233CAJ3, STM32MP233CAK3, STM32MP233CAL3, STM32MP233DAJ3, STM32MP233DAK3, STM32MP233DAL3, STM32MP233FAJ3, STM32MP233FAK3, STM32MP233FAL3, STM32MP235AAJ3, STM32MP235AAK3, STM32MP235AAL3, STM32MP235CAJ3, STM32MP235CAK3, STM32MP235CAL3, STM32MP235DAJ3, STM32MP235DAK3, STM32MP235DAL3, STM32MP235FAJ3, STM32MP235FAK3, STM32MP235FAL3, STM32MP251AAI3, STM32MP251AAK3, STM32MP251AAL3, STM32MP251CAI3, STM32MP251CAK3, STM32MP251CAL3, STM32MP251DAI3, STM32MP251DAK3, STM32MP251DAL3, STM32MP251FAI3, STM32MP251FAK3, STM32MP251FAL3, STM32MP253AAI3, STM32MP253AAK3, STM32MP253AAL3, STM32MP253CAI3, STM32MP253CAK3, STM32MP253CAL3, STM32MP253DAI3, STM32MP253DAK3, STM32MP253DAL3, STM32MP253FAI3, STM32MP253FAK3, STM32MP253FAL3, STM32MP255AAI3, STM32MP255AAK3, STM32MP255AAL3, STM32MP255CAI3, STM32MP255CAK3, STM32MP255CAL3, STM32MP255DAI3, STM32MP255DAK3, STM32MP255DAL3, STM32MP255FAI3, STM32MP255FAK3, STM32MP255FAL3, STM32MP257AAI3, STM32MP257AAK3, STM32MP257AAL3, STM32MP257CAI3, STM32MP257CAK3, STM32MP257CAL3, STM32MP257DAI3, STM32MP257DAK3, STM32MP257DAL3, STM32MP257F-DK, STM32MP257F-EV1, STM32MP257FAI3, STM32MP257FAK3, STM32MP257FAL3, STM32N645A0H3Q, STM32N645B0H3Q, STM32N645I0H3Q, STM32N645L0H3Q, STM32N645X0H3Q, STM32N645Z0H3Q, STM32N647A0H3Q, STM32N647B0H3Q, STM32N647I0H3Q, STM32N647L0H3Q, STM32N647X0H3Q, STM32N647Z0H3Q, STM32N655A0H3Q, STM32N655B0H3Q, STM32N655I0H3Q, STM32N655L0H3Q, STM32N655X0H3Q, STM32N655Z0H3Q, STM32N6570-DK, STM32N657A0H3Q, STM32N657B0H3Q, STM32N657I0H3Q, STM32N657L0H3Q, STM32N657X0H3Q, STM32N657Z0H3Q, STM32U031C6T6, STM32U031C6U6, STM32U031C8T6, STM32U031C8U6, STM32U031F4P6, STM32U031F6P6, STM32U031F8P6, STM32U031G6Y6TR, STM32U031G8Y6TR, STM32U031K4U6, STM32U031K6U6, STM32U031K8U6, STM32U031R6I6, STM32U031R6T6, STM32U031R8I6, STM32U031R8T6, STM32U073C8T6, STM32U073C8U6, STM32U073CBT6, STM32U073CBU6, STM32U073CCT6, STM32U073CCU6, STM32U073H8Y6TR, STM32U073HBY6TR, STM32U073HCY6TR, STM32U073K8U6, STM32U073KBU6, STM32U073KCU6, STM32U073M8I6, STM32U073M8T6, STM32U073MBI6, STM32U073MBT6, STM32U073MCI6, STM32U073MCT6, STM32U073R8I6, STM32U073R8T6, STM32U073RBI6, STM32U073RBT6, STM32U073RCI6, STM32U073RCT6, STM32U083C-DK, STM32U083CCT6, STM32U083CCU6, STM32U083HCY6TR, STM32U083KCU6, STM32U083MCI6, STM32U083MCT6, STM32U083RCI6, STM32U083RCT6, STM32U375CET6, STM32U375CET6Q, STM32U375CEU6, STM32U375CEU6Q, STM32U375CEY6QTR, STM32U375CGT6, STM32U375CGT6Q, STM32U375CGU6, STM32U375CGU6Q, STM32U375CGY6QTR, STM32U375KEU6, STM32U375KGU6, STM32U375REI6, STM32U375REI6Q, STM32U375RET6, STM32U375RET6Q, STM32U375REY6GTR, STM32U375REY6QTR, STM32U375RGI6, STM32U375RGI6Q, STM32U375RGT6, STM32U375RGT6Q, STM32U375RGY6GTR, STM32U375RGY6QTR, STM32U375VEI6, STM32U375VEI6Q, STM32U375VET6, STM32U375VET6Q, STM32U375VGI6, STM32U375VGI6Q, STM32U375VGT6, STM32U375VGT6Q, STM32U385CGT6, STM32U385CGT6Q, STM32U385CGU6, STM32U385CGU6Q, STM32U385CGY6QTR, STM32U385KGU6, STM32U385RGI6, STM32U385RGI6Q, STM32U385RGT6, STM32U385RGT6Q, STM32U385RGY6GTR, STM32U385RGY6QTR, STM32U385VGI6, STM32U385VGI6Q, STM32U385VGT6, STM32U385VGT6Q, STM32U535CBT6, STM32U535CBT6Q, STM32U535CBU6, STM32U535CBU6Q, STM32U535CCT6, STM32U535CCT6Q, STM32U535CCU6, STM32U535CCU6Q, STM32U535CET6, STM32U535CET6Q, STM32U535CEU6, STM32U535CEU6Q, STM32U535JEY6QTR, STM32U535NCY6QTR, STM32U535NEY6QTR, STM32U535RBI6, STM32U535RBI6Q, STM32U535RBT6, STM32U535RBT6Q, STM32U535RCI6, STM32U535RCI6Q, STM32U535RCT6, STM32U535RCT6Q, STM32U535REI6, STM32U535REI6Q, STM32U535RET6, STM32U535RET6Q, STM32U535VCI6, STM32U535VCI6Q, STM32U535VCT6, STM32U535VCT6Q, STM32U535VEI6, STM32U535VEI6Q, STM32U535VET6, STM32U535VET6Q, STM32U545CET6, STM32U545CET6Q, STM32U545CEU6, STM32U545CEU6Q, STM32U545JEY6QTR, STM32U545NEY6QTR, STM32U545REI6, STM32U545REI6Q, STM32U545RET6, STM32U545RET6Q, STM32U545VEI6, STM32U545VEI6Q, STM32U545VET6, STM32U545VET6Q, STM32U595AIH6, STM32U595AIH6Q, STM32U595AJH6, STM32U595AJH6Q, STM32U595QII6, STM32U595QII6Q, STM32U595QJI6, STM32U595QJI6Q, STM32U595RIT6, STM32U595RIT6Q, STM32U595RJT6, STM32U595RJT6Q, STM32U595VIT6, STM32U595VIT6Q, STM32U595VJT6, STM32U595VJT6Q, STM32U595ZIT6, STM32U595ZIT6Q, STM32U595ZIY6QTR, STM32U595ZJT6, STM32U595ZJT6Q, STM32U595ZJY6QTR, STM32U599BJY6QTR, STM32U599NIH6Q, STM32U599NJH6Q, STM32U599VIT6Q, STM32U599VJT6, STM32U599VJT6Q, STM32U599ZIT6Q, STM32U599ZIY6QTR, STM32U599ZJT6Q, STM32U599ZJY6QTR, STM32U5A5AJH6, STM32U5A5AJH6Q, STM32U5A5QII3Q , STM32U5A5QJI6, STM32U5A5QJI6Q, STM32U5A5RJT6, STM32U5A5RJT6Q, STM32U5A5VJT6, STM32U5A5VJT6Q, STM32U5A5ZJT6, STM32U5A5ZJT6Q, STM32U5A5ZJY6QTR, STM32U5A9BJY6QTR, STM32U5A9J-DK, STM32U5A9NJH6Q, STM32U5A9VJT6Q, STM32U5A9ZJT6Q, STM32U5A9ZJY6QTR, STM32U5F7VIT6, STM32U5F7VIT6Q, STM32U5F7VJT6, STM32U5F7VJT6Q, STM32U5F9BJY6QTR, STM32U5F9NJH6Q, STM32U5F9VIT6Q, STM32U5F9VJT6Q, STM32U5F9ZIJ6QTR, STM32U5F9ZIT6Q, STM32U5F9ZJJ6QTR, STM32U5F9ZJT6Q, STM32U5G7VJT6, STM32U5G7VJT6Q, STM32U5G9BJY6QTR, STM32U5G9J-DK1, STM32U5G9J-DK2, STM32U5G9NJH6Q, STM32U5G9VJT6Q, STM32U5G9ZJJ6QTR, STM32U5G9ZJT6Q, STM32WB05KZV6TR, STM32WB05KZV7TR, STM32WB05TZF6TR, STM32WB05TZF7TR, STM32WB06CCF6TR, STM32WB06CCF7TR, STM32WB06CCV6TR, STM32WB06CCV7TR, STM32WB06KCV6TR, STM32WB06KCV7TR, STM32WB07CCF6TR, STM32WB07CCF7TR, STM32WB07CCV6TR, STM32WB07CCV7TR, STM32WB07KCV6TR, STM32WB07KCV7TR, STM32WB09KEV6TR, STM32WB09KEV7TR, STM32WB09TEF6TR, STM32WB09TEF7TR, STM32WB1MMCH6, STM32WBA50KGU6, STM32WBA50KGU6TR, STM32WBA52CEU6, STM32WBA52CEU6TR, STM32WBA52CEU7, STM32WBA52CEU7TR, STM32WBA52CGU6, STM32WBA52CGU6TR, STM32WBA52CGU6U, STM32WBA52CGU7, STM32WBA52CGU7TR, STM32WBA52KEU6, STM32WBA52KEU6TR, STM32WBA52KGU6, STM32WBA52KGU6TR, STM32WBA54CEU6, STM32WBA54CEU6TR, STM32WBA54CEU7, STM32WBA54CEU7TR, STM32WBA54CGU6, STM32WBA54CGU6TR, STM32WBA54CGU7, STM32WBA54CGU7TR, STM32WBA54KEU6, STM32WBA54KEU6TR, STM32WBA54KEU7, STM32WBA54KEU7TR, STM32WBA54KGU6, STM32WBA54KGU6TR, STM32WBA54KGU7, STM32WBA54KGU7TR, STM32WBA55CEU6, STM32WBA55CEU6TR, STM32WBA55CEU7, STM32WBA55CEU7TR, STM32WBA55CGU6, STM32WBA55CGU6TR, STM32WBA55CGU6U, STM32WBA55CGU7, STM32WBA55CGU7TR, STM32WBA55G-DK1, STM32WBA55HEF6, STM32WBA55HEF7, STM32WBA55HGF6, STM32WBA55HGF7, STM32WBA55UEI6, STM32WBA55UEI6TR, STM32WBA55UEI7, STM32WBA55UEI7TR, STM32WBA55UGI6, STM32WBA55UGI6TR, STM32WBA55UGI7, STM32WBA55UGI7TR, STM32WBA5MMGH6TR, STM32WBA62MGF6, STM32WBA62MIF6, STM32WBA65MGF7, STM32WBA65MIF6, STM32WBA65MIF7, STM32WL30K8V6, STM32WL30KBV6, STM32WL31C8V6, STM32WL31CBV6, STM32WL31K8V6, STM32WL31KBV6, STM32WL33C8V6, STM32WL33C8V6X, STM32WL33CBV6, STM32WL33CBV6X, STM32WL33CCV6, STM32WL33CCV6A, STM32WL33CCV6X, STM32WL33K8V7, STM32WL33K8V7X, STM32WL33KBV7 , STM32WL33KBV7X, STM32WL33KCV7, STM32WL33KCV7X, STM32WL5MOCH6, STM32WL5MOCH6TR]
2025-11-20 23:35:40,688 [INFO] BoardInfo:889 - No configuration file found for board P-NUCLEO-WB55
2025-11-20 23:35:40,688 [INFO] DbBoards:161 - Kit is not supported: P-NUCLEO-WB55
2025-11-20 23:35:40,690 [INFO] BoardInfo:889 - No configuration file found for board STEVAL-BFA001V1B
2025-11-20 23:35:40,690 [INFO] DbBoards:161 - Kit is not supported: STEVAL-BFA001V1B
2025-11-20 23:35:40,691 [INFO] BoardInfo:889 - No configuration file found for board STEVAL-BFA001V2B
2025-11-20 23:35:40,691 [INFO] DbBoards:161 - Kit is not supported: STEVAL-BFA001V2B
2025-11-20 23:35:40,754 [INFO] DbBoards:168 - Found 212 boards, 209 are supported
2025-11-20 23:35:40,754 [INFO] DbBoards:169 - Found 212 boards, 43 of them is supported for  Bsp
2025-11-20 23:35:40,756 [INFO] ApiDb:668 - CubeFinder database Data Model version=2.1
2025-11-20 23:35:40,756 [INFO] ApiDb:669 - CubeFinder database Configuration version=3.0.39
2025-11-20 23:35:40,756 [INFO] ApiDb:670 - CubeFinder database generation date=2025-10-27 (1761571959)
2025-11-20 23:35:40,756 [INFO] ApiDb:671 - CubeFinder database FW Pack versions=[FP-ATR-ASTRA1_V2.0.0, FP-SNS-FLIGHT1_V5.1.0, FP-SNS-MOTENV1_V5.0.0, FP-SNS-MOTENVWB1_V1.4.0, FP-SNS-SMARTAG2_V1.2.0, FP-SNS-STBOX1_V2.1.0, STM32Cube_FW_C0_V1.4.0, STM32Cube_FW_F4_V1.28.3, STM32Cube_FW_F7_V1.17.4, STM32Cube_FW_G0_V1.6.2, STM32Cube_FW_G4_V1.6.1, STM32Cube_FW_H5_V1.5.0, STM32Cube_FW_H7RS_V1.2.0, STM32Cube_FW_H7_V1.12.1, STM32Cube_FW_L0_V1.12.2, STM32Cube_FW_L4_V1.18.1, STM32Cube_FW_L5_V1.5.1, STM32Cube_FW_N6_V1.2.0, STM32Cube_FW_U0_V1.3.0, STM32Cube_FW_U3_V1.2.1, STM32Cube_FW_U5_V1.8.0, STM32Cube_FW_WB0_V1.3.0, STM32Cube_FW_WBA_V1.7.0, STM32Cube_FW_WB_V1.23.0, STM32Cube_FW_WL3_V1.2.0, STM32Cube_FW_WL_V1.3.1, X-CUBE-ALGOBUILD_V1.4.0, X-CUBE-ALS_V1.0.2, X-CUBE-AZRTOS-F4_V1.1.0, X-CUBE-AZRTOS-F7_V1.1.0, X-CUBE-AZRTOS-G0_V1.1.0, X-CUBE-AZRTOS-G4_V2.0.0, X-CUBE-AZRTOS-H7RS_V1.1.0, X-CUBE-AZRTOS-H7_V3.4.0, X-CUBE-AZRTOS-L4_V2.0.0, X-CUBE-AZRTOS-L5_V2.0.0, X-CUBE-AZRTOS-WB_V2.0.0, X-CUBE-AZRTOS-WL_V2.0.0, X-CUBE-BLE1_V7.1.0, X-CUBE-BLE2_V3.3.0, X-CUBE-BLEMGR_V4.1.0, X-CUBE-EEPRMA1_V5.2.0, X-CUBE-FREERTOS_V1.3.1, X-CUBE-GNSS1_V6.0.0, X-CUBE-MEMS1_V11.3.0, X-CUBE-NFC4_V3.0.0, X-CUBE-NFC7_V2.0.0, X-CUBE-SFXS2LP1_V4.0.0, X-CUBE-ST67W61_V1.1.0, X-CUBE-SUBG2_V5.0.0, X-CUBE-TOF1_V3.4.3]
2025-11-20 23:35:42,211 [INFO] ApiDb:240 - Found 880 in-development CPN: [B-G473E-ZEST1S, B-WB1M-WPAN1, B-WBA5M-WPAN, B-WL5M-SUBG1, NUCLEO-C031C6, NUCLEO-C051C8, NUCLEO-C071RB, NUCLEO-C092RC, NUCLEO-H503RB, NUCLEO-H533RE, NUCLEO-H563ZI, NUCLEO-H7S3L8, NUCLEO-N657X0-Q, NUCLEO-U031R8, NUCLEO-U083RC, NUCLEO-U385RG-Q, NUCLEO-U545RE-Q, NUCLEO-U5A5ZJ-Q, NUCLEO-WB05KZ, NUCLEO-WB07CC, NUCLEO-WB09KE, NUCLEO-WBA52CG, NUCLEO-WBA55CG, NUCLEO-WL33CC1, NUCLEO-WL33CC2, STEVAL-PROTEUS1, STEVAL-SMARTAG2, STEVAL-STWINBX1, STM320518-EVAL, STM32C0116-DK, STM32C011D6Y3TR, STM32C011D6Y6TR, STM32C011F4P3, STM32C011F4P6, STM32C011F4U3, STM32C011F4U6TR, STM32C011F6P3, STM32C011F6P6, STM32C011F6U3, STM32C011F6U6TR, STM32C011J4M3, STM32C011J4M6, STM32C011J6M3, STM32C011J6M6, STM32C0316-DK, STM32C031C4T3, STM32C031C4T6, STM32C031C4U3, STM32C031C4U6, STM32C031C6T3, STM32C031C6T6, STM32C031C6U3, STM32C031C6U6, STM32C031F4P3, STM32C031F4P6, STM32C031F6P3, STM32C031F6P6, STM32C031G4U3, STM32C031G4U6, STM32C031G6U3, STM32C031G6U6, STM32C031K4T3, STM32C031K4T6, STM32C031K4U3, STM32C031K4U6, STM32C031K6T3, STM32C031K6T6, STM32C031K6U3, STM32C031K6U6, STM32C051C6T6, STM32C051C6U6, STM32C051C8T6, STM32C051C8U6, STM32C051D8Y6TR, STM32C051F6P6, STM32C051F8P6, STM32C051G6U6, STM32C051G8U6, STM32C051K6T6, STM32C051K6U6, STM32C051K8T6, STM32C071C8T6, STM32C071C8T6N, STM32C071C8U6, STM32C071C8U6N, STM32C071CBT6, STM32C071CBT6N, STM32C071CBU6, STM32C071CBU6N, STM32C071F8P6, STM32C071F8P6N, STM32C071FBP6, STM32C071FBP6N, STM32C071FBY6TR, STM32C071G8U6, STM32C071G8U6N, STM32C071GBU6, STM32C071GBU6N, STM32C071K8T6, STM32C071K8T6N, STM32C071K8U6, STM32C071K8U6N, STM32C071KBT6, STM32C071KBT6N, STM32C071KBU6, STM32C071KBU6N, STM32C071R8T6, STM32C071R8T6N, STM32C071RBI6N, STM32C071RBT6, STM32C071RBT6N, STM32C091CBT6, STM32C091CBU6, STM32C091CCT6, STM32C091CCU6, STM32C091ECY6TR, STM32C091FBP6, STM32C091FCP6, STM32C091GBU6, STM32C091GCU6, STM32C091KBT6, STM32C091KBU6, STM32C091KCT6, STM32C091KCU6, STM32C091RBT6, STM32C091RCI6, STM32C091RCT6, STM32C092CBT6, STM32C092CBU6, STM32C092CCT6, STM32C092CCU6, STM32C092ECY6TR, STM32C092FBP6, STM32C092FCP6, STM32C092GBU6, STM32C092GCU6, STM32C092KBT6, STM32C092KBU6, STM32C092KCT6, STM32C092KCU6, STM32C092RBT6, STM32C092RCI6, STM32C092RCT6, STM32G071K8TXN, STM32G071K8UXN, STM32G081GBU6N, STM32G081KBT6N, STM32G081KBUXN, STM32G0B1CCT6N, STM32G0B1KCT6, STM32G0B1NEY6TR, STM32G0B1RCT6N, STM32G0C1CCT6, STM32G0C1CCT6N, STM32G0C1CCU6N, STM32G0C1CET6N, STM32G0C1CEU6N, STM32G0C1KCT6, STM32G0C1NEY6TR, STM32G0C1RCI6N, STM32G0C1RCT6N, STM32G0C1REI6N, STM32G0C1RET6N, STM32G0C1VCI6, STM32G0C1VEI6, STM32G411C6T3, STM32G411C6T6, STM32G411C6U3, STM32G411C6U6, STM32G411C8T3, STM32G411C8T6, STM32G411C8U3, STM32G411C8U6, STM32G411CBT3, STM32G411CBT6, STM32G411CBU3, STM32G411CBU6, STM32G411K6T3, STM32G411K6T6, STM32G411K6U3, STM32G411K6U6, STM32G411K8T3, STM32G411K8T6, STM32G411K8U3, STM32G411K8U6, STM32G411KBT3, STM32G411KBT6, STM32G411KBU3, STM32G411KBU6, STM32G411M6T3, STM32G411M6T6, STM32G411M8T3, STM32G411M8T6, STM32G411MBT3, STM32G411MBT6, STM32G411R6T3, STM32G411R6T6, STM32G411R8T3, STM32G411R8T6, STM32G411RBT3, STM32G411RBT6, STM32G414CBT3, STM32G414CBT6, STM32G414CBU3, STM32G414CBU6, STM32G414CCT3, STM32G414CCT6, STM32G414CCU3, STM32G414CCU6, STM32G414MBT3, STM32G414MBT6, STM32G414MCT3, STM32G414MCT6, STM32G414RBT3, STM32G414RBT6, STM32G414RCT3, STM32G414RCT6, STM32G414VBT3, STM32G414VBT6, STM32G414VCT3, STM32G414VCT6, STM32G431CBT3Z, STM32G431RBT3Z, STM32G471CCT6, STM32G471CCU6, STM32G471CET3, STM32G471CET6, STM32G471CEU3, STM32G471CEU6, STM32G471MCT6, STM32G471MET3, STM32G471MET6, STM32G471MEY6TR, STM32G471QCT6, STM32G471QET3, STM32G471RCT6, STM32G471RET3, STM32G471RET6, STM32G471VCH6, STM32G471VCI6, STM32G471VCT6, STM32G471VEH3, STM32G471VEH6, STM32G471VEI3, STM32G471VEI6, STM32G471VET3, STM32G471VET6, STM32G473QET3Z, STM32G473RET3Z, STM32G474CCT6, STM32G491RET3Z, STM32H503CBT6, STM32H503CBU6, STM32H503EBY6TR, STM32H503KBU6, STM32H503RBT6, STM32H523CCT6, STM32H523CCU6, STM32H523CET6, STM32H523CEU6, STM32H523HEY6TR, STM32H523RCT6, STM32H523RET6, STM32H523VCI6, STM32H523VCT6, STM32H523VEI6, STM32H523VET6, STM32H523ZCJ6, STM32H523ZCT6, STM32H523ZEJ6, STM32H523ZET6, STM32H533CET6, STM32H533CEU6, STM32H533HEY6TR, STM32H533RET6, STM32H533VEI6, STM32H533VET6, STM32H533ZEJ6, STM32H533ZET6, STM32H562AGI6, STM32H562AII6, STM32H562IGK6, STM32H562IGT6, STM32H562IIK6, STM32H562IIT6, STM32H562RGT6, STM32H562RGV6, STM32H562RIT6, STM32H562RIV6, STM32H562VGT6, STM32H562VIT6, STM32H562ZGT6, STM32H562ZIT6, STM32H563AGI6, STM32H563AII3Q, STM32H563AII6, STM32H563IGK6, STM32H563IGT6, STM32H563IIK3Q, STM32H563IIK6, STM32H563IIT3Q, STM32H563IIT6, STM32H563MIY3QTR, STM32H563RGT6, STM32H563RGV6, STM32H563RIT6, STM32H563RIV6, STM32H563VGT6, STM32H563VIT3Q, STM32H563VIT6, STM32H563ZGT6, STM32H563ZIT3Q, STM32H563ZIT6, STM32H573AII3Q, STM32H573AII6, STM32H573I-DK, STM32H573IIK3Q, STM32H573IIK6, STM32H573IIT3Q, STM32H573IIT6, STM32H573MIY3QTR, STM32H573RIT6, STM32H573RIV6, STM32H573VIT3Q, STM32H573VIT6, STM32H573ZIT3Q, STM32H573ZIT6, STM32H7R3A8I6, STM32H7R3I8K6, STM32H7R3I8T6, STM32H7R3L8H6, STM32H7R3L8H6H, STM32H7R3R8V6, STM32H7R3V8H6, STM32H7R3V8T6, STM32H7R3V8Y6TR, STM32H7R3Z8J6, STM32H7R3Z8T6, STM32H7R7A8I6, STM32H7R7I8K6, STM32H7R7I8T6, STM32H7R7L8H6, STM32H7R7L8H6H, STM32H7R7Z8J6, STM32H7S3A8I6, STM32H7S3I8K6, STM32H7S3I8T6, STM32H7S3L8H6, STM32H7S3L8H6H, STM32H7S3R8V6, STM32H7S3V8H6, STM32H7S3V8T6, STM32H7S3V8Y6TR, STM32H7S3Z8J6, STM32H7S3Z8T6, STM32H7S78-DK, STM32H7S7A8I6, STM32H7S7I8K6, STM32H7S7I8T6, STM32H7S7L8H6, STM32H7S7L8H6H, STM32H7S7Z8J6, STM32L4R5QGI6STR, STM32MP131AAE3, STM32MP131AAF3, STM32MP131AAG3, STM32MP131CAE3, STM32MP131CAF3, STM32MP131CAG3, STM32MP131DAE7, STM32MP131DAF7, STM32MP131DAG7, STM32MP131FAE7, STM32MP131FAF7, STM32MP131FAG7, STM32MP133AAE3, STM32MP133AAF3, STM32MP133AAG3, STM32MP133CAE3, STM32MP133CAF3, STM32MP133CAG3, STM32MP133DAE7, STM32MP133DAF7, STM32MP133DAG7, STM32MP133FAE7, STM32MP133FAF7, STM32MP133FAG7, STM32MP135AAE3, STM32MP135AAF3, STM32MP135AAG3, STM32MP135CAE3, STM32MP135CAF3, STM32MP135CAG3, STM32MP135DAE7, STM32MP135DAF7, STM32MP135DAG7, STM32MP135F-DK, STM32MP135FAE7, STM32MP135FAF7, STM32MP135FAF7T, STM32MP135FAF7U, STM32MP135FAG7, STM32MP211AAL3, STM32MP211AAM3, STM32MP211AAN3, STM32MP211AAO3, STM32MP211CAL3, STM32MP211CAM3, STM32MP211CAN3, STM32MP211CAO3, STM32MP211DAL3, STM32MP211DAM3, STM32MP211DAN3, STM32MP211DAO3, STM32MP211FAL3, STM32MP211FAM3, STM32MP211FAN3, STM32MP211FAO3, STM32MP213AAL3, STM32MP213AAM3, STM32MP213AAN3, STM32MP213AAO3, STM32MP213CAL3, STM32MP213CAM3, STM32MP213CAN3, STM32MP213CAO3, STM32MP213DAL3, STM32MP213DAM3, STM32MP213DAN3, STM32MP213DAO3, STM32MP213FAL3, STM32MP213FAM3, STM32MP213FAN3, STM32MP213FAO3, STM32MP215AAL3, STM32MP215AAM3, STM32MP215AAN3, STM32MP215AAO3, STM32MP215CAL3, STM32MP215CAM3, STM32MP215CAN3, STM32MP215CAO3, STM32MP215DAL3, STM32MP215DAM3, STM32MP215DAN3, STM32MP215DAO3, STM32MP215F-DK, STM32MP215FAL3, STM32MP215FAM3, STM32MP215FAN3, STM32MP215FAO3, STM32MP231AAJ3, STM32MP231AAK3, STM32MP231AAL3, STM32MP231CAJ3, STM32MP231CAK3, STM32MP231CAL3, STM32MP231DAJ3, STM32MP231DAK3, STM32MP231DAL3, STM32MP231FAJ3, STM32MP231FAK3, STM32MP231FAL3, STM32MP233AAJ3, STM32MP233AAK3, STM32MP233AAL3, STM32MP233CAJ3, STM32MP233CAK3, STM32MP233CAL3, STM32MP233DAJ3, STM32MP233DAK3, STM32MP233DAL3, STM32MP233FAJ3, STM32MP233FAK3, STM32MP233FAL3, STM32MP235AAJ3, STM32MP235AAK3, STM32MP235AAL3, STM32MP235CAJ3, STM32MP235CAK3, STM32MP235CAL3, STM32MP235DAJ3, STM32MP235DAK3, STM32MP235DAL3, STM32MP235FAJ3, STM32MP235FAK3, STM32MP235FAL3, STM32MP251AAI3, STM32MP251AAK3, STM32MP251AAL3, STM32MP251CAI3, STM32MP251CAK3, STM32MP251CAL3, STM32MP251DAI3, STM32MP251DAK3, STM32MP251DAL3, STM32MP251FAI3, STM32MP251FAK3, STM32MP251FAL3, STM32MP253AAI3, STM32MP253AAK3, STM32MP253AAL3, STM32MP253CAI3, STM32MP253CAK3, STM32MP253CAL3, STM32MP253DAI3, STM32MP253DAK3, STM32MP253DAL3, STM32MP253FAI3, STM32MP253FAK3, STM32MP253FAL3, STM32MP255AAI3, STM32MP255AAK3, STM32MP255AAL3, STM32MP255CAI3, STM32MP255CAK3, STM32MP255CAL3, STM32MP255DAI3, STM32MP255DAK3, STM32MP255DAL3, STM32MP255FAI3, STM32MP255FAK3, STM32MP255FAL3, STM32MP257AAI3, STM32MP257AAK3, STM32MP257AAL3, STM32MP257CAI3, STM32MP257CAK3, STM32MP257CAL3, STM32MP257DAI3, STM32MP257DAK3, STM32MP257DAL3, STM32MP257F-DK, STM32MP257F-EV1, STM32MP257FAI3, STM32MP257FAK3, STM32MP257FAL3, STM32N645A0H3Q, STM32N645B0H3Q, STM32N645I0H3Q, STM32N645L0H3Q, STM32N645X0H3Q, STM32N645Z0H3Q, STM32N647A0H3Q, STM32N647B0H3Q, STM32N647I0H3Q, STM32N647L0H3Q, STM32N647X0H3Q, STM32N647Z0H3Q, STM32N655A0H3Q, STM32N655B0H3Q, STM32N655I0H3Q, STM32N655L0H3Q, STM32N655X0H3Q, STM32N655Z0H3Q, STM32N6570-DK, STM32N657A0H3Q, STM32N657B0H3Q, STM32N657I0H3Q, STM32N657L0H3Q, STM32N657X0H3Q, STM32N657Z0H3Q, STM32U031C6T6, STM32U031C6U6, STM32U031C8T6, STM32U031C8U6, STM32U031F4P6, STM32U031F6P6, STM32U031F8P6, STM32U031G6Y6TR, STM32U031G8Y6TR, STM32U031K4U6, STM32U031K6U6, STM32U031K8U6, STM32U031R6I6, STM32U031R6T6, STM32U031R8I6, STM32U031R8T6, STM32U073C8T6, STM32U073C8U6, STM32U073CBT6, STM32U073CBU6, STM32U073CCT6, STM32U073CCU6, STM32U073H8Y6TR, STM32U073HBY6TR, STM32U073HCY6TR, STM32U073K8U6, STM32U073KBU6, STM32U073KCU6, STM32U073M8I6, STM32U073M8T6, STM32U073MBI6, STM32U073MBT6, STM32U073MCI6, STM32U073MCT6, STM32U073R8I6, STM32U073R8T6, STM32U073RBI6, STM32U073RBT6, STM32U073RCI6, STM32U073RCT6, STM32U083C-DK, STM32U083CCT6, STM32U083CCU6, STM32U083HCY6TR, STM32U083KCU6, STM32U083MCI6, STM32U083MCT6, STM32U083RCI6, STM32U083RCT6, STM32U375CET6, STM32U375CET6Q, STM32U375CEU6, STM32U375CEU6Q, STM32U375CEY6QTR, STM32U375CGT6, STM32U375CGT6Q, STM32U375CGU6, STM32U375CGU6Q, STM32U375CGY6QTR, STM32U375KEU6, STM32U375KGU6, STM32U375REI6, STM32U375REI6Q, STM32U375RET6, STM32U375RET6Q, STM32U375REY6GTR, STM32U375REY6QTR, STM32U375RGI6, STM32U375RGI6Q, STM32U375RGT6, STM32U375RGT6Q, STM32U375RGY6GTR, STM32U375RGY6QTR, STM32U375VEI6, STM32U375VEI6Q, STM32U375VET6, STM32U375VET6Q, STM32U375VGI6, STM32U375VGI6Q, STM32U375VGT6, STM32U375VGT6Q, STM32U385CGT6, STM32U385CGT6Q, STM32U385CGU6, STM32U385CGU6Q, STM32U385CGY6QTR, STM32U385KGU6, STM32U385RGI6, STM32U385RGI6Q, STM32U385RGT6, STM32U385RGT6Q, STM32U385RGY6GTR, STM32U385RGY6QTR, STM32U385VGI6, STM32U385VGI6Q, STM32U385VGT6, STM32U385VGT6Q, STM32U535CBT6, STM32U535CBT6Q, STM32U535CBU6, STM32U535CBU6Q, STM32U535CCT6, STM32U535CCT6Q, STM32U535CCU6, STM32U535CCU6Q, STM32U535CET6, STM32U535CET6Q, STM32U535CEU6, STM32U535CEU6Q, STM32U535JEY6QTR, STM32U535NCY6QTR, STM32U535NEY6QTR, STM32U535RBI6, STM32U535RBI6Q, STM32U535RBT6, STM32U535RBT6Q, STM32U535RCI6, STM32U535RCI6Q, STM32U535RCT6, STM32U535RCT6Q, STM32U535REI6, STM32U535REI6Q, STM32U535RET6, STM32U535RET6Q, STM32U535VCI6, STM32U535VCI6Q, STM32U535VCT6, STM32U535VCT6Q, STM32U535VEI6, STM32U535VEI6Q, STM32U535VET6, STM32U535VET6Q, STM32U545CET6, STM32U545CET6Q, STM32U545CEU6, STM32U545CEU6Q, STM32U545JEY6QTR, STM32U545NEY6QTR, STM32U545REI6, STM32U545REI6Q, STM32U545RET6, STM32U545RET6Q, STM32U545VEI6, STM32U545VEI6Q, STM32U545VET6, STM32U545VET6Q, STM32U595AIH6, STM32U595AIH6Q, STM32U595AJH6, STM32U595AJH6Q, STM32U595QII6, STM32U595QII6Q, STM32U595QJI6, STM32U595QJI6Q, STM32U595RIT6, STM32U595RIT6Q, STM32U595RJT6, STM32U595RJT6Q, STM32U595VIT6, STM32U595VIT6Q, STM32U595VJT6, STM32U595VJT6Q, STM32U595ZIT6, STM32U595ZIT6Q, STM32U595ZIY6QTR, STM32U595ZJT6, STM32U595ZJT6Q, STM32U595ZJY6QTR, STM32U599BJY6QTR, STM32U599NIH6Q, STM32U599NJH6Q, STM32U599VIT6Q, STM32U599VJT6, STM32U599VJT6Q, STM32U599ZIT6Q, STM32U599ZIY6QTR, STM32U599ZJT6Q, STM32U599ZJY6QTR, STM32U5A5AJH6, STM32U5A5AJH6Q, STM32U5A5QII3Q , STM32U5A5QJI6, STM32U5A5QJI6Q, STM32U5A5RJT6, STM32U5A5RJT6Q, STM32U5A5VJT6, STM32U5A5VJT6Q, STM32U5A5ZJT6, STM32U5A5ZJT6Q, STM32U5A5ZJY6QTR, STM32U5A9BJY6QTR, STM32U5A9J-DK, STM32U5A9NJH6Q, STM32U5A9VJT6Q, STM32U5A9ZJT6Q, STM32U5A9ZJY6QTR, STM32U5F7VIT6, STM32U5F7VIT6Q, STM32U5F7VJT6, STM32U5F7VJT6Q, STM32U5F9BJY6QTR, STM32U5F9NJH6Q, STM32U5F9VIT6Q, STM32U5F9VJT6Q, STM32U5F9ZIJ6QTR, STM32U5F9ZIT6Q, STM32U5F9ZJJ6QTR, STM32U5F9ZJT6Q, STM32U5G7VJT6, STM32U5G7VJT6Q, STM32U5G9BJY6QTR, STM32U5G9J-DK1, STM32U5G9J-DK2, STM32U5G9NJH6Q, STM32U5G9VJT6Q, STM32U5G9ZJJ6QTR, STM32U5G9ZJT6Q, STM32WB05KZV6TR, STM32WB05KZV7TR, STM32WB05TZF6TR, STM32WB05TZF7TR, STM32WB06CCF6TR, STM32WB06CCF7TR, STM32WB06CCV6TR, STM32WB06CCV7TR, STM32WB06KCV6TR, STM32WB06KCV7TR, STM32WB07CCF6TR, STM32WB07CCF7TR, STM32WB07CCV6TR, STM32WB07CCV7TR, STM32WB07KCV6TR, STM32WB07KCV7TR, STM32WB09KEV6TR, STM32WB09KEV7TR, STM32WB09TEF6TR, STM32WB09TEF7TR, STM32WB1MMCH6, STM32WBA50KGU6, STM32WBA50KGU6TR, STM32WBA52CEU6, STM32WBA52CEU6TR, STM32WBA52CEU7, STM32WBA52CEU7TR, STM32WBA52CGU6, STM32WBA52CGU6TR, STM32WBA52CGU6U, STM32WBA52CGU7, STM32WBA52CGU7TR, STM32WBA52KEU6, STM32WBA52KEU6TR, STM32WBA52KGU6, STM32WBA52KGU6TR, STM32WBA54CEU6, STM32WBA54CEU6TR, STM32WBA54CEU7, STM32WBA54CEU7TR, STM32WBA54CGU6, STM32WBA54CGU6TR, STM32WBA54CGU7, STM32WBA54CGU7TR, STM32WBA54KEU6, STM32WBA54KEU6TR, STM32WBA54KEU7, STM32WBA54KEU7TR, STM32WBA54KGU6, STM32WBA54KGU6TR, STM32WBA54KGU7, STM32WBA54KGU7TR, STM32WBA55CEU6, STM32WBA55CEU6TR, STM32WBA55CEU7, STM32WBA55CEU7TR, STM32WBA55CGU6, STM32WBA55CGU6TR, STM32WBA55CGU6U, STM32WBA55CGU7, STM32WBA55CGU7TR, STM32WBA55G-DK1, STM32WBA55HEF6, STM32WBA55HEF7, STM32WBA55HGF6, STM32WBA55HGF7, STM32WBA55UEI6, STM32WBA55UEI6TR, STM32WBA55UEI7, STM32WBA55UEI7TR, STM32WBA55UGI6, STM32WBA55UGI6TR, STM32WBA55UGI7, STM32WBA55UGI7TR, STM32WBA5MMGH6TR, STM32WBA62MGF6, STM32WBA62MIF6, STM32WBA65MGF7, STM32WBA65MIF6, STM32WBA65MIF7, STM32WL30K8V6, STM32WL30KBV6, STM32WL31C8V6, STM32WL31CBV6, STM32WL31K8V6, STM32WL31KBV6, STM32WL33C8V6, STM32WL33C8V6X, STM32WL33CBV6, STM32WL33CBV6X, STM32WL33CCV6, STM32WL33CCV6A, STM32WL33CCV6X, STM32WL33K8V7, STM32WL33K8V7X, STM32WL33KBV7 , STM32WL33KBV7X, STM32WL33KCV7, STM32WL33KCV7X, STM32WL5MOCH6, STM32WL5MOCH6TR]
2025-11-20 23:35:42,214 [INFO] DbMcus:218 - Found 4801 MCUs, 4801 are supported
2025-11-20 23:35:42,214 [INFO] ApiDb:423 - Load user favorites file /home/natthanicha/.stm32cubeide/favorites.mcus.txt: 0 item(s)
2025-11-20 23:35:42,214 [INFO] ApiDb:427 - User favorites MCUs=[]
2025-11-20 23:35:42,214 [INFO] DbMcus:224 - Set 0 / 0 favorites MCUs
2025-11-20 23:35:42,442 [INFO] ApiDb:423 - Load user favorites file /home/natthanicha/.stm32cubeide/favorites.boards.txt: 0 item(s)
2025-11-20 23:35:42,442 [INFO] ApiDb:427 - User favorites Boards=[]
2025-11-20 23:35:42,442 [INFO] DbBoards:198 - Set 0 / 0 favorites Boards
2025-11-20 23:35:42,497 [INFO] UtilMem:75 - End LoadConfig() Used Memory: 519866744 Bytes (695205888)
2025-11-20 23:35:42,704 [WARN] ThirdParty:833 - waiting for thirdparty lock release [change project]
2025-11-20 23:35:42,704 [INFO] ThirdParty:835 - entering critical section [change project]
2025-11-20 23:35:42,704 [INFO] ThirdParty:1030 - CMSIS Pack Vendor :STMicroelectronics X-CUBE-PM33A1 1.0.0
2025-11-20 23:35:42,704 [INFO] ThirdParty:1030 - CMSIS Pack Vendor :STMicroelectronics USBPD 4.1
2025-11-20 23:35:42,704 [INFO] ThirdParty:1030 - CMSIS Pack Vendor :STMicroelectronics X-CUBE-NFC9 1.0.0
2025-11-20 23:35:42,704 [INFO] ThirdParty:1030 - CMSIS Pack Vendor :STMicroelectronics USB_HOST 2.0.0
2025-11-20 23:35:42,704 [INFO] ThirdParty:1030 - CMSIS Pack Vendor :STMicroelectronics FP-SNS-MOTENVWB1 1.4.0
2025-11-20 23:35:42,704 [INFO] ThirdParty:1030 - CMSIS Pack Vendor :STMicroelectronics X-CUBE-AZRTOS-F4 1.1.0
2025-11-20 23:35:42,704 [INFO] ThirdParty:1030 - CMSIS Pack Vendor :STMicroelectronics LIBJPEG 8.0.0
2025-11-20 23:35:42,704 [INFO] ThirdParty:1030 - CMSIS Pack Vendor :STMicroelectronics FP-ATR-ASTRA1 2.0.2
2025-11-20 23:35:42,704 [INFO] ThirdParty:1030 - CMSIS Pack Vendor :wolfSSL I-CUBE-wolfSSL 5.8.2
2025-11-20 23:35:42,704 [INFO] ThirdParty:1030 - CMSIS Pack Vendor :STMicroelectronics X-CUBE-BLE1 7.1.0
2025-11-20 23:35:42,704 [INFO] ThirdParty:1030 - CMSIS Pack Vendor :STMicroelectronics X-CUBE-SMBUS 2.1.0
2025-11-20 23:35:42,704 [INFO] ThirdParty:1030 - CMSIS Pack Vendor :wolfSSL I-CUBE-wolfMQTT 1.19.2
2025-11-20 23:35:42,704 [INFO] ThirdParty:1030 - CMSIS Pack Vendor :STMicroelectronics USB_DEVICE 3.0.0
2025-11-20 23:35:42,705 [INFO] ThirdParty:1030 - CMSIS Pack Vendor :STMicroelectronics X-CUBE-ISPU 2.1.0
2025-11-20 23:35:42,705 [INFO] ThirdParty:1030 - CMSIS Pack Vendor :STMicroelectronics X-CUBE-EEPRMA1 5.2.0
2025-11-20 23:35:42,705 [INFO] ThirdParty:1030 - CMSIS Pack Vendor :STMicroelectronics X-CUBE-IPS 3.2.0
2025-11-20 23:35:42,705 [INFO] ThirdParty:1030 - CMSIS Pack Vendor :STMicroelectronics X-CUBE-BLEMGR 4.1.0
2025-11-20 23:35:42,705 [INFO] ThirdParty:1030 - CMSIS Pack Vendor :STMicroelectronics X-CUBE-AZRTOS-WB 2.0.0
2025-11-20 23:35:42,705 [INFO] ThirdParty:1030 - CMSIS Pack Vendor :STMicroelectronics X-CUBE-ST60 1.0.0
2025-11-20 23:35:42,705 [INFO] ThirdParty:1030 - CMSIS Pack Vendor :STMicroelectronics X-CUBE-GNSS1 7.0.1
2025-11-20 23:35:42,706 [INFO] ThirdParty:1030 - CMSIS Pack Vendor :STMicroelectronics X-CUBE-NFC12 1.0.0
2025-11-20 23:35:42,706 [INFO] ThirdParty:1030 - CMSIS Pack Vendor :STMicroelectronics X-CUBE-AZRTOS-F7 1.1.0
2025-11-20 23:35:42,706 [INFO] ThirdParty:1030 - CMSIS Pack Vendor :STMicroelectronics X-CUBE-AZRTOS-L5 2.0.0
2025-11-20 23:35:42,706 [INFO] ThirdParty:1030 - CMSIS Pack Vendor :STMicroelectronics USB_DEVICE 2.0.0
2025-11-20 23:35:42,706 [INFO] ThirdParty:1030 - CMSIS Pack Vendor :STMicroelectronics X-CUBE-NFC6 3.1.0
2025-11-20 23:35:42,706 [INFO] ThirdParty:1030 - CMSIS Pack Vendor :STMicroelectronics X-CUBE-ST67W61 1.1.0
2025-11-20 23:35:42,706 [INFO] ThirdParty:1030 - CMSIS Pack Vendor :Cesanta I-CUBE-Mongoose 7.19.0
2025-11-20 23:35:42,706 [INFO] ThirdParty:1030 - CMSIS Pack Vendor :quantropi X-CUBE-qispace-sdk-base 2.1.0
2025-11-20 23:35:42,706 [INFO] ThirdParty:1030 - CMSIS Pack Vendor :STMicroelectronics FP-SNS-MOTENV1 5.1.0
2025-11-20 23:35:42,706 [INFO] ThirdParty:1030 - CMSIS Pack Vendor :STMicroelectronics FreeRTOS 0.0.1
2025-11-20 23:35:42,706 [INFO] ThirdParty:1030 - CMSIS Pack Vendor :STMicroelectronics X-CUBE-AZRTOS-G0 1.1.0
2025-11-20 23:35:42,706 [INFO] ThirdParty:1030 - CMSIS Pack Vendor :STMicroelectronics X-CUBE-SAFEA1 1.2.2
2025-11-20 23:35:42,706 [INFO] ThirdParty:1030 - CMSIS Pack Vendor :STMicroelectronics X-CUBE-NFC4 3.0.0
2025-11-20 23:35:42,706 [INFO] ThirdParty:1030 - CMSIS Pack Vendor :STMicroelectronics X-CUBE-SUBG2 5.0.0
2025-11-20 23:35:42,706 [INFO] ThirdParty:1030 - CMSIS Pack Vendor :STMicroelectronics X-CUBE-AZRTOS-H7RS 1.1.0
2025-11-20 23:35:42,706 [INFO] ThirdParty:1030 - CMSIS Pack Vendor :STMicroelectronics STM32_WPAN 1.0.0
2025-11-20 23:35:42,706 [INFO] ThirdParty:1030 - CMSIS Pack Vendor :EmbeddedOffice I-CUBE-FS-RTOS 1.0.1
2025-11-20 23:35:42,706 [INFO] ThirdParty:1030 - CMSIS Pack Vendor :STMicroelectronics lwIP 2.0.3
2025-11-20 23:35:42,706 [INFO] ThirdParty:1030 - CMSIS Pack Vendor :WES I-CUBE-Cesium 1.4.0
2025-11-20 23:35:42,706 [INFO] ThirdParty:1030 - CMSIS Pack Vendor :STMicroelectronics USB_HOST 1.0.0
2025-11-20 23:35:42,706 [INFO] ThirdParty:1030 - CMSIS Pack Vendor :Infineon AIROC-Wi-Fi-Bluetooth-STM32 1.7.1
2025-11-20 23:35:42,706 [INFO] ThirdParty:1030 - CMSIS Pack Vendor :STMicroelectronics X-CUBE-AZRTOS-G4 2.0.0
2025-11-20 23:35:42,706 [INFO] ThirdParty:1030 - CMSIS Pack Vendor :STMicroelectronics X-CUBE-WB05N 2.0.0
2025-11-20 23:35:42,706 [INFO] ThirdParty:1030 - CMSIS Pack Vendor :STMicroelectronics PDM2PCM 3.1.0
2025-11-20 23:35:42,706 [INFO] ThirdParty:1030 - CMSIS Pack Vendor :STMicroelectronics PDM2PCM 3.3.0
2025-11-20 23:35:42,706 [INFO] ThirdParty:1030 - CMSIS Pack Vendor :wolfSSL I-CUBE-wolfTPM 3.8.0
2025-11-20 23:35:42,706 [INFO] ThirdParty:1030 - CMSIS Pack Vendor :STMicroelectronics X-CUBE-AZRTOS-H7 3.4.0
2025-11-20 23:35:42,706 [INFO] ThirdParty:1030 - CMSIS Pack Vendor :STMicroelectronics X-CUBE-DISPLAY 3.0.0
2025-11-20 23:35:42,706 [INFO] ThirdParty:1030 - CMSIS Pack Vendor :wolfSSL I-CUBE-wolfSSH 1.4.20
2025-11-20 23:35:42,706 [INFO] ThirdParty:1030 - CMSIS Pack Vendor :STMicroelectronics X-CUBE-NFC7 2.0.0
2025-11-20 23:35:42,706 [INFO] ThirdParty:1030 - CMSIS Pack Vendor :STMicroelectronics X-CUBE-TCPP 4.2.0
2025-11-20 23:35:42,706 [INFO] ThirdParty:1030 - CMSIS Pack Vendor :RealThread X-CUBE-RT-Thread_Nano 4.1.1
2025-11-20 23:35:42,706 [INFO] ThirdParty:1030 - CMSIS Pack Vendor :STMicroelectronics FP-ATR-SIGFOX1 3.2.0
2025-11-20 23:35:42,706 [INFO] ThirdParty:1030 - CMSIS Pack Vendor :STMicroelectronics X-CUBE-NFC10 1.0.0
2025-11-20 23:35:42,706 [INFO] ThirdParty:1030 - CMSIS Pack Vendor :STMicroelectronics X-CUBE-FREERTOS 1.3.1
2025-11-20 23:35:42,706 [INFO] ThirdParty:1030 - CMSIS Pack Vendor :STMicroelectronics HAL Drivers 0.0.0
2025-11-20 23:35:42,706 [INFO] ThirdParty:1030 - CMSIS Pack Vendor :STMicroelectronics MBEDTLS 2.16.2
2025-11-20 23:35:42,706 [INFO] ThirdParty:1030 - CMSIS Pack Vendor :STMicroelectronics X-CUBE-ST60 1.1.0
2025-11-20 23:35:42,706 [INFO] ThirdParty:1030 - CMSIS Pack Vendor :STMicroelectronics X-CUBE-ALS 1.0.2
2025-11-20 23:35:42,706 [INFO] ThirdParty:1030 - CMSIS Pack Vendor :emotas I-CUBE-CANOPEN 1.3.0
2025-11-20 23:35:42,706 [INFO] ThirdParty:1030 - CMSIS Pack Vendor :STMicroelectronics MBEDTLS 2.14.1
2025-11-20 23:35:42,706 [INFO] ThirdParty:1030 - CMSIS Pack Vendor :STMicroelectronics X-CUBE-GNSS1 7.1.0
2025-11-20 23:35:42,706 [INFO] ThirdParty:1030 - CMSIS Pack Vendor :ITTIA_DB I-CUBE-ITTIADB 8.9.0
2025-11-20 23:35:42,706 [INFO] ThirdParty:1030 - CMSIS Pack Vendor :STMicroelectronics X-CUBE-TOUCHGFX 4.26.0
2025-11-20 23:35:42,706 [INFO] ThirdParty:1030 - CMSIS Pack Vendor :STMicroelectronics X-CUBE-STSE01 1.0.0
2025-11-20 23:35:42,706 [INFO] ThirdParty:1030 - CMSIS Pack Vendor :STMicroelectronics FP-SNS-STBOX1 2.1.0
2025-11-20 23:35:42,706 [INFO] ThirdParty:1030 - CMSIS Pack Vendor :STMicroelectronics X-CUBE-AI 10.2.0
2025-11-20 23:35:42,706 [INFO] ThirdParty:1030 - CMSIS Pack Vendor :STMicroelectronics FP-SNS-STAIOTCFT 1.0.0
2025-11-20 23:35:42,706 [INFO] ThirdParty:1030 - CMSIS Pack Vendor :STMicroelectronics ThreadX 1.0.0
2025-11-20 23:35:42,706 [INFO] ThirdParty:1030 - CMSIS Pack Vendor :STMicroelectronics FP-SNS-SMARTAG2 1.2.0
2025-11-20 23:35:42,706 [INFO] ThirdParty:1030 - CMSIS Pack Vendor :STMicroelectronics FP-SNS-FLIGHT1 5.1.0
2025-11-20 23:35:42,706 [INFO] ThirdParty:1030 - CMSIS Pack Vendor :STMicroelectronics X-CUBE-AZRTOS-WL 2.0.0
2025-11-20 23:35:42,706 [INFO] ThirdParty:1030 - CMSIS Pack Vendor :SEGGER I-CUBE-embOS 1.3.1
2025-11-20 23:35:42,706 [INFO] ThirdParty:1030 - CMSIS Pack Vendor :STMicroelectronics X-CUBE-ALGOBUILD 1.4.0
2025-11-20 23:35:42,706 [INFO] ThirdParty:1030 - CMSIS Pack Vendor :STMicroelectronics X-CUBE-DPower 1.3.0
2025-11-20 23:35:42,706 [INFO] ThirdParty:1030 - CMSIS Pack Vendor :STMicroelectronics X-CUBE-MEMS1 11.3.0
2025-11-20 23:35:42,706 [INFO] ThirdParty:1030 - CMSIS Pack Vendor :STMicroelectronics FP-SNS-MOTENV1 5.0.0
2025-11-20 23:35:42,706 [INFO] ThirdParty:1030 - CMSIS Pack Vendor :STMicroelectronics USB_DEVICE 1.0.0
2025-11-20 23:35:42,706 [INFO] ThirdParty:1030 - CMSIS Pack Vendor :STMicroelectronics X-CUBE-AZRTOS-L4 2.0.0
2025-11-20 23:35:42,706 [INFO] ThirdParty:1030 - CMSIS Pack Vendor :STMicroelectronics ThreadX 0.0.2
2025-11-20 23:35:42,706 [INFO] ThirdParty:1030 - CMSIS Pack Vendor :STMicroelectronics lwIP 2.1.2
2025-11-20 23:35:42,706 [INFO] ThirdParty:1030 - CMSIS Pack Vendor :STMicroelectronics X-CUBE-SFXS2LP1 4.0.0
2025-11-20 23:35:42,706 [INFO] ThirdParty:1030 - CMSIS Pack Vendor :STMicroelectronics X-CUBE-BLE2 3.3.0
2025-11-20 23:35:42,707 [INFO] ThirdParty:1030 - CMSIS Pack Vendor :Avnet-IOTCONNECT X-CUBE-iotc-st67-sdk 1.0.0
2025-11-20 23:35:42,707 [INFO] ThirdParty:1030 - CMSIS Pack Vendor :STMicroelectronics X-CUBE-TOF1 3.4.3
2025-11-20 23:35:42,707 [INFO] ThirdParty:1030 - CMSIS Pack Vendor :STMicroelectronics PDM2PCM 3.2.0
2025-11-20 23:35:42,708 [INFO] ThirdParty:841 - exiting critical section [change project]
2025-11-20 23:35:43,236 [INFO] PinOutPanel:1589 - setPackage(No Configuration,No Configuration)
2025-11-20 23:35:43,237 [INFO] PinOutPanel:1589 - setPackage(STM32G474RETx,LQFP64)
2025-11-20 23:35:43,571 [INFO] UtilMem:75 - Before build in PCC Used Memory: 478185976 Bytes (748683264)
2025-11-20 23:35:44,360 [INFO] UtilMem:75 - After build in PCC Used Memory: 381990928 Bytes (761266176)
2025-11-20 23:35:44,413 [INFO] ApiDbMcu:532 - Load IP Config File for FREERTOS
2025-11-20 23:35:44,434 [INFO] IPUIPlugin:80 - create IPUIPlugin
2025-11-20 23:35:44,434 [INFO] IPUIPlugin:80 - create IPUIPlugin
2025-11-20 23:35:44,434 [INFO] IPUIPlugin:80 - create IPUIPlugin
2025-11-20 23:35:44,434 [INFO] IPUIPlugin:80 - create IPUIPlugin
2025-11-20 23:35:44,434 [INFO] IPUIPlugin:80 - create IPUIPlugin
2025-11-20 23:35:44,435 [INFO] IPUIPlugin:80 - create IPUIPlugin
2025-11-20 23:35:44,435 [INFO] IPUIPlugin:80 - create IPUIPlugin
2025-11-20 23:35:44,435 [INFO] IPUIPlugin:80 - create IPUIPlugin
2025-11-20 23:35:44,435 [INFO] IPUIPlugin:80 - create IPUIPlugin
2025-11-20 23:35:44,435 [INFO] IPUIPlugin:80 - create IPUIPlugin
2025-11-20 23:35:44,435 [INFO] IPUIPlugin:80 - create IPUIPlugin
2025-11-20 23:35:44,435 [INFO] IPUIPlugin:80 - create IPUIPlugin
2025-11-20 23:35:44,435 [INFO] IPUIPlugin:80 - create IPUIPlugin
2025-11-20 23:35:44,435 [INFO] IPUIPlugin:80 - create IPUIPlugin
2025-11-20 23:35:44,435 [INFO] IPUIPlugin:80 - create IPUIPlugin
2025-11-20 23:35:44,435 [INFO] IPUIPlugin:80 - create IPUIPlugin
2025-11-20 23:35:44,435 [INFO] IPUIPlugin:80 - create IPUIPlugin
2025-11-20 23:35:44,436 [INFO] IPUIPlugin:80 - create IPUIPlugin
2025-11-20 23:35:44,436 [INFO] IPUIPlugin:80 - create IPUIPlugin
2025-11-20 23:35:44,436 [INFO] IPUIPlugin:80 - create IPUIPlugin
2025-11-20 23:35:44,436 [INFO] IPUIPlugin:80 - create IPUIPlugin
2025-11-20 23:35:44,436 [INFO] IPUIPlugin:80 - create IPUIPlugin
2025-11-20 23:35:44,436 [INFO] IPUIPlugin:80 - create IPUIPlugin
2025-11-20 23:35:44,436 [INFO] IPUIPlugin:80 - create IPUIPlugin
2025-11-20 23:35:44,436 [INFO] IPUIPlugin:80 - create IPUIPlugin
2025-11-20 23:35:44,436 [INFO] IPUIPlugin:80 - create IPUIPlugin
2025-11-20 23:35:44,437 [INFO] IPUIPlugin:80 - create IPUIPlugin
2025-11-20 23:35:44,437 [INFO] IPUIPlugin:80 - create IPUIPlugin
2025-11-20 23:35:44,437 [INFO] IPUIPlugin:80 - create IPUIPlugin
2025-11-20 23:35:44,437 [INFO] IPUIPlugin:80 - create IPUIPlugin
2025-11-20 23:35:44,437 [INFO] IPUIPlugin:80 - create IPUIPlugin
2025-11-20 23:35:44,437 [INFO] IPUIPlugin:80 - create IPUIPlugin
2025-11-20 23:35:44,437 [INFO] IPUIPlugin:80 - create IPUIPlugin
2025-11-20 23:35:44,437 [INFO] IPUIPlugin:80 - create IPUIPlugin
2025-11-20 23:35:44,437 [INFO] IPUIPlugin:80 - create IPUIPlugin
2025-11-20 23:35:44,437 [INFO] IPUIPlugin:80 - create IPUIPlugin
2025-11-20 23:35:44,438 [INFO] IPUIPlugin:80 - create IPUIPlugin
2025-11-20 23:35:44,438 [INFO] IPUIPlugin:80 - create IPUIPlugin
2025-11-20 23:35:44,438 [INFO] IPUIPlugin:80 - create IPUIPlugin
2025-11-20 23:35:44,438 [INFO] IPUIPlugin:80 - create IPUIPlugin
2025-11-20 23:35:44,438 [INFO] IPUIPlugin:80 - create IPUIPlugin
2025-11-20 23:35:44,438 [INFO] IPUIPlugin:80 - create IPUIPlugin
2025-11-20 23:35:44,438 [INFO] IPUIPlugin:80 - create IPUIPlugin
2025-11-20 23:35:44,438 [INFO] IPUIPlugin:80 - create IPUIPlugin
2025-11-20 23:35:44,439 [INFO] IPUIPlugin:80 - create IPUIPlugin
2025-11-20 23:35:44,439 [INFO] IPUIPlugin:80 - create IPUIPlugin
2025-11-20 23:35:44,439 [INFO] IPUIPlugin:80 - create IPUIPlugin
2025-11-20 23:35:44,439 [INFO] IPUIPlugin:80 - create IPUIPlugin
2025-11-20 23:35:44,439 [INFO] IPUIPlugin:80 - create IPUIPlugin
2025-11-20 23:35:44,439 [INFO] IPUIPlugin:80 - create IPUIPlugin
2025-11-20 23:35:44,439 [INFO] IPUIPlugin:80 - create IPUIPlugin
2025-11-20 23:35:44,439 [INFO] IPUIPlugin:80 - create IPUIPlugin
2025-11-20 23:35:44,439 [INFO] IPUIPlugin:80 - create IPUIPlugin
2025-11-20 23:35:44,439 [INFO] IPUIPlugin:80 - create IPUIPlugin
2025-11-20 23:35:44,440 [INFO] IPUIPlugin:80 - create IPUIPlugin
2025-11-20 23:35:44,440 [INFO] IPUIPlugin:80 - create IPUIPlugin
2025-11-20 23:35:44,440 [INFO] IPUIPlugin:80 - create IPUIPlugin
2025-11-20 23:35:44,440 [INFO] IPUIPlugin:80 - create IPUIPlugin
2025-11-20 23:35:44,440 [INFO] IPUIPlugin:80 - create IPUIPlugin
2025-11-20 23:35:44,440 [INFO] IPUIPlugin:80 - create IPUIPlugin
2025-11-20 23:35:44,441 [INFO] IPUIPlugin:80 - create IPUIPlugin
2025-11-20 23:35:44,441 [INFO] IPUIPlugin:80 - create IPUIPlugin
2025-11-20 23:35:44,441 [INFO] IPUIPlugin:80 - create IPUIPlugin
2025-11-20 23:35:44,441 [INFO] IPUIPlugin:80 - create IPUIPlugin
2025-11-20 23:35:44,441 [INFO] IPUIPlugin:80 - create IPUIPlugin
2025-11-20 23:35:44,441 [INFO] IPUIPlugin:80 - create IPUIPlugin
2025-11-20 23:35:44,442 [INFO] IPUIPlugin:80 - create IPUIPlugin
2025-11-20 23:35:44,442 [INFO] IPUIPlugin:80 - create IPUIPlugin
2025-11-20 23:35:44,442 [INFO] IPUIPlugin:80 - create IPUIPlugin
2025-11-20 23:35:44,442 [INFO] IPUIPlugin:80 - create IPUIPlugin
2025-11-20 23:35:44,442 [INFO] IPUIPlugin:80 - create IPUIPlugin
2025-11-20 23:35:44,442 [INFO] IPUIPlugin:80 - create IPUIPlugin
2025-11-20 23:35:44,443 [INFO] IPUIPlugin:80 - create IPUIPlugin
2025-11-20 23:35:44,443 [INFO] IPUIPlugin:80 - create IPUIPlugin
2025-11-20 23:35:44,443 [INFO] IPUIPlugin:80 - create IPUIPlugin
2025-11-20 23:35:44,443 [INFO] IPUIPlugin:80 - create IPUIPlugin
2025-11-20 23:35:44,443 [INFO] IPUIPlugin:80 - create IPUIPlugin
2025-11-20 23:35:44,443 [INFO] IPUIPlugin:80 - create IPUIPlugin
2025-11-20 23:35:44,473 [WARN] FreeRTOS:1023 - Null or empty value: should not occur! (nothing added to the table)
2025-11-20 23:35:44,636 [INFO] CADModel:165 - CPN selected for project levelSTM32G474RET6
2025-11-20 23:35:44,636 [INFO] CADModel:114 - Register for checkConnection events
2025-11-20 23:35:44,638 [INFO] RtosManager:728 - Active RTOS found at IOC load: FREERTOS [Cortex-M4NS]
2025-11-20 23:35:44,679 [INFO] OpenFileManager:386 - Restore cursor
2025-11-20 23:36:53,226 [INFO] WebApp:194 - Connection lost
2025-11-20 23:36:53,420 [INFO] WebApp:191 - Connection restablished
2025-11-20 23:39:56,806 [INFO] WebApp:194 - Connection lost
2025-11-20 23:39:57,166 [INFO] WebApp:191 - Connection restablished
2025-11-20 23:43:02,203 [INFO] WebApp:194 - Connection lost
2025-11-20 23:43:02,714 [INFO] WebApp:191 - Connection restablished
2025-11-20 23:46:51,608 [INFO] WebApp:194 - Connection lost
2025-11-20 23:46:52,218 [INFO] WebApp:191 - Connection restablished
2025-11-20 23:47:47,808 [INFO] WebApp:194 - Connection lost
2025-11-20 23:47:48,268 [INFO] WebApp:191 - Connection restablished
2025-11-20 23:49:27,263 [INFO] WebApp:194 - Connection lost
2025-11-20 23:49:27,466 [INFO] WebApp:191 - Connection restablished
