2025-12-02 00:21:27,539 [INFO] Activator:176 - 


2025-12-02 00:21:27,598 [INFO] Activator:177 - !SESSION log4j initialized
2025-12-02 00:21:56,530 [INFO] LogOutputStream:77 - [STDOUT_REDIRECT] 
2025-12-02 00:22:07,377 [INFO] ApplicationProperties:184 - Using Application install path: /opt/st/stm32cubeide_1.19.0/plugins/com.st.stm32cube.common.mx_6.15.0.202507011659
2025-12-02 00:22:07,463 [INFO] DbMcusXml:78 - Set database path to: /opt/st/stm32cubeide_1.19.0/plugins/com.st.stm32cube.common.mx_6.15.0.202507011659//db//mcu/
2025-12-02 00:22:07,463 [INFO] ApiDb:274 - Set plugin database path to: /opt/st/stm32cubeide_1.19.0/plugins/com.st.stm32cube.common.mx_6.15.0.202507011659//db//plugins/boardmanager/
2025-12-02 00:22:07,463 [WARN] ApiDb:259 - Overriding images path with different value:  => /opt/st/stm32cubeide_1.19.0/plugins/com.st.stm32cube.common.mx_6.15.0.202507011659//db//plugins/mcufinder/images/
2025-12-02 00:22:07,848 [INFO] ApiDb:250 - Set database path to: /home/natthanicha/.stmcufinder/plugins/mcufinder//mcu/
2025-12-02 00:22:07,850 [INFO] DbMcusAds:125 - Set database path to: /home/natthanicha/.stmcufinder/plugins/mcufinder//mcu/
2025-12-02 00:22:07,866 [INFO] CrossReferenceDbSqlite:203 - Set database path to: /home/natthanicha/.stmcufinder/plugins/mcufinder//mcu/cs/
2025-12-02 00:22:08,226 [INFO] RulesReader:64 - Compatibility file has been processed (317 Rules)
2025-12-02 00:22:08,725 [INFO] DbMcusXml:78 - Set database path to: /opt/st/stm32cubeide_1.19.0/plugins/com.st.stm32cube.common.mx_6.15.0.202507011659//db//mcu/
2025-12-02 00:22:08,725 [INFO] ApiDb:274 - Set plugin database path to: /opt/st/stm32cubeide_1.19.0/plugins/com.st.stm32cube.common.mx_6.15.0.202507011659//db//plugins/boardmanager/
2025-12-02 00:22:08,725 [INFO] ApiDb:261 - Set plugin images path to: /opt/st/stm32cubeide_1.19.0/plugins/com.st.stm32cube.common.mx_6.15.0.202507011659//db//plugins/mcufinder/images/
2025-12-02 00:22:08,725 [WARN] DbFile:41 - Overriding database path with different value: /home/natthanicha/.stmcufinder/plugins/mcufinder/ => /home/natthanicha/.stmcufinder/plugins/mcufinder
2025-12-02 00:22:08,726 [INFO] ApiDb:250 - Set database path to: /home/natthanicha/.stmcufinder/plugins/mcufinder//mcu/
2025-12-02 00:22:08,726 [WARN] DbFile:41 - Overriding database path with different value: /home/natthanicha/.stmcufinder/plugins/mcufinder/ => /home/natthanicha/.stmcufinder/plugins/mcufinder
2025-12-02 00:22:08,726 [INFO] DbMcusAds:125 - Set database path to: /home/natthanicha/.stmcufinder/plugins/mcufinder//mcu/
2025-12-02 00:22:08,726 [WARN] DbFile:41 - Overriding database path with different value: /home/natthanicha/.stmcufinder/plugins/mcufinder/ => /home/natthanicha/.stmcufinder/plugins/mcufinder
2025-12-02 00:22:08,726 [WARN] DbFile:41 - Overriding database path with different value: /home/natthanicha/.stmcufinder/plugins/mcufinder/ => /home/natthanicha/.stmcufinder/plugins/mcufinder
2025-12-02 00:22:08,726 [INFO] CrossReferenceDbSqlite:203 - Set database path to: /home/natthanicha/.stmcufinder/plugins/mcufinder//mcu/cs/
2025-12-02 00:22:09,205 [INFO] MainPanel:274 - HeapMemory: 268435456
2025-12-02 00:22:10,275 [INFO] DbMcusXml:78 - Set database path to: /opt/st/stm32cubeide_1.19.0/plugins/com.st.stm32cube.common.mx_6.15.0.202507011659//db//mcu/
2025-12-02 00:22:10,275 [INFO] ApiDb:274 - Set plugin database path to: /opt/st/stm32cubeide_1.19.0/plugins/com.st.stm32cube.common.mx_6.15.0.202507011659//db//plugins/boardmanager/
2025-12-02 00:22:10,275 [INFO] ApiDb:261 - Set plugin images path to: /opt/st/stm32cubeide_1.19.0/plugins/com.st.stm32cube.common.mx_6.15.0.202507011659//db//plugins/mcufinder/images/
2025-12-02 00:22:10,275 [WARN] DbFile:41 - Overriding database path with different value: /home/natthanicha/.stmcufinder/plugins/mcufinder/ => /home/natthanicha/.stmcufinder/plugins/mcufinder
2025-12-02 00:22:10,275 [INFO] ApiDb:250 - Set database path to: /home/natthanicha/.stmcufinder/plugins/mcufinder//mcu/
2025-12-02 00:22:10,275 [WARN] DbFile:41 - Overriding database path with different value: /home/natthanicha/.stmcufinder/plugins/mcufinder/ => /home/natthanicha/.stmcufinder/plugins/mcufinder
2025-12-02 00:22:10,275 [INFO] DbMcusAds:125 - Set database path to: /home/natthanicha/.stmcufinder/plugins/mcufinder//mcu/
2025-12-02 00:22:10,275 [WARN] DbFile:41 - Overriding database path with different value: /home/natthanicha/.stmcufinder/plugins/mcufinder/ => /home/natthanicha/.stmcufinder/plugins/mcufinder
2025-12-02 00:22:10,275 [WARN] DbFile:41 - Overriding database path with different value: /home/natthanicha/.stmcufinder/plugins/mcufinder/ => /home/natthanicha/.stmcufinder/plugins/mcufinder
2025-12-02 00:22:10,275 [INFO] CrossReferenceDbSqlite:203 - Set database path to: /home/natthanicha/.stmcufinder/plugins/mcufinder//mcu/cs/
2025-12-02 00:22:10,311 [INFO] ApplicationProperties:184 - Using Application install path: /opt/st/stm32cubeide_1.19.0/plugins/com.st.stm32cube.common.mx_6.15.0.202507011659
2025-12-02 00:22:10,357 [INFO] PluginManage:196 - Search for loadable plugins [exclusion list=, ]
2025-12-02 00:22:10,372 [INFO] PluginManage:310 - Check plugin analytics
2025-12-02 00:22:10,944 [INFO] AnalyticsPlugin:253 - Accepted Software Licenses: 
2025-12-02 00:22:10,945 [INFO] AnalyticsPlugin:255 - Accepted CMSIS Pack Licenses: 
2025-12-02 00:22:10,945 [INFO] AnalyticsPlugin:257 - Accepted Firmware Licenses: FW.G4.1.6.0
2025-12-02 00:22:10,946 [INFO] PluginManage:359 - Loaded plugin analytics (category:tool,tabindex:-1)
2025-12-02 00:22:10,946 [INFO] PluginManage:310 - Check plugin cadmodel
2025-12-02 00:22:11,015 [INFO] CADModel:105 - Init CAD model plugin
2025-12-02 00:22:11,015 [INFO] PluginManage:359 - Loaded plugin cadmodel (category:power,tabindex:5)
2025-12-02 00:22:11,015 [INFO] PluginManage:310 - Check plugin clock
2025-12-02 00:22:11,097 [INFO] PluginManage:359 - Loaded plugin clock (category:base,tabindex:2)
2025-12-02 00:22:11,097 [INFO] PluginManage:310 - Check plugin ddr
2025-12-02 00:22:11,128 [INFO] PluginManage:359 - Loaded plugin ddr (category:tool,tabindex:6)
2025-12-02 00:22:11,128 [INFO] PluginManage:310 - Check plugin filemanager
2025-12-02 00:22:11,806 [INFO] PluginManage:359 - Loaded plugin filemanager (category:base,tabindex:10)
2025-12-02 00:22:11,806 [INFO] PluginManage:310 - Check plugin ipmanager
2025-12-02 00:22:11,846 [INFO] PluginManage:359 - Loaded plugin ipmanager (category:base,tabindex:5)
2025-12-02 00:22:11,846 [INFO] PluginManage:310 - Check plugin lpbam
2025-12-02 00:22:11,869 [INFO] PluginManage:359 - Loaded plugin lpbam (category:base,tabindex:0)
2025-12-02 00:22:11,869 [INFO] PluginManage:310 - Check plugin memorymap
2025-12-02 00:22:11,922 [INFO] PluginManage:359 - Loaded plugin memorymap (category:base,tabindex:4)
2025-12-02 00:22:11,922 [INFO] PluginManage:310 - Check plugin pinoutandconfiguration
2025-12-02 00:22:11,978 [INFO] PluginManage:359 - Loaded plugin pinoutandconfiguration (category:base,tabindex:1)
2025-12-02 00:22:11,978 [INFO] PluginManage:310 - Check plugin pinoutconfig
2025-12-02 00:22:12,486 [WARN] SupportedApi:132 - Cannot load RTOS API schema: s4s-elt-must-match.1: The content of 'definitions' must match (annotation?, (simpleType | complexType)?, (unique | key | keyref)*)). A problem was found starting at: attribute.
2025-12-02 00:22:12,856 [INFO] PluginManage:359 - Loaded plugin pinoutconfig (category:base,tabindex:0)
2025-12-02 00:22:12,856 [INFO] PluginManage:310 - Check plugin power
2025-12-02 00:22:12,978 [INFO] PluginManage:359 - Loaded plugin power (category:power,tabindex:4)
2025-12-02 00:22:12,978 [INFO] PluginManage:310 - Check plugin projectmanager
2025-12-02 00:22:13,020 [INFO] PluginManage:359 - Loaded plugin projectmanager (category:projectmanager,tabindex:4)
2025-12-02 00:22:13,020 [INFO] PluginManage:310 - Check plugin rif
2025-12-02 00:22:13,082 [INFO] PluginManage:359 - Loaded plugin rif (category:base,tabindex:3)
2025-12-02 00:22:13,082 [INFO] PluginManage:310 - Check plugin thirdparty
2025-12-02 00:22:13,540 [INFO] PluginManage:359 - Loaded plugin thirdparty (category:base,tabindex:-1)
2025-12-02 00:22:13,540 [WARN] IntegrityCheckThread:84 - waiting for thirdparty lock release [integrity check]
2025-12-02 00:22:13,540 [INFO] IntegrityCheckThread:86 - entering critical section [integrity check]
2025-12-02 00:22:13,540 [INFO] PluginManage:310 - Check plugin tools
2025-12-02 00:22:13,541 [INFO] ThirdPartyUpdaterWithRetryManager:70 - Updater plugin not ready yet. [1/15]
2025-12-02 00:22:13,563 [INFO] PluginManage:359 - Loaded plugin tools (category:base,tabindex:7)
2025-12-02 00:22:13,563 [INFO] PluginManage:310 - Check plugin tutovideos
2025-12-02 00:22:14,160 [INFO] PluginManage:359 - Loaded plugin tutovideos (category:base,tabindex:-1)
2025-12-02 00:22:14,160 [INFO] PluginManage:310 - Check plugin updater
2025-12-02 00:22:14,252 [INFO] PluginManage:359 - Loaded plugin updater (category:base,tabindex:12)
2025-12-02 00:22:14,252 [INFO] PluginManage:310 - Check plugin userauth
2025-12-02 00:22:14,331 [INFO] UserAuth:118 - Init User Auth plugin
2025-12-02 00:22:14,332 [INFO] PluginManage:359 - Loaded plugin userauth (category:base,tabindex:14)
2025-12-02 00:22:14,332 [INFO] PluginManage:283 - PluginManage : Loaded plugins [18]
2025-12-02 00:22:15,339 [INFO] PinOutPanel:1589 - setPackage(No Configuration,No Configuration)
2025-12-02 00:22:15,622 [INFO] CADModel:165 - CPN selected for project level
2025-12-02 00:22:15,622 [INFO] CADModel:114 - Register for checkConnection events
2025-12-02 00:22:15,774 [INFO] IPUIPlugin:80 - create IPUIPlugin
2025-12-02 00:22:15,774 [INFO] PluginManager:220 - loadIPPluginJar : add gfxmmu
2025-12-02 00:22:15,810 [INFO] IPUIPlugin:80 - create IPUIPlugin
2025-12-02 00:22:15,810 [INFO] PluginManager:220 - loadIPPluginJar : add spi
2025-12-02 00:22:15,865 [INFO] IPUIPlugin:80 - create IPUIPlugin
2025-12-02 00:22:15,866 [INFO] PluginManager:220 - loadIPPluginJar : add linkedlist
2025-12-02 00:22:15,874 [INFO] IPUIPlugin:80 - create IPUIPlugin
2025-12-02 00:22:15,874 [INFO] PluginManager:220 - loadIPPluginJar : add stm32_wpan
2025-12-02 00:22:15,910 [INFO] IPUIPlugin:80 - create IPUIPlugin
2025-12-02 00:22:15,910 [INFO] PluginManager:220 - loadIPPluginJar : add resmgrutility
2025-12-02 00:22:15,969 [INFO] IPUIPlugin:80 - create IPUIPlugin
2025-12-02 00:22:15,970 [INFO] PluginManager:220 - loadIPPluginJar : add gpio
2025-12-02 00:22:15,972 [INFO] IPUIPlugin:80 - create IPUIPlugin
2025-12-02 00:22:15,972 [INFO] PluginManager:220 - loadIPPluginJar : add ucpd
2025-12-02 00:22:15,989 [INFO] IPUIPlugin:80 - create IPUIPlugin
2025-12-02 00:22:15,989 [INFO] PluginManager:220 - loadIPPluginJar : add dma3
2025-12-02 00:22:15,993 [INFO] IPUIPlugin:80 - create IPUIPlugin
2025-12-02 00:22:15,993 [INFO] PluginManager:220 - loadIPPluginJar : add i2s
2025-12-02 00:22:16,086 [INFO] IPUIPlugin:80 - create IPUIPlugin
2025-12-02 00:22:16,086 [INFO] PluginManager:220 - loadIPPluginJar : add mdma
2025-12-02 00:22:16,089 [INFO] IPUIPlugin:80 - create IPUIPlugin
2025-12-02 00:22:16,089 [INFO] PluginManager:220 - loadIPPluginJar : add tsc
2025-12-02 00:22:16,091 [INFO] IPUIPlugin:80 - create IPUIPlugin
2025-12-02 00:22:16,091 [INFO] PluginManager:220 - loadIPPluginJar : add lorawan
2025-12-02 00:22:16,094 [INFO] IPUIPlugin:80 - create IPUIPlugin
2025-12-02 00:22:16,094 [INFO] PluginManager:220 - loadIPPluginJar : add extmemmanager
2025-12-02 00:22:16,128 [INFO] IPUIPlugin:80 - create IPUIPlugin
2025-12-02 00:22:16,128 [INFO] PluginManager:220 - loadIPPluginJar : add adc
2025-12-02 00:22:16,148 [INFO] IPUIPlugin:80 - create IPUIPlugin
2025-12-02 00:22:16,148 [INFO] PluginManager:220 - loadIPPluginJar : add radio
2025-12-02 00:22:16,170 [INFO] IPUIPlugin:80 - create IPUIPlugin
2025-12-02 00:22:16,170 [INFO] PluginManager:220 - loadIPPluginJar : add sai
2025-12-02 00:22:16,183 [INFO] IPUIPlugin:80 - create IPUIPlugin
2025-12-02 00:22:16,183 [INFO] PluginManager:220 - loadIPPluginJar : add genericplugin
2025-12-02 00:22:16,190 [INFO] IPUIPlugin:80 - create IPUIPlugin
2025-12-02 00:22:16,190 [INFO] PluginManager:220 - loadIPPluginJar : add i2c
2025-12-02 00:22:16,231 [INFO] IPUIPlugin:80 - create IPUIPlugin
2025-12-02 00:22:16,231 [INFO] PluginManager:220 - loadIPPluginJar : add ddr_ctrl_phy
2025-12-02 00:22:16,241 [INFO] IPUIPlugin:80 - create IPUIPlugin
2025-12-02 00:22:16,241 [INFO] PluginManager:220 - loadIPPluginJar : add gtzc
2025-12-02 00:22:16,243 [INFO] IPUIPlugin:80 - create IPUIPlugin
2025-12-02 00:22:16,243 [INFO] PluginManager:220 - loadIPPluginJar : add usbx
2025-12-02 00:22:16,316 [INFO] IPUIPlugin:80 - create IPUIPlugin
2025-12-02 00:22:16,316 [INFO] PluginManager:220 - loadIPPluginJar : add freertos
2025-12-02 00:22:16,332 [INFO] IPUIPlugin:80 - create IPUIPlugin
2025-12-02 00:22:16,333 [INFO] PluginManager:220 - loadIPPluginJar : add pdm2pcm
2025-12-02 00:22:16,334 [INFO] IPUIPlugin:80 - create IPUIPlugin
2025-12-02 00:22:16,334 [INFO] PluginManager:220 - loadIPPluginJar : add fatfs
2025-12-02 00:22:16,358 [INFO] IPUIPlugin:80 - create IPUIPlugin
2025-12-02 00:22:16,359 [INFO] PluginManager:220 - loadIPPluginJar : add ipddr
2025-12-02 00:22:16,361 [INFO] IPUIPlugin:80 - create IPUIPlugin
2025-12-02 00:22:16,361 [INFO] PluginManager:220 - loadIPPluginJar : add aes
2025-12-02 00:22:16,366 [INFO] IPUIPlugin:80 - create IPUIPlugin
2025-12-02 00:22:16,367 [INFO] PluginManager:220 - loadIPPluginJar : add fmc
2025-12-02 00:22:16,369 [INFO] IPUIPlugin:80 - create IPUIPlugin
2025-12-02 00:22:16,369 [INFO] PluginManager:220 - loadIPPluginJar : add i3c
2025-12-02 00:22:16,371 [INFO] IPUIPlugin:80 - create IPUIPlugin
2025-12-02 00:22:16,371 [INFO] PluginManager:220 - loadIPPluginJar : add touchsensing
2025-12-02 00:22:16,373 [INFO] IPUIPlugin:80 - create IPUIPlugin
2025-12-02 00:22:16,373 [INFO] PluginManager:220 - loadIPPluginJar : add opamp
2025-12-02 00:22:16,374 [INFO] IPUIPlugin:80 - create IPUIPlugin
2025-12-02 00:22:16,374 [INFO] PluginManager:220 - loadIPPluginJar : add tracer_emb
2025-12-02 00:22:16,434 [INFO] IPUIPlugin:80 - create IPUIPlugin
2025-12-02 00:22:16,434 [INFO] PluginManager:220 - loadIPPluginJar : add dma
2025-12-02 00:22:16,436 [INFO] IPUIPlugin:80 - create IPUIPlugin
2025-12-02 00:22:16,436 [INFO] PluginManager:220 - loadIPPluginJar : add ltdc
2025-12-02 00:22:16,438 [INFO] IPUIPlugin:80 - create IPUIPlugin
2025-12-02 00:22:16,438 [INFO] PluginManager:220 - loadIPPluginJar : add hash
2025-12-02 00:22:16,470 [INFO] IPUIPlugin:80 - create IPUIPlugin
2025-12-02 00:22:16,471 [INFO] PluginManager:220 - loadIPPluginJar : add plateformsettings
2025-12-02 00:22:16,472 [INFO] IPUIPlugin:80 - create IPUIPlugin
2025-12-02 00:22:16,472 [INFO] PluginManager:220 - loadIPPluginJar : add comp
2025-12-02 00:22:16,474 [INFO] IPUIPlugin:80 - create IPUIPlugin
2025-12-02 00:22:16,474 [INFO] PluginManager:220 - loadIPPluginJar : add can
2025-12-02 00:22:16,475 [INFO] IPUIPlugin:80 - create IPUIPlugin
2025-12-02 00:22:16,475 [INFO] PluginManager:220 - loadIPPluginJar : add dfsdm
2025-12-02 00:22:16,476 [INFO] IPUIPlugin:80 - create IPUIPlugin
2025-12-02 00:22:16,476 [INFO] PluginManager:220 - loadIPPluginJar : add usart
2025-12-02 00:22:16,542 [INFO] ThirdPartyUpdaterWithRetryManager:70 - Updater plugin not ready yet. [2/15]
2025-12-02 00:22:16,603 [INFO] IPUIPlugin:80 - create IPUIPlugin
2025-12-02 00:22:16,603 [INFO] PluginManager:220 - loadIPPluginJar : add nvic
2025-12-02 00:22:16,611 [INFO] IPUIPlugin:80 - create IPUIPlugin
2025-12-02 00:22:16,612 [INFO] PluginManager:220 - loadIPPluginJar : add gic
2025-12-02 00:22:16,613 [INFO] IPUIPlugin:80 - create IPUIPlugin
2025-12-02 00:22:16,613 [INFO] PluginManager:220 - loadIPPluginJar : add quadspi
2025-12-02 00:22:16,615 [INFO] IPUIPlugin:80 - create IPUIPlugin
2025-12-02 00:22:16,615 [INFO] PluginManager:220 - loadIPPluginJar : add cryp
2025-12-02 00:22:16,617 [INFO] IPUIPlugin:80 - create IPUIPlugin
2025-12-02 00:22:16,618 [INFO] PluginManager:220 - loadIPPluginJar : add openamp
2025-12-02 00:22:16,619 [INFO] IPUIPlugin:80 - create IPUIPlugin
2025-12-02 00:22:16,619 [INFO] PluginManager:220 - loadIPPluginJar : add tim
2025-12-02 00:22:16,621 [INFO] IPUIPlugin:80 - create IPUIPlugin
2025-12-02 00:22:16,621 [INFO] PluginManager:220 - loadIPPluginJar : add ts
2025-12-02 00:22:16,932 [FATAL] Updater:351 - Updater called before beeing initialized
2025-12-02 00:22:17,031 [INFO] RulesReader:64 - Compatibility file has been processed (317 Rules)
2025-12-02 00:22:17,040 [INFO] RulesReader:64 - Compatibility file has been processed (317 Rules)
2025-12-02 00:22:17,046 [INFO] CADModel:165 - CPN selected for project level
2025-12-02 00:22:17,046 [INFO] CADModel:114 - Register for checkConnection events
2025-12-02 00:22:17,046 [FATAL] Updater:351 - Updater called before beeing initialized
2025-12-02 00:22:17,046 [ERROR] CADModel:125 - Updater not yet initialized, retry later 
2025-12-02 00:22:17,713 [FATAL] Updater:351 - Updater called before beeing initialized
2025-12-02 00:22:17,729 [INFO] CADModel:165 - CPN selected for project level
2025-12-02 00:22:17,729 [INFO] CADModel:114 - Register for checkConnection events
2025-12-02 00:22:17,729 [FATAL] Updater:351 - Updater called before beeing initialized
2025-12-02 00:22:17,729 [ERROR] CADModel:125 - Updater not yet initialized, retry later 
2025-12-02 00:22:17,731 [FATAL] Updater:351 - Updater called before beeing initialized
2025-12-02 00:22:17,905 [FATAL] Updater:351 - Updater called before beeing initialized
2025-12-02 00:22:17,927 [INFO] DbMcusAds:53 - JSON generation date=Mon Nov 10 17:43:01 ICT 2025 (1762771381096)
2025-12-02 00:22:17,928 [FATAL] Updater:351 - Updater called before beeing initialized
2025-12-02 00:22:18,168 [WARN] DetailPanel:346 - Failed to get advertising image, set to default
2025-12-02 00:22:18,241 [FATAL] Updater:351 - Updater called before beeing initialized
2025-12-02 00:22:18,243 [FATAL] Updater:351 - Updater called before beeing initialized
2025-12-02 00:22:18,243 [FATAL] Updater:351 - Updater called before beeing initialized
2025-12-02 00:22:18,243 [WARN] DetailPanel:346 - Failed to get advertising image, set to default
2025-12-02 00:22:18,244 [FATAL] Updater:351 - Updater called before beeing initialized
2025-12-02 00:22:18,409 [ERROR] Updater:1198 - MainUpdater not yet initialized. External WinMGr cannot be set.
2025-12-02 00:22:18,425 [INFO] Updater:1134 - Updater Version found : 6.15.0
2025-12-02 00:22:18,457 [INFO] ApplicationProperties:184 - Using Application install path: /opt/st/stm32cubeide_1.19.0/plugins/com.st.stm32cube.common.mx_6.15.0.202507011659
2025-12-02 00:22:19,310 [INFO] MainUpdater:2872 - connection check result : 10
2025-12-02 00:22:19,310 [INFO] MainUpdater:3604 - Updater definition file requires update
2025-12-02 00:22:19,310 [INFO] MainUpdater:289 - Updater Check For Update Now.
2025-12-02 00:22:19,311 [INFO] MicroXplorer:498 - Change Database Version : DB.6.0.150
2025-12-02 00:22:19,411 [INFO] McuFinderGlobals:63 - Set McuFinder mode to 2 (CubeIDE integrated)
2025-12-02 00:22:19,452 [INFO] UserAuth:487 - Internet connection configuration mode: 1
2025-12-02 00:22:19,543 [WARN] MainUpdater:1193 - Updater busy. Cannot search thirdparties
2025-12-02 00:22:19,543 [INFO] ThirdPartyUpdaterWithRetryManager:96 - Updater plugin is busy. [1/15]
2025-12-02 00:22:19,621 [INFO] ServerAccessManage:452 - Complete download http(s) 200
2025-12-02 00:22:19,622 [INFO] ServerAccessManage:509 - Download File updaters.zip
2025-12-02 00:22:19,655 [INFO] JxBrowserEngine:152 - Initiate JxBrowser Engine with user profile folder
2025-12-02 00:22:19,743 [INFO] FileExtend:248 - Unzip File : updaters.zip
2025-12-02 00:22:19,743 [INFO] FileExtend:263 - Standard Zip Deflate
2025-12-02 00:22:20,722 [INFO] ServerAccessManage:452 - Complete download http(s) 200
2025-12-02 00:22:20,722 [INFO] ServerAccessManage:509 - Download File PacksControlFlags.xml
2025-12-02 00:22:20,991 [INFO] ServerAccessManage:452 - Complete download http(s) 200
2025-12-02 00:22:20,991 [INFO] ServerAccessManage:509 - Download File cubemx.pidx
2025-12-02 00:22:21,321 [INFO] LoadServerUpdatesThread:375 - End of LoadServerUpdate Thread
2025-12-02 00:22:21,582 [INFO] CheckServerUpdateThread:120 - End of CheckServer Thread
2025-12-02 00:22:27,362 [WARN] PackLoader:240 - Cannot read IP mode file for STMicroelectronics.FP-SNS-MOTENVWB1.1.4.0
2025-12-02 00:22:27,390 [WARN] PackLoader:240 - Cannot read IP mode file for STMicroelectronics.FP-ATR-ASTRA1.2.0.2
2025-12-02 00:22:27,420 [WARN] PackLoader:240 - Cannot read IP mode file for STMicroelectronics.X-CUBE-SMBUS.2.1.0
2025-12-02 00:22:27,461 [WARN] PackLoader:240 - Cannot read IP mode file for STMicroelectronics.X-CUBE-ST60.1.0.0
2025-12-02 00:22:27,493 [WARN] PackLoader:240 - Cannot read IP mode file for STMicroelectronics.X-CUBE-AZRTOS-F7.1.1.0
2025-12-02 00:22:27,518 [WARN] PackLoader:240 - Cannot read IP mode file for Cesanta.I-CUBE-Mongoose.7.19.0
2025-12-02 00:22:27,594 [WARN] PackLoader:240 - Cannot read IP mode file for STMicroelectronics.FP-SNS-MOTENV1.5.1.0
2025-12-02 00:22:27,630 [WARN] PackLoader:240 - Cannot read IP mode file for WES.I-CUBE-Cesium.1.4.0
2025-12-02 00:22:27,750 [WARN] PackLoader:240 - Cannot read IP mode file for Infineon.AIROC-Wi-Fi-Bluetooth-STM32.1.7.1
2025-12-02 00:22:27,901 [WARN] PackLoader:240 - Cannot read IP mode file for STMicroelectronics.X-CUBE-AZRTOS-H7.3.4.0
2025-12-02 00:22:27,946 [WARN] PackLoader:240 - Cannot read IP mode file for STMicroelectronics.X-CUBE-DISPLAY.3.0.0
2025-12-02 00:22:28,072 [WARN] PackLoader:240 - Cannot read IP mode file for STMicroelectronics.X-CUBE-NFC10.1.0.0
2025-12-02 00:22:28,114 [WARN] PackLoader:240 - Cannot read IP mode file for STMicroelectronics.X-CUBE-ST60.1.1.0
2025-12-02 00:22:28,174 [WARN] PackLoader:240 - Cannot read IP mode file for emotas.I-CUBE-CANOPEN.1.3.0
2025-12-02 00:22:28,208 [WARN] PackLoader:240 - Cannot read IP mode file for STMicroelectronics.X-CUBE-GNSS1.7.1.0
2025-12-02 00:22:28,285 [WARN] PackLoader:240 - Cannot read IP mode file for STMicroelectronics.FP-SNS-STBOX1.2.1.0
2025-12-02 00:22:28,300 [WARN] PackLoader:240 - Cannot read IP mode file for STMicroelectronics.FP-SNS-SMARTAG2.1.2.0
2025-12-02 00:22:28,321 [WARN] PackLoader:240 - Cannot read IP mode file for STMicroelectronics.FP-SNS-FLIGHT1.5.1.0
2025-12-02 00:22:28,385 [INFO] LogOutputStream:77 - [STDOUT_REDIRECT] 1 : Invalid condition id : UX_CORESTACK_Condition cause : null
2025-12-02 00:22:28,386 [INFO] LogOutputStream:77 - [STDOUT_REDIRECT] 1 : Invalid condition id : UX_CORESTACK_Condition cause : null
2025-12-02 00:22:28,386 [INFO] LogOutputStream:77 - [STDOUT_REDIRECT] 1 : Invalid condition id : UX_CORESTACK_Condition cause : null
2025-12-02 00:22:28,386 [INFO] LogOutputStream:77 - [STDOUT_REDIRECT] 1 : Invalid condition id : UX_CORESTACK_Condition cause : null
2025-12-02 00:22:28,386 [INFO] LogOutputStream:77 - [STDOUT_REDIRECT] 1 : Invalid condition id : UX_CORESTACK_Condition cause : null
2025-12-02 00:22:28,389 [WARN] PackLoader:240 - Cannot read IP mode file for STMicroelectronics.X-CUBE-AZRTOS-WL.2.0.0
2025-12-02 00:22:28,409 [WARN] PackLoader:240 - Cannot read IP mode file for STMicroelectronics.FP-SNS-MOTENV1.5.0.0
2025-12-02 00:22:28,580 [WARN] PackLoader:240 - Cannot read IP mode file for STMicroelectronics.X-CUBE-AZRTOS-H7RS.1.2.0
2025-12-02 00:22:28,715 [WARN] PackLoader:240 - Cannot read IP mode file for STMicroelectronics.X-CUBE-BLE2.3.3.0
2025-12-02 00:22:28,802 [WARN] PackLoader:240 - Cannot read IP mode file for STMicroelectronics.X-CUBE-NFC9.1.0.0
2025-12-02 00:22:28,842 [WARN] PackLoader:240 - Cannot read IP mode file for wolfSSL.I-CUBE-wolfSSL.5.8.2
2025-12-02 00:22:28,944 [WARN] PackLoader:240 - Cannot read IP mode file for STMicroelectronics.X-CUBE-BLE1.7.1.0
2025-12-02 00:22:28,982 [WARN] PackLoader:240 - Cannot read IP mode file for wolfSSL.I-CUBE-wolfMQTT.1.19.2
2025-12-02 00:22:29,079 [WARN] PackLoader:240 - Cannot read IP mode file for STMicroelectronics.X-CUBE-FREERTOS.1.4.0
2025-12-02 00:22:29,150 [WARN] PackLoader:240 - Cannot read IP mode file for STMicroelectronics.X-CUBE-EEPRMA1.5.2.0
2025-12-02 00:22:29,219 [WARN] PackLoader:240 - Cannot read IP mode file for STMicroelectronics.X-CUBE-ST67W61.1.1.0
2025-12-02 00:22:29,362 [WARN] PackLoader:240 - Cannot read IP mode file for STMicroelectronics.X-CUBE-MEMS1.12.0.0
2025-12-02 00:22:29,500 [WARN] PackLoader:240 - Cannot read IP mode file for STMicroelectronics.X-CUBE-AZRTOS-G0.1.1.0
2025-12-02 00:22:29,550 [WARN] PackLoader:240 - Cannot read IP mode file for STMicroelectronics.X-CUBE-SAFEA1.1.2.2
2025-12-02 00:22:29,583 [WARN] PackLoader:240 - Cannot read IP mode file for STMicroelectronics.X-CUBE-NFC4.3.0.0
2025-12-02 00:22:29,656 [WARN] PackLoader:240 - Cannot read IP mode file for EmbeddedOffice.I-CUBE-FS-RTOS.1.0.1
2025-12-02 00:22:29,704 [WARN] PackLoader:240 - Cannot read IP mode file for STMicroelectronics.X-CUBE-WB05N.2.0.0
2025-12-02 00:22:29,730 [WARN] PackLoader:240 - Cannot read IP mode file for wolfSSL.I-CUBE-wolfTPM.3.8.0
2025-12-02 00:22:29,795 [WARN] PackLoader:240 - Cannot read IP mode file for STMicroelectronics.X-CUBE-TCPP.4.2.0
2025-12-02 00:22:29,861 [WARN] PackLoader:240 - Cannot read IP mode file for RealThread.X-CUBE-RT-Thread_Nano.4.1.1
2025-12-02 00:22:29,897 [WARN] PackLoader:240 - Cannot read IP mode file for STMicroelectronics.FP-ATR-SIGFOX1.3.2.0
2025-12-02 00:22:29,933 [WARN] PackLoader:240 - Cannot read IP mode file for ITTIA_DB.I-CUBE-ITTIADB.8.9.0
2025-12-02 00:22:29,982 [WARN] PackLoader:240 - Cannot read IP mode file for STMicroelectronics.X-CUBE-AI.10.2.0
2025-12-02 00:22:30,089 [WARN] PackLoader:240 - Cannot read IP mode file for SEGGER.I-CUBE-embOS.1.3.1
2025-12-02 00:22:30,264 [WARN] PackLoader:240 - Cannot read IP mode file for STMicroelectronics.X-CUBE-ALGOBUILD.1.4.0
2025-12-02 00:22:30,373 [WARN] PackLoader:240 - Cannot read IP mode file for STMicroelectronics.X-CUBE-MEMS1.11.3.0
2025-12-02 00:22:30,476 [WARN] PackLoader:240 - Cannot read IP mode file for STMicroelectronics.X-CUBE-PM33A1.1.0.0
2025-12-02 00:22:30,550 [WARN] PackLoader:240 - Cannot read IP mode file for STMicroelectronics.X-CUBE-AZRTOS-F4.1.1.0
2025-12-02 00:22:30,568 [WARN] PackLoader:240 - Cannot read IP mode file for STMicroelectronics.X-CUBE-ISPU.2.1.0
2025-12-02 00:22:30,626 [WARN] PackLoader:240 - Cannot read IP mode file for STMicroelectronics.X-CUBE-IPS.3.2.0
2025-12-02 00:22:30,695 [WARN] PackLoader:240 - Cannot read IP mode file for STMicroelectronics.X-CUBE-NFC12.1.0.0
2025-12-02 00:22:30,803 [WARN] PackLoader:240 - Cannot read IP mode file for STMicroelectronics.X-CUBE-AZRTOS-L5.2.0.0
2025-12-02 00:22:30,848 [WARN] PackLoader:240 - Cannot read IP mode file for STMicroelectronics.X-CUBE-NFC6.3.1.0
2025-12-02 00:22:30,968 [WARN] PackLoader:240 - Cannot read IP mode file for STMicroelectronics.X-CUBE-FREERTOS.1.3.1
2025-12-02 00:22:31,164 [WARN] PackLoader:240 - Cannot read IP mode file for STMicroelectronics.X-CUBE-TOUCHGFX.4.26.0
2025-12-02 00:22:31,200 [WARN] PackLoader:240 - Cannot read IP mode file for STMicroelectronics.FP-SNS-STAIOTCFT.1.0.0
2025-12-02 00:22:31,220 [WARN] PackLoader:240 - Cannot read IP mode file for STMicroelectronics.X-CUBE-DPower.1.3.0
2025-12-02 00:22:31,326 [WARN] ConditionMgr:438 - getConditionDescription Invalid condition id : LAN8742 Phy interface Condition cause : null
2025-12-02 00:22:31,327 [WARN] PackLoader:240 - Cannot read IP mode file for STMicroelectronics.X-CUBE-AZRTOS-L4.2.0.0
2025-12-02 00:22:31,327 [WARN] ConditionMgr:1044 - genDependencies : Invalid condition id : LAN8742 Phy interface Condition cause : null
2025-12-02 00:22:31,327 [WARN] ConditionMgr:1044 - genDependencies : Invalid condition id : LAN8742 Phy interface Condition cause : null
2025-12-02 00:22:31,328 [WARN] ConditionMgr:1044 - genDependencies : Invalid condition id : LAN8742 Phy interface Condition cause : null
2025-12-02 00:22:31,381 [WARN] PackLoader:240 - Cannot read IP mode file for STMicroelectronics.X-CUBE-SFXS2LP1.4.0.0
2025-12-02 00:22:31,437 [WARN] PackLoader:240 - Cannot read IP mode file for STMicroelectronics.X-CUBE-BLEMGR.4.1.0
2025-12-02 00:22:31,547 [WARN] ConditionMgr:438 - getConditionDescription Invalid condition id : UX DEVICE CLASS RTOS Condition cause : null
2025-12-02 00:22:31,547 [WARN] ConditionMgr:438 - getConditionDescription Invalid condition id : UX DEVICE CLASS RTOS Condition cause : null
2025-12-02 00:22:31,548 [WARN] PackLoader:240 - Cannot read IP mode file for STMicroelectronics.X-CUBE-AZRTOS-WB.2.0.0
2025-12-02 00:22:31,548 [WARN] ConditionMgr:1044 - genDependencies : Invalid condition id : UX DEVICE CLASS RTOS Condition cause : null
2025-12-02 00:22:31,548 [WARN] ConditionMgr:1044 - genDependencies : Invalid condition id : UX DEVICE CLASS RTOS Condition cause : null
2025-12-02 00:22:31,549 [WARN] ConditionMgr:1044 - genDependencies : Invalid condition id : UX DEVICE CLASS RTOS Condition cause : null
2025-12-02 00:22:31,549 [WARN] ConditionMgr:1044 - genDependencies : Invalid condition id : UX DEVICE CLASS RTOS Condition cause : null
2025-12-02 00:22:31,549 [WARN] ConditionMgr:1044 - genDependencies : Invalid condition id : UX DEVICE CLASS RTOS Condition cause : null
2025-12-02 00:22:31,591 [WARN] PackLoader:240 - Cannot read IP mode file for STMicroelectronics.X-CUBE-GNSS1.7.0.1
2025-12-02 00:22:31,618 [WARN] ConditionMgr:438 - getConditionDescription Invalid condition id : Cortex-A Device cause : null
2025-12-02 00:22:31,621 [WARN] ConditionMgr:1044 - genDependencies : Invalid condition id : Cortex-A Device cause : null
2025-12-02 00:22:31,621 [WARN] ConditionMgr:1044 - genDependencies : Invalid condition id : Cortex-A Device cause : null
2025-12-02 00:22:31,621 [WARN] ConditionMgr:1044 - genDependencies : Invalid condition id : Cortex-A Device cause : null
2025-12-02 00:22:31,673 [WARN] PackLoader:240 - Cannot read IP mode file for STMicroelectronics.X-CUBE-SUBG2.5.0.0
2025-12-02 00:22:31,855 [WARN] PackLoader:240 - Cannot read IP mode file for STMicroelectronics.X-CUBE-AZRTOS-H7RS.1.1.0
2025-12-02 00:22:31,964 [WARN] PackLoader:240 - Cannot read IP mode file for STMicroelectronics.X-CUBE-AZRTOS-G4.2.0.0
2025-12-02 00:22:31,996 [WARN] PackLoader:240 - Cannot read IP mode file for wolfSSL.I-CUBE-wolfSSH.1.4.20
2025-12-02 00:22:32,042 [WARN] PackLoader:240 - Cannot read IP mode file for STMicroelectronics.X-CUBE-NFC7.2.0.0
2025-12-02 00:22:32,097 [WARN] PackLoader:240 - Cannot read IP mode file for STMicroelectronics.X-CUBE-ALS.1.0.2
2025-12-02 00:22:32,177 [WARN] PackLoader:240 - Cannot read IP mode file for STMicroelectronics.X-CUBE-STSE01.1.0.0
2025-12-02 00:22:32,301 [WARN] PackLoader:240 - Cannot read IP mode file for STMicroelectronics.X-CUBE-TOF1.3.4.3
2025-12-02 00:22:32,306 [INFO] ThirdParty:978 - Integrity check success = true
2025-12-02 00:22:32,307 [INFO] IntegrityCheckThread:100 - exiting critical section [integrity check]
2025-12-02 00:22:32,307 [INFO] IntegrityCheckThread:103 - End integrity checks thread
2025-12-02 00:22:43,982 [INFO] WebApp:169 - Instantiating new browser for Auth
2025-12-02 00:22:48,911 [INFO] WebApp:463 - Apply proxy settings
2025-12-02 00:22:48,912 [INFO] WebApp:548 - Chromium requires no authentication
2025-12-02 00:22:48,989 [INFO] WebApp:491 - Direct internet connection detected
2025-12-02 00:22:49,216 [INFO] WebApp:900 - Register for checkConnection events
2025-12-02 00:22:49,217 [INFO] WebApp:463 - Apply proxy settings
2025-12-02 00:22:49,217 [INFO] WebApp:548 - Chromium requires no authentication
2025-12-02 00:22:49,217 [INFO] WebApp:491 - Direct internet connection detected
2025-12-02 00:22:50,138 [INFO] WebApp:191 - Connection restablished
2025-12-02 00:22:50,184 [INFO] WebApp:225 - Starting web application
2025-12-02 00:22:50,184 [INFO] WebApp:593 - Web application path used /opt/st/stm32cubeide_1.19.0/plugins/com.st.stm32cube.common.mx_6.15.0.202507011659/db/plugins/mcufinder/reactClient1/index.html
2025-12-02 00:22:51,005 [INFO] UserAuth:487 - Internet connection configuration mode: 1
2025-12-02 00:40:28,703 [INFO] WebApp:194 - Connection lost
2025-12-02 00:40:28,961 [INFO] WebApp:191 - Connection restablished
2025-12-02 00:40:31,027 [INFO] WebApp:194 - Connection lost
2025-12-02 00:40:31,220 [INFO] WebApp:191 - Connection restablished
2025-12-02 05:26:02,734 [ERROR] LogOutputStream:75 - [STDERR_REDIRECT] 
2025-12-02 16:16:50,898 [INFO] Activator:176 - 


2025-12-02 16:16:50,911 [INFO] Activator:177 - !SESSION log4j initialized
2025-12-02 16:17:03,872 [INFO] LogOutputStream:77 - [STDOUT_REDIRECT] 
2025-12-02 16:17:09,637 [INFO] ApplicationProperties:184 - Using Application install path: /opt/st/stm32cubeide_1.19.0/plugins/com.st.stm32cube.common.mx_6.15.0.202507011659
2025-12-02 16:17:09,713 [INFO] DbMcusXml:78 - Set database path to: /opt/st/stm32cubeide_1.19.0/plugins/com.st.stm32cube.common.mx_6.15.0.202507011659//db//mcu/
2025-12-02 16:17:09,713 [INFO] ApiDb:274 - Set plugin database path to: /opt/st/stm32cubeide_1.19.0/plugins/com.st.stm32cube.common.mx_6.15.0.202507011659//db//plugins/boardmanager/
2025-12-02 16:17:09,713 [WARN] ApiDb:259 - Overriding images path with different value:  => /opt/st/stm32cubeide_1.19.0/plugins/com.st.stm32cube.common.mx_6.15.0.202507011659//db//plugins/mcufinder/images/
2025-12-02 16:17:09,917 [INFO] ApiDb:250 - Set database path to: /home/natthanicha/.stmcufinder/plugins/mcufinder//mcu/
2025-12-02 16:17:09,918 [INFO] DbMcusAds:125 - Set database path to: /home/natthanicha/.stmcufinder/plugins/mcufinder//mcu/
2025-12-02 16:17:09,920 [INFO] CrossReferenceDbSqlite:203 - Set database path to: /home/natthanicha/.stmcufinder/plugins/mcufinder//mcu/cs/
2025-12-02 16:17:10,113 [INFO] RulesReader:64 - Compatibility file has been processed (317 Rules)
2025-12-02 16:17:10,376 [INFO] DbMcusXml:78 - Set database path to: /opt/st/stm32cubeide_1.19.0/plugins/com.st.stm32cube.common.mx_6.15.0.202507011659//db//mcu/
2025-12-02 16:17:10,376 [INFO] ApiDb:274 - Set plugin database path to: /opt/st/stm32cubeide_1.19.0/plugins/com.st.stm32cube.common.mx_6.15.0.202507011659//db//plugins/boardmanager/
2025-12-02 16:17:10,376 [INFO] ApiDb:261 - Set plugin images path to: /opt/st/stm32cubeide_1.19.0/plugins/com.st.stm32cube.common.mx_6.15.0.202507011659//db//plugins/mcufinder/images/
2025-12-02 16:17:10,376 [WARN] DbFile:41 - Overriding database path with different value: /home/natthanicha/.stmcufinder/plugins/mcufinder/ => /home/natthanicha/.stmcufinder/plugins/mcufinder
2025-12-02 16:17:10,376 [INFO] ApiDb:250 - Set database path to: /home/natthanicha/.stmcufinder/plugins/mcufinder//mcu/
2025-12-02 16:17:10,376 [WARN] DbFile:41 - Overriding database path with different value: /home/natthanicha/.stmcufinder/plugins/mcufinder/ => /home/natthanicha/.stmcufinder/plugins/mcufinder
2025-12-02 16:17:10,376 [INFO] DbMcusAds:125 - Set database path to: /home/natthanicha/.stmcufinder/plugins/mcufinder//mcu/
2025-12-02 16:17:10,376 [WARN] DbFile:41 - Overriding database path with different value: /home/natthanicha/.stmcufinder/plugins/mcufinder/ => /home/natthanicha/.stmcufinder/plugins/mcufinder
2025-12-02 16:17:10,376 [WARN] DbFile:41 - Overriding database path with different value: /home/natthanicha/.stmcufinder/plugins/mcufinder/ => /home/natthanicha/.stmcufinder/plugins/mcufinder
2025-12-02 16:17:10,376 [INFO] CrossReferenceDbSqlite:203 - Set database path to: /home/natthanicha/.stmcufinder/plugins/mcufinder//mcu/cs/
2025-12-02 16:17:10,567 [INFO] MainPanel:274 - HeapMemory: 268435456
2025-12-02 16:17:11,030 [INFO] DbMcusXml:78 - Set database path to: /opt/st/stm32cubeide_1.19.0/plugins/com.st.stm32cube.common.mx_6.15.0.202507011659//db//mcu/
2025-12-02 16:17:11,030 [INFO] ApiDb:274 - Set plugin database path to: /opt/st/stm32cubeide_1.19.0/plugins/com.st.stm32cube.common.mx_6.15.0.202507011659//db//plugins/boardmanager/
2025-12-02 16:17:11,030 [INFO] ApiDb:261 - Set plugin images path to: /opt/st/stm32cubeide_1.19.0/plugins/com.st.stm32cube.common.mx_6.15.0.202507011659//db//plugins/mcufinder/images/
2025-12-02 16:17:11,031 [WARN] DbFile:41 - Overriding database path with different value: /home/natthanicha/.stmcufinder/plugins/mcufinder/ => /home/natthanicha/.stmcufinder/plugins/mcufinder
2025-12-02 16:17:11,031 [INFO] ApiDb:250 - Set database path to: /home/natthanicha/.stmcufinder/plugins/mcufinder//mcu/
2025-12-02 16:17:11,031 [WARN] DbFile:41 - Overriding database path with different value: /home/natthanicha/.stmcufinder/plugins/mcufinder/ => /home/natthanicha/.stmcufinder/plugins/mcufinder
2025-12-02 16:17:11,031 [INFO] DbMcusAds:125 - Set database path to: /home/natthanicha/.stmcufinder/plugins/mcufinder//mcu/
2025-12-02 16:17:11,031 [WARN] DbFile:41 - Overriding database path with different value: /home/natthanicha/.stmcufinder/plugins/mcufinder/ => /home/natthanicha/.stmcufinder/plugins/mcufinder
2025-12-02 16:17:11,031 [WARN] DbFile:41 - Overriding database path with different value: /home/natthanicha/.stmcufinder/plugins/mcufinder/ => /home/natthanicha/.stmcufinder/plugins/mcufinder
2025-12-02 16:17:11,031 [INFO] CrossReferenceDbSqlite:203 - Set database path to: /home/natthanicha/.stmcufinder/plugins/mcufinder//mcu/cs/
2025-12-02 16:17:11,079 [INFO] ApplicationProperties:184 - Using Application install path: /opt/st/stm32cubeide_1.19.0/plugins/com.st.stm32cube.common.mx_6.15.0.202507011659
2025-12-02 16:17:11,081 [INFO] PluginManage:196 - Search for loadable plugins [exclusion list=, ]
2025-12-02 16:17:11,082 [INFO] PluginManage:310 - Check plugin analytics
2025-12-02 16:17:11,425 [INFO] AnalyticsPlugin:253 - Accepted Software Licenses: 
2025-12-02 16:17:11,425 [INFO] AnalyticsPlugin:255 - Accepted CMSIS Pack Licenses: 
2025-12-02 16:17:11,426 [INFO] AnalyticsPlugin:257 - Accepted Firmware Licenses: FW.G4.1.6.0
2025-12-02 16:17:11,427 [INFO] PluginManage:359 - Loaded plugin analytics (category:tool,tabindex:-1)
2025-12-02 16:17:11,427 [INFO] PluginManage:310 - Check plugin cadmodel
2025-12-02 16:17:11,505 [INFO] CADModel:105 - Init CAD model plugin
2025-12-02 16:17:11,505 [INFO] PluginManage:359 - Loaded plugin cadmodel (category:power,tabindex:5)
2025-12-02 16:17:11,505 [INFO] PluginManage:310 - Check plugin clock
2025-12-02 16:17:11,561 [INFO] PluginManage:359 - Loaded plugin clock (category:base,tabindex:2)
2025-12-02 16:17:11,561 [INFO] PluginManage:310 - Check plugin ddr
2025-12-02 16:17:11,576 [INFO] PluginManage:359 - Loaded plugin ddr (category:tool,tabindex:6)
2025-12-02 16:17:11,576 [INFO] PluginManage:310 - Check plugin filemanager
2025-12-02 16:17:11,957 [INFO] PluginManage:359 - Loaded plugin filemanager (category:base,tabindex:10)
2025-12-02 16:17:11,957 [INFO] PluginManage:310 - Check plugin ipmanager
2025-12-02 16:17:11,977 [INFO] PluginManage:359 - Loaded plugin ipmanager (category:base,tabindex:5)
2025-12-02 16:17:11,978 [INFO] PluginManage:310 - Check plugin lpbam
2025-12-02 16:17:11,987 [INFO] PluginManage:359 - Loaded plugin lpbam (category:base,tabindex:0)
2025-12-02 16:17:11,987 [INFO] PluginManage:310 - Check plugin memorymap
2025-12-02 16:17:12,022 [INFO] PluginManage:359 - Loaded plugin memorymap (category:base,tabindex:4)
2025-12-02 16:17:12,022 [INFO] PluginManage:310 - Check plugin pinoutandconfiguration
2025-12-02 16:17:12,083 [INFO] PluginManage:359 - Loaded plugin pinoutandconfiguration (category:base,tabindex:1)
2025-12-02 16:17:12,083 [INFO] PluginManage:310 - Check plugin pinoutconfig
2025-12-02 16:17:12,288 [WARN] SupportedApi:132 - Cannot load RTOS API schema: s4s-elt-must-match.1: The content of 'definitions' must match (annotation?, (simpleType | complexType)?, (unique | key | keyref)*)). A problem was found starting at: attribute.
2025-12-02 16:17:12,432 [INFO] PluginManage:359 - Loaded plugin pinoutconfig (category:base,tabindex:0)
2025-12-02 16:17:12,432 [INFO] PluginManage:310 - Check plugin power
2025-12-02 16:17:12,486 [INFO] PluginManage:359 - Loaded plugin power (category:power,tabindex:4)
2025-12-02 16:17:12,486 [INFO] PluginManage:310 - Check plugin projectmanager
2025-12-02 16:17:12,522 [INFO] PluginManage:359 - Loaded plugin projectmanager (category:projectmanager,tabindex:4)
2025-12-02 16:17:12,523 [INFO] PluginManage:310 - Check plugin rif
2025-12-02 16:17:12,584 [INFO] PluginManage:359 - Loaded plugin rif (category:base,tabindex:3)
2025-12-02 16:17:12,585 [INFO] PluginManage:310 - Check plugin thirdparty
2025-12-02 16:17:12,855 [INFO] PluginManage:359 - Loaded plugin thirdparty (category:base,tabindex:-1)
2025-12-02 16:17:12,855 [WARN] IntegrityCheckThread:84 - waiting for thirdparty lock release [integrity check]
2025-12-02 16:17:12,855 [INFO] IntegrityCheckThread:86 - entering critical section [integrity check]
2025-12-02 16:17:12,855 [INFO] PluginManage:310 - Check plugin tools
2025-12-02 16:17:12,856 [INFO] ThirdPartyUpdaterWithRetryManager:70 - Updater plugin not ready yet. [1/15]
2025-12-02 16:17:12,872 [INFO] PluginManage:359 - Loaded plugin tools (category:base,tabindex:7)
2025-12-02 16:17:12,878 [INFO] PluginManage:310 - Check plugin tutovideos
2025-12-02 16:17:13,163 [INFO] PluginManage:359 - Loaded plugin tutovideos (category:base,tabindex:-1)
2025-12-02 16:17:13,163 [INFO] PluginManage:310 - Check plugin updater
2025-12-02 16:17:13,211 [INFO] PluginManage:359 - Loaded plugin updater (category:base,tabindex:12)
2025-12-02 16:17:13,212 [INFO] PluginManage:310 - Check plugin userauth
2025-12-02 16:17:13,244 [INFO] UserAuth:118 - Init User Auth plugin
2025-12-02 16:17:13,245 [INFO] PluginManage:359 - Loaded plugin userauth (category:base,tabindex:14)
2025-12-02 16:17:13,245 [INFO] PluginManage:283 - PluginManage : Loaded plugins [18]
2025-12-02 16:17:13,795 [INFO] PinOutPanel:1589 - setPackage(No Configuration,No Configuration)
2025-12-02 16:17:13,998 [INFO] CADModel:165 - CPN selected for project level
2025-12-02 16:17:13,998 [INFO] CADModel:114 - Register for checkConnection events
2025-12-02 16:17:14,091 [INFO] IPUIPlugin:80 - create IPUIPlugin
2025-12-02 16:17:14,092 [INFO] PluginManager:220 - loadIPPluginJar : add gfxmmu
2025-12-02 16:17:14,112 [INFO] IPUIPlugin:80 - create IPUIPlugin
2025-12-02 16:17:14,112 [INFO] PluginManager:220 - loadIPPluginJar : add spi
2025-12-02 16:17:14,168 [INFO] IPUIPlugin:80 - create IPUIPlugin
2025-12-02 16:17:14,169 [INFO] PluginManager:220 - loadIPPluginJar : add linkedlist
2025-12-02 16:17:14,177 [INFO] IPUIPlugin:80 - create IPUIPlugin
2025-12-02 16:17:14,177 [INFO] PluginManager:220 - loadIPPluginJar : add stm32_wpan
2025-12-02 16:17:14,203 [INFO] IPUIPlugin:80 - create IPUIPlugin
2025-12-02 16:17:14,203 [INFO] PluginManager:220 - loadIPPluginJar : add resmgrutility
2025-12-02 16:17:14,226 [INFO] IPUIPlugin:80 - create IPUIPlugin
2025-12-02 16:17:14,226 [INFO] PluginManager:220 - loadIPPluginJar : add gpio
2025-12-02 16:17:14,228 [INFO] IPUIPlugin:80 - create IPUIPlugin
2025-12-02 16:17:14,228 [INFO] PluginManager:220 - loadIPPluginJar : add ucpd
2025-12-02 16:17:14,248 [INFO] IPUIPlugin:80 - create IPUIPlugin
2025-12-02 16:17:14,248 [INFO] PluginManager:220 - loadIPPluginJar : add dma3
2025-12-02 16:17:14,249 [INFO] IPUIPlugin:80 - create IPUIPlugin
2025-12-02 16:17:14,250 [INFO] PluginManager:220 - loadIPPluginJar : add i2s
2025-12-02 16:17:14,254 [INFO] IPUIPlugin:80 - create IPUIPlugin
2025-12-02 16:17:14,254 [INFO] PluginManager:220 - loadIPPluginJar : add mdma
2025-12-02 16:17:14,255 [INFO] IPUIPlugin:80 - create IPUIPlugin
2025-12-02 16:17:14,256 [INFO] PluginManager:220 - loadIPPluginJar : add tsc
2025-12-02 16:17:14,258 [INFO] IPUIPlugin:80 - create IPUIPlugin
2025-12-02 16:17:14,258 [INFO] PluginManager:220 - loadIPPluginJar : add lorawan
2025-12-02 16:17:14,260 [INFO] IPUIPlugin:80 - create IPUIPlugin
2025-12-02 16:17:14,260 [INFO] PluginManager:220 - loadIPPluginJar : add extmemmanager
2025-12-02 16:17:14,282 [INFO] IPUIPlugin:80 - create IPUIPlugin
2025-12-02 16:17:14,282 [INFO] PluginManager:220 - loadIPPluginJar : add adc
2025-12-02 16:17:14,299 [INFO] IPUIPlugin:80 - create IPUIPlugin
2025-12-02 16:17:14,299 [INFO] PluginManager:220 - loadIPPluginJar : add radio
2025-12-02 16:17:14,302 [INFO] IPUIPlugin:80 - create IPUIPlugin
2025-12-02 16:17:14,302 [INFO] PluginManager:220 - loadIPPluginJar : add sai
2025-12-02 16:17:14,322 [INFO] IPUIPlugin:80 - create IPUIPlugin
2025-12-02 16:17:14,322 [INFO] PluginManager:220 - loadIPPluginJar : add genericplugin
2025-12-02 16:17:14,325 [INFO] IPUIPlugin:80 - create IPUIPlugin
2025-12-02 16:17:14,325 [INFO] PluginManager:220 - loadIPPluginJar : add i2c
2025-12-02 16:17:14,355 [INFO] IPUIPlugin:80 - create IPUIPlugin
2025-12-02 16:17:14,355 [INFO] PluginManager:220 - loadIPPluginJar : add ddr_ctrl_phy
2025-12-02 16:17:14,358 [INFO] IPUIPlugin:80 - create IPUIPlugin
2025-12-02 16:17:14,358 [INFO] PluginManager:220 - loadIPPluginJar : add gtzc
2025-12-02 16:17:14,360 [INFO] IPUIPlugin:80 - create IPUIPlugin
2025-12-02 16:17:14,360 [INFO] PluginManager:220 - loadIPPluginJar : add usbx
2025-12-02 16:17:14,366 [INFO] IPUIPlugin:80 - create IPUIPlugin
2025-12-02 16:17:14,367 [INFO] PluginManager:220 - loadIPPluginJar : add freertos
2025-12-02 16:17:14,368 [INFO] IPUIPlugin:80 - create IPUIPlugin
2025-12-02 16:17:14,368 [INFO] PluginManager:220 - loadIPPluginJar : add pdm2pcm
2025-12-02 16:17:14,369 [INFO] IPUIPlugin:80 - create IPUIPlugin
2025-12-02 16:17:14,369 [INFO] PluginManager:220 - loadIPPluginJar : add fatfs
2025-12-02 16:17:14,384 [INFO] IPUIPlugin:80 - create IPUIPlugin
2025-12-02 16:17:14,384 [INFO] PluginManager:220 - loadIPPluginJar : add ipddr
2025-12-02 16:17:14,386 [INFO] IPUIPlugin:80 - create IPUIPlugin
2025-12-02 16:17:14,386 [INFO] PluginManager:220 - loadIPPluginJar : add aes
2025-12-02 16:17:14,390 [INFO] IPUIPlugin:80 - create IPUIPlugin
2025-12-02 16:17:14,390 [INFO] PluginManager:220 - loadIPPluginJar : add fmc
2025-12-02 16:17:14,392 [INFO] IPUIPlugin:80 - create IPUIPlugin
2025-12-02 16:17:14,392 [INFO] PluginManager:220 - loadIPPluginJar : add i3c
2025-12-02 16:17:14,394 [INFO] IPUIPlugin:80 - create IPUIPlugin
2025-12-02 16:17:14,394 [INFO] PluginManager:220 - loadIPPluginJar : add touchsensing
2025-12-02 16:17:14,395 [INFO] IPUIPlugin:80 - create IPUIPlugin
2025-12-02 16:17:14,395 [INFO] PluginManager:220 - loadIPPluginJar : add opamp
2025-12-02 16:17:14,397 [INFO] IPUIPlugin:80 - create IPUIPlugin
2025-12-02 16:17:14,397 [INFO] PluginManager:220 - loadIPPluginJar : add tracer_emb
2025-12-02 16:17:14,410 [INFO] IPUIPlugin:80 - create IPUIPlugin
2025-12-02 16:17:14,410 [INFO] PluginManager:220 - loadIPPluginJar : add dma
2025-12-02 16:17:14,411 [INFO] IPUIPlugin:80 - create IPUIPlugin
2025-12-02 16:17:14,411 [INFO] PluginManager:220 - loadIPPluginJar : add ltdc
2025-12-02 16:17:14,413 [INFO] IPUIPlugin:80 - create IPUIPlugin
2025-12-02 16:17:14,413 [INFO] PluginManager:220 - loadIPPluginJar : add hash
2025-12-02 16:17:14,433 [INFO] IPUIPlugin:80 - create IPUIPlugin
2025-12-02 16:17:14,435 [INFO] PluginManager:220 - loadIPPluginJar : add plateformsettings
2025-12-02 16:17:14,436 [INFO] IPUIPlugin:80 - create IPUIPlugin
2025-12-02 16:17:14,436 [INFO] PluginManager:220 - loadIPPluginJar : add comp
2025-12-02 16:17:14,438 [INFO] IPUIPlugin:80 - create IPUIPlugin
2025-12-02 16:17:14,438 [INFO] PluginManager:220 - loadIPPluginJar : add can
2025-12-02 16:17:14,439 [INFO] IPUIPlugin:80 - create IPUIPlugin
2025-12-02 16:17:14,439 [INFO] PluginManager:220 - loadIPPluginJar : add dfsdm
2025-12-02 16:17:14,441 [INFO] IPUIPlugin:80 - create IPUIPlugin
2025-12-02 16:17:14,441 [INFO] PluginManager:220 - loadIPPluginJar : add usart
2025-12-02 16:17:14,466 [INFO] IPUIPlugin:80 - create IPUIPlugin
2025-12-02 16:17:14,467 [INFO] PluginManager:220 - loadIPPluginJar : add nvic
2025-12-02 16:17:14,472 [INFO] IPUIPlugin:80 - create IPUIPlugin
2025-12-02 16:17:14,472 [INFO] PluginManager:220 - loadIPPluginJar : add gic
2025-12-02 16:17:14,473 [INFO] IPUIPlugin:80 - create IPUIPlugin
2025-12-02 16:17:14,473 [INFO] PluginManager:220 - loadIPPluginJar : add quadspi
2025-12-02 16:17:14,475 [INFO] IPUIPlugin:80 - create IPUIPlugin
2025-12-02 16:17:14,475 [INFO] PluginManager:220 - loadIPPluginJar : add cryp
2025-12-02 16:17:14,477 [INFO] IPUIPlugin:80 - create IPUIPlugin
2025-12-02 16:17:14,477 [INFO] PluginManager:220 - loadIPPluginJar : add openamp
2025-12-02 16:17:14,478 [INFO] IPUIPlugin:80 - create IPUIPlugin
2025-12-02 16:17:14,478 [INFO] PluginManager:220 - loadIPPluginJar : add tim
2025-12-02 16:17:14,479 [INFO] IPUIPlugin:80 - create IPUIPlugin
2025-12-02 16:17:14,479 [INFO] PluginManager:220 - loadIPPluginJar : add ts
2025-12-02 16:17:14,609 [FATAL] Updater:351 - Updater called before beeing initialized
2025-12-02 16:17:14,660 [INFO] RulesReader:64 - Compatibility file has been processed (317 Rules)
2025-12-02 16:17:14,668 [INFO] RulesReader:64 - Compatibility file has been processed (317 Rules)
2025-12-02 16:17:14,676 [INFO] CADModel:165 - CPN selected for project level
2025-12-02 16:17:14,676 [INFO] CADModel:114 - Register for checkConnection events
2025-12-02 16:17:14,676 [FATAL] Updater:351 - Updater called before beeing initialized
2025-12-02 16:17:14,676 [ERROR] CADModel:125 - Updater not yet initialized, retry later 
2025-12-02 16:17:14,942 [FATAL] Updater:351 - Updater called before beeing initialized
2025-12-02 16:17:14,954 [INFO] CADModel:165 - CPN selected for project level
2025-12-02 16:17:14,954 [INFO] CADModel:114 - Register for checkConnection events
2025-12-02 16:17:14,954 [FATAL] Updater:351 - Updater called before beeing initialized
2025-12-02 16:17:14,954 [ERROR] CADModel:125 - Updater not yet initialized, retry later 
2025-12-02 16:17:14,958 [FATAL] Updater:351 - Updater called before beeing initialized
2025-12-02 16:17:15,040 [FATAL] Updater:351 - Updater called before beeing initialized
2025-12-02 16:17:15,055 [INFO] DbMcusAds:53 - JSON generation date=Mon Nov 10 17:43:01 ICT 2025 (1762771381096)
2025-12-02 16:17:15,055 [FATAL] Updater:351 - Updater called before beeing initialized
2025-12-02 16:17:15,238 [WARN] DetailPanel:346 - Failed to get advertising image, set to default
2025-12-02 16:17:15,298 [FATAL] Updater:351 - Updater called before beeing initialized
2025-12-02 16:17:15,300 [FATAL] Updater:351 - Updater called before beeing initialized
2025-12-02 16:17:15,300 [FATAL] Updater:351 - Updater called before beeing initialized
2025-12-02 16:17:15,301 [WARN] DetailPanel:346 - Failed to get advertising image, set to default
2025-12-02 16:17:15,302 [FATAL] Updater:351 - Updater called before beeing initialized
2025-12-02 16:17:15,374 [ERROR] Updater:1198 - MainUpdater not yet initialized. External WinMGr cannot be set.
2025-12-02 16:17:15,391 [INFO] Updater:1134 - Updater Version found : 6.15.0
2025-12-02 16:17:15,439 [INFO] ApplicationProperties:184 - Using Application install path: /opt/st/stm32cubeide_1.19.0/plugins/com.st.stm32cube.common.mx_6.15.0.202507011659
2025-12-02 16:17:15,856 [INFO] ThirdPartyUpdaterWithRetryManager:70 - Updater plugin not ready yet. [2/15]
2025-12-02 16:17:16,117 [INFO] MainUpdater:2872 - connection check result : 10
2025-12-02 16:17:16,118 [INFO] MainUpdater:289 - Updater Check For Update Now.
2025-12-02 16:17:16,118 [INFO] MicroXplorer:498 - Change Database Version : DB.6.0.150
2025-12-02 16:17:16,122 [INFO] McuFinderGlobals:63 - Set McuFinder mode to 2 (CubeIDE integrated)
2025-12-02 16:17:16,191 [INFO] UserAuth:487 - Internet connection configuration mode: 1
2025-12-02 16:17:16,437 [INFO] JxBrowserEngine:152 - Initiate JxBrowser Engine with user profile folder
2025-12-02 16:17:16,515 [INFO] CheckServerUpdateThread:120 - End of CheckServer Thread
2025-12-02 16:17:21,749 [WARN] PackLoader:240 - Cannot read IP mode file for STMicroelectronics.FP-SNS-MOTENVWB1.1.4.0
2025-12-02 16:17:21,774 [WARN] PackLoader:240 - Cannot read IP mode file for STMicroelectronics.FP-ATR-ASTRA1.2.0.2
2025-12-02 16:17:21,818 [WARN] PackLoader:240 - Cannot read IP mode file for STMicroelectronics.X-CUBE-SMBUS.2.1.0
2025-12-02 16:17:21,835 [WARN] PackLoader:240 - Cannot read IP mode file for STMicroelectronics.X-CUBE-ST60.1.0.0
2025-12-02 16:17:21,942 [WARN] PackLoader:240 - Cannot read IP mode file for STMicroelectronics.X-CUBE-AZRTOS-F7.1.1.0
2025-12-02 16:17:21,970 [WARN] PackLoader:240 - Cannot read IP mode file for Cesanta.I-CUBE-Mongoose.7.19.0
2025-12-02 16:17:21,999 [WARN] PackLoader:240 - Cannot read IP mode file for STMicroelectronics.FP-SNS-MOTENV1.5.1.0
2025-12-02 16:17:22,073 [WARN] PackLoader:240 - Cannot read IP mode file for WES.I-CUBE-Cesium.1.4.0
2025-12-02 16:17:22,133 [WARN] PackLoader:240 - Cannot read IP mode file for Infineon.AIROC-Wi-Fi-Bluetooth-STM32.1.7.1
2025-12-02 16:17:22,198 [WARN] PackLoader:240 - Cannot read IP mode file for STMicroelectronics.X-CUBE-AZRTOS-H7.3.4.0
2025-12-02 16:17:22,250 [WARN] PackLoader:240 - Cannot read IP mode file for STMicroelectronics.X-CUBE-DISPLAY.3.0.0
2025-12-02 16:17:22,330 [WARN] PackLoader:240 - Cannot read IP mode file for STMicroelectronics.X-CUBE-NFC10.1.0.0
2025-12-02 16:17:22,365 [WARN] PackLoader:240 - Cannot read IP mode file for STMicroelectronics.X-CUBE-ST60.1.1.0
2025-12-02 16:17:22,412 [WARN] PackLoader:240 - Cannot read IP mode file for emotas.I-CUBE-CANOPEN.1.3.0
2025-12-02 16:17:22,453 [WARN] PackLoader:240 - Cannot read IP mode file for STMicroelectronics.X-CUBE-GNSS1.7.1.0
2025-12-02 16:17:22,506 [WARN] PackLoader:240 - Cannot read IP mode file for STMicroelectronics.FP-SNS-STBOX1.2.1.0
2025-12-02 16:17:22,539 [WARN] PackLoader:240 - Cannot read IP mode file for STMicroelectronics.FP-SNS-SMARTAG2.1.2.0
2025-12-02 16:17:22,562 [WARN] PackLoader:240 - Cannot read IP mode file for STMicroelectronics.FP-SNS-FLIGHT1.5.1.0
2025-12-02 16:17:22,633 [INFO] LogOutputStream:77 - [STDOUT_REDIRECT] 1 : Invalid condition id : UX_CORESTACK_Condition cause : null
2025-12-02 16:17:22,633 [INFO] LogOutputStream:77 - [STDOUT_REDIRECT] 1 : Invalid condition id : UX_CORESTACK_Condition cause : null
2025-12-02 16:17:22,633 [INFO] LogOutputStream:77 - [STDOUT_REDIRECT] 1 : Invalid condition id : UX_CORESTACK_Condition cause : null
2025-12-02 16:17:22,634 [INFO] LogOutputStream:77 - [STDOUT_REDIRECT] 1 : Invalid condition id : UX_CORESTACK_Condition cause : null
2025-12-02 16:17:22,634 [INFO] LogOutputStream:77 - [STDOUT_REDIRECT] 1 : Invalid condition id : UX_CORESTACK_Condition cause : null
2025-12-02 16:17:22,635 [WARN] PackLoader:240 - Cannot read IP mode file for STMicroelectronics.X-CUBE-AZRTOS-WL.2.0.0
2025-12-02 16:17:22,663 [WARN] PackLoader:240 - Cannot read IP mode file for STMicroelectronics.FP-SNS-MOTENV1.5.0.0
2025-12-02 16:17:22,758 [WARN] PackLoader:240 - Cannot read IP mode file for STMicroelectronics.X-CUBE-AZRTOS-H7RS.1.2.0
2025-12-02 16:17:22,814 [WARN] PackLoader:240 - Cannot read IP mode file for STMicroelectronics.X-CUBE-BLE2.3.3.0
2025-12-02 16:17:22,929 [WARN] PackLoader:240 - Cannot read IP mode file for STMicroelectronics.X-CUBE-NFC9.1.0.0
2025-12-02 16:17:22,994 [WARN] PackLoader:240 - Cannot read IP mode file for wolfSSL.I-CUBE-wolfSSL.5.8.2
2025-12-02 16:17:23,046 [WARN] PackLoader:240 - Cannot read IP mode file for STMicroelectronics.X-CUBE-BLE1.7.1.0
2025-12-02 16:17:23,080 [WARN] PackLoader:240 - Cannot read IP mode file for wolfSSL.I-CUBE-wolfMQTT.1.19.2
2025-12-02 16:17:23,132 [WARN] PackLoader:240 - Cannot read IP mode file for STMicroelectronics.X-CUBE-FREERTOS.1.4.0
2025-12-02 16:17:23,174 [WARN] PackLoader:240 - Cannot read IP mode file for STMicroelectronics.X-CUBE-EEPRMA1.5.2.0
2025-12-02 16:17:23,248 [WARN] PackLoader:240 - Cannot read IP mode file for STMicroelectronics.X-CUBE-ST67W61.1.1.0
2025-12-02 16:17:23,374 [WARN] PackLoader:240 - Cannot read IP mode file for STMicroelectronics.X-CUBE-MEMS1.12.0.0
2025-12-02 16:17:23,536 [WARN] PackLoader:240 - Cannot read IP mode file for STMicroelectronics.X-CUBE-AZRTOS-G0.1.1.0
2025-12-02 16:17:23,581 [WARN] PackLoader:240 - Cannot read IP mode file for STMicroelectronics.X-CUBE-SAFEA1.1.2.2
2025-12-02 16:17:23,640 [WARN] PackLoader:240 - Cannot read IP mode file for STMicroelectronics.X-CUBE-NFC4.3.0.0
2025-12-02 16:17:23,690 [WARN] PackLoader:240 - Cannot read IP mode file for EmbeddedOffice.I-CUBE-FS-RTOS.1.0.1
2025-12-02 16:17:23,722 [WARN] PackLoader:240 - Cannot read IP mode file for STMicroelectronics.X-CUBE-WB05N.2.0.0
2025-12-02 16:17:23,757 [WARN] PackLoader:240 - Cannot read IP mode file for wolfSSL.I-CUBE-wolfTPM.3.8.0
2025-12-02 16:17:23,807 [WARN] PackLoader:240 - Cannot read IP mode file for STMicroelectronics.X-CUBE-TCPP.4.2.0
2025-12-02 16:17:23,828 [WARN] PackLoader:240 - Cannot read IP mode file for RealThread.X-CUBE-RT-Thread_Nano.4.1.1
2025-12-02 16:17:23,873 [WARN] PackLoader:240 - Cannot read IP mode file for STMicroelectronics.FP-ATR-SIGFOX1.3.2.0
2025-12-02 16:17:23,902 [WARN] PackLoader:240 - Cannot read IP mode file for ITTIA_DB.I-CUBE-ITTIADB.8.9.0
2025-12-02 16:17:23,919 [WARN] PackLoader:240 - Cannot read IP mode file for STMicroelectronics.X-CUBE-AI.10.2.0
2025-12-02 16:17:23,991 [WARN] PackLoader:240 - Cannot read IP mode file for SEGGER.I-CUBE-embOS.1.3.1
2025-12-02 16:17:24,050 [WARN] PackLoader:240 - Cannot read IP mode file for STMicroelectronics.X-CUBE-ALGOBUILD.1.4.0
2025-12-02 16:17:24,156 [WARN] PackLoader:240 - Cannot read IP mode file for STMicroelectronics.X-CUBE-MEMS1.11.3.0
2025-12-02 16:17:24,227 [WARN] PackLoader:240 - Cannot read IP mode file for STMicroelectronics.X-CUBE-PM33A1.1.0.0
2025-12-02 16:17:24,354 [WARN] PackLoader:240 - Cannot read IP mode file for STMicroelectronics.X-CUBE-AZRTOS-F4.1.1.0
2025-12-02 16:17:24,381 [WARN] PackLoader:240 - Cannot read IP mode file for STMicroelectronics.X-CUBE-ISPU.2.1.0
2025-12-02 16:17:24,421 [WARN] PackLoader:240 - Cannot read IP mode file for STMicroelectronics.X-CUBE-IPS.3.2.0
2025-12-02 16:17:24,496 [WARN] PackLoader:240 - Cannot read IP mode file for STMicroelectronics.X-CUBE-NFC12.1.0.0
2025-12-02 16:17:24,578 [WARN] PackLoader:240 - Cannot read IP mode file for STMicroelectronics.X-CUBE-AZRTOS-L5.2.0.0
2025-12-02 16:17:24,624 [WARN] PackLoader:240 - Cannot read IP mode file for STMicroelectronics.X-CUBE-NFC6.3.1.0
2025-12-02 16:17:24,681 [WARN] PackLoader:240 - Cannot read IP mode file for STMicroelectronics.X-CUBE-FREERTOS.1.3.1
2025-12-02 16:17:24,705 [WARN] PackLoader:240 - Cannot read IP mode file for STMicroelectronics.X-CUBE-TOUCHGFX.4.26.0
2025-12-02 16:17:24,764 [WARN] PackLoader:240 - Cannot read IP mode file for STMicroelectronics.FP-SNS-STAIOTCFT.1.0.0
2025-12-02 16:17:24,792 [WARN] PackLoader:240 - Cannot read IP mode file for STMicroelectronics.X-CUBE-DPower.1.3.0
2025-12-02 16:17:24,873 [WARN] ConditionMgr:438 - getConditionDescription Invalid condition id : LAN8742 Phy interface Condition cause : null
2025-12-02 16:17:24,873 [WARN] PackLoader:240 - Cannot read IP mode file for STMicroelectronics.X-CUBE-AZRTOS-L4.2.0.0
2025-12-02 16:17:24,874 [WARN] ConditionMgr:1044 - genDependencies : Invalid condition id : LAN8742 Phy interface Condition cause : null
2025-12-02 16:17:24,874 [WARN] ConditionMgr:1044 - genDependencies : Invalid condition id : LAN8742 Phy interface Condition cause : null
2025-12-02 16:17:24,875 [WARN] ConditionMgr:1044 - genDependencies : Invalid condition id : LAN8742 Phy interface Condition cause : null
2025-12-02 16:17:24,922 [WARN] PackLoader:240 - Cannot read IP mode file for STMicroelectronics.X-CUBE-SFXS2LP1.4.0.0
2025-12-02 16:17:24,998 [WARN] PackLoader:240 - Cannot read IP mode file for STMicroelectronics.X-CUBE-BLEMGR.4.1.0
2025-12-02 16:17:25,110 [WARN] ConditionMgr:438 - getConditionDescription Invalid condition id : UX DEVICE CLASS RTOS Condition cause : null
2025-12-02 16:17:25,110 [WARN] ConditionMgr:438 - getConditionDescription Invalid condition id : UX DEVICE CLASS RTOS Condition cause : null
2025-12-02 16:17:25,110 [WARN] PackLoader:240 - Cannot read IP mode file for STMicroelectronics.X-CUBE-AZRTOS-WB.2.0.0
2025-12-02 16:17:25,111 [WARN] ConditionMgr:1044 - genDependencies : Invalid condition id : UX DEVICE CLASS RTOS Condition cause : null
2025-12-02 16:17:25,111 [WARN] ConditionMgr:1044 - genDependencies : Invalid condition id : UX DEVICE CLASS RTOS Condition cause : null
2025-12-02 16:17:25,111 [WARN] ConditionMgr:1044 - genDependencies : Invalid condition id : UX DEVICE CLASS RTOS Condition cause : null
2025-12-02 16:17:25,111 [WARN] ConditionMgr:1044 - genDependencies : Invalid condition id : UX DEVICE CLASS RTOS Condition cause : null
2025-12-02 16:17:25,111 [WARN] ConditionMgr:1044 - genDependencies : Invalid condition id : UX DEVICE CLASS RTOS Condition cause : null
2025-12-02 16:17:25,133 [WARN] PackLoader:240 - Cannot read IP mode file for STMicroelectronics.X-CUBE-GNSS1.7.0.1
2025-12-02 16:17:25,158 [WARN] ConditionMgr:438 - getConditionDescription Invalid condition id : Cortex-A Device cause : null
2025-12-02 16:17:25,164 [WARN] ConditionMgr:1044 - genDependencies : Invalid condition id : Cortex-A Device cause : null
2025-12-02 16:17:25,164 [WARN] ConditionMgr:1044 - genDependencies : Invalid condition id : Cortex-A Device cause : null
2025-12-02 16:17:25,164 [WARN] ConditionMgr:1044 - genDependencies : Invalid condition id : Cortex-A Device cause : null
2025-12-02 16:17:25,194 [WARN] PackLoader:240 - Cannot read IP mode file for STMicroelectronics.X-CUBE-SUBG2.5.0.0
2025-12-02 16:17:25,283 [WARN] PackLoader:240 - Cannot read IP mode file for STMicroelectronics.X-CUBE-AZRTOS-H7RS.1.1.0
2025-12-02 16:17:25,349 [WARN] PackLoader:240 - Cannot read IP mode file for STMicroelectronics.X-CUBE-AZRTOS-G4.2.0.0
2025-12-02 16:17:25,388 [WARN] PackLoader:240 - Cannot read IP mode file for wolfSSL.I-CUBE-wolfSSH.1.4.20
2025-12-02 16:17:25,430 [WARN] PackLoader:240 - Cannot read IP mode file for STMicroelectronics.X-CUBE-NFC7.2.0.0
2025-12-02 16:17:25,471 [WARN] PackLoader:240 - Cannot read IP mode file for STMicroelectronics.X-CUBE-ALS.1.0.2
2025-12-02 16:17:25,521 [WARN] PackLoader:240 - Cannot read IP mode file for STMicroelectronics.X-CUBE-STSE01.1.0.0
2025-12-02 16:17:25,578 [WARN] PackLoader:240 - Cannot read IP mode file for STMicroelectronics.X-CUBE-TOF1.3.4.3
2025-12-02 16:17:25,583 [INFO] ThirdParty:978 - Integrity check success = true
2025-12-02 16:17:25,583 [INFO] IntegrityCheckThread:100 - exiting critical section [integrity check]
2025-12-02 16:17:25,583 [INFO] IntegrityCheckThread:103 - End integrity checks thread
2025-12-02 16:17:33,577 [INFO] WebApp:169 - Instantiating new browser for Auth
2025-12-02 16:17:37,431 [INFO] WebApp:463 - Apply proxy settings
2025-12-02 16:17:37,432 [INFO] WebApp:548 - Chromium requires no authentication
2025-12-02 16:17:37,491 [INFO] WebApp:491 - Direct internet connection detected
2025-12-02 16:17:37,615 [INFO] WebApp:900 - Register for checkConnection events
2025-12-02 16:17:37,644 [INFO] WebApp:463 - Apply proxy settings
2025-12-02 16:17:37,645 [INFO] WebApp:548 - Chromium requires no authentication
2025-12-02 16:17:37,645 [INFO] WebApp:491 - Direct internet connection detected
2025-12-02 16:17:38,063 [INFO] WebApp:191 - Connection restablished
2025-12-02 16:17:38,213 [INFO] WebApp:225 - Starting web application
2025-12-02 16:17:38,213 [INFO] WebApp:593 - Web application path used /opt/st/stm32cubeide_1.19.0/plugins/com.st.stm32cube.common.mx_6.15.0.202507011659/db/plugins/mcufinder/reactClient1/index.html
2025-12-02 16:17:38,850 [INFO] UserAuth:487 - Internet connection configuration mode: 1
2025-12-02 16:21:39,398 [INFO] WebApp:194 - Connection lost
2025-12-02 16:21:59,933 [INFO] WebApp:191 - Connection restablished
2025-12-02 16:32:13,889 [INFO] McuFinderGlobals:63 - Set McuFinder mode to 2 (CubeIDE integrated)
2025-12-02 16:32:13,893 [INFO] MainUpdater:2872 - connection check result : 10
2025-12-02 16:32:13,894 [INFO] MainUpdater:2872 - connection check result : 10
2025-12-02 16:32:14,038 [INFO] MicroXplorer:468 - Change Database Path : 
2025-12-02 16:32:14,038 [INFO] MicroXplorer:498 - Change Database Version : DB.6.0.150
2025-12-02 16:32:14,104 [WARN] ThirdParty:871 - waiting for thirdparty lock release [close project]
2025-12-02 16:32:14,104 [INFO] ThirdParty:873 - entering critical section [close project]
2025-12-02 16:32:14,104 [INFO] ThirdParty:883 - exiting critical section [close project]
2025-12-02 16:32:14,105 [INFO] PinOutPanel:1589 - setPackage(No Configuration,No Configuration)
2025-12-02 16:32:14,106 [INFO] UtilMem:75 - Begin LoadConfig() Used Memory: 793947712 Bytes (872415232)
2025-12-02 16:32:14,107 [INFO] MicroXplorer:468 - Change Database Path : 
2025-12-02 16:32:14,107 [INFO] MicroXplorer:498 - Change Database Version : DB.6.0.150
2025-12-02 16:32:14,107 [INFO] OpenFileManager:355 - Change cursor
2025-12-02 16:32:14,245 [INFO] Mcu:2029 - Initializing MCU STM32G474R(B-C-E)Tx STM32G474RETx STM32G474RET6
2025-12-02 16:32:17,489 [INFO] Context:786 - Trying to add GPIOservice into a context  which must be forbidden
2025-12-02 16:32:18,813 [INFO] ApiDbMcu:532 - Load IP Config File for NUCLEO-G474RE
2025-12-02 16:32:18,878 [INFO] ImportTextPane:234 - (OptionalMessage_ERROR) Pin21 (VP_RIF_VS_RIF1) cannot be retrieved for this MCU
2025-12-02 16:32:18,994 [INFO] RtosManager:558 - Registered RTOS mode: class=CMSIS, group=RTOS, mode=CMSIS_V1, owner=FREERTOS
2025-12-02 16:32:18,994 [INFO] RtosManager:558 - Registered RTOS mode: class=CMSIS, group=RTOS2, mode=CMSIS_V2, owner=FREERTOS
2025-12-02 16:32:18,994 [INFO] RtosManager:558 - Registered RTOS mode: class=RTOS, group=Core, mode=CMSIS_V1, owner=FREERTOS
2025-12-02 16:32:18,995 [INFO] RtosManager:558 - Registered RTOS mode: class=RTOS, group=Core, mode=CMSIS_V2, owner=FREERTOS
2025-12-02 16:32:18,995 [WARN] ModelIntegratedComponent:184 - Missing modes for component STMicroelectronics:FreeRTOS:0.0.1:STMicroelectronics:RTOS:FreeRTOS:Core:::10.2.0:
2025-12-02 16:32:19,011 [WARN] ModelIntegratedComponent:63 - No mode defined for component null
2025-12-02 16:32:19,011 [WARN] ModelIntegratedComponent:63 - No mode defined for component null
2025-12-02 16:32:19,011 [WARN] ModelIntegratedComponent:63 - No mode defined for component null
2025-12-02 16:32:19,011 [WARN] ModelIntegratedComponent:63 - No mode defined for component null
2025-12-02 16:32:19,011 [WARN] ModelIntegratedComponent:63 - No mode defined for component null
2025-12-02 16:32:19,011 [WARN] ModelIntegratedComponent:63 - No mode defined for component null
2025-12-02 16:32:19,011 [WARN] ModelIntegratedComponent:63 - No mode defined for component null
2025-12-02 16:32:19,011 [WARN] ModelIntegratedComponent:63 - No mode defined for component null
2025-12-02 16:32:19,011 [WARN] ModelIntegratedComponent:63 - No mode defined for component null
2025-12-02 16:32:19,011 [WARN] ModelIntegratedComponent:63 - No mode defined for component null
2025-12-02 16:32:19,011 [WARN] ModelIntegratedComponent:63 - No mode defined for component null
2025-12-02 16:32:19,011 [WARN] ModelIntegratedComponent:63 - No mode defined for component null
2025-12-02 16:32:19,011 [WARN] ModelIntegratedComponent:63 - No mode defined for component null
2025-12-02 16:32:19,011 [WARN] ModelIntegratedComponent:63 - No mode defined for component null
2025-12-02 16:32:19,011 [WARN] ModelIntegratedComponent:63 - No mode defined for component null
2025-12-02 16:32:19,011 [WARN] ModelIntegratedComponent:63 - No mode defined for component null
2025-12-02 16:32:19,011 [WARN] ModelIntegratedComponent:63 - No mode defined for component null
2025-12-02 16:32:19,011 [WARN] ModelIntegratedComponent:63 - No mode defined for component null
2025-12-02 16:32:19,011 [WARN] ModelIntegratedComponent:63 - No mode defined for component null
2025-12-02 16:32:19,011 [WARN] ModelIntegratedComponent:63 - No mode defined for component null
2025-12-02 16:32:19,011 [WARN] ModelIntegratedComponent:63 - No mode defined for component null
2025-12-02 16:32:19,011 [WARN] ModelIntegratedComponent:63 - No mode defined for component null
2025-12-02 16:32:19,011 [WARN] ModelIntegratedComponent:63 - No mode defined for component null
2025-12-02 16:32:19,011 [WARN] ModelIntegratedComponent:63 - No mode defined for component null
2025-12-02 16:32:19,011 [WARN] ModelIntegratedComponent:63 - No mode defined for component null
2025-12-02 16:32:19,011 [WARN] ModelIntegratedComponent:63 - No mode defined for component null
2025-12-02 16:32:19,011 [WARN] ModelIntegratedComponent:63 - No mode defined for component null
2025-12-02 16:32:19,011 [WARN] ModelIntegratedComponent:63 - No mode defined for component null
2025-12-02 16:32:19,011 [WARN] ModelIntegratedComponent:63 - No mode defined for component null
2025-12-02 16:32:19,011 [WARN] ModelIntegratedComponent:63 - No mode defined for component null
2025-12-02 16:32:19,011 [WARN] ModelIntegratedComponent:63 - No mode defined for component null
2025-12-02 16:32:19,012 [WARN] ModelIntegratedComponent:63 - No mode defined for component null
2025-12-02 16:32:19,012 [WARN] ModelIntegratedComponent:63 - No mode defined for component null
2025-12-02 16:32:19,012 [WARN] ModelIntegratedComponent:63 - No mode defined for component null
2025-12-02 16:32:19,012 [WARN] ModelIntegratedComponent:63 - No mode defined for component null
2025-12-02 16:32:19,012 [WARN] ModelPack:524 - Component already loaded: STMicroelectronics:HAL Drivers:0.0.0:STMicroelectronics:Device:STMicro_Driver:XSPI:HAL::0.0.1:HAL_XSPI
2025-12-02 16:32:19,064 [INFO] ThirdPartyModel:298 - Start build external matchings
2025-12-02 16:32:19,326 [INFO] ThirdPartyModel:316 - End build external matchings
2025-12-02 16:32:19,341 [INFO] RtosManager:1018 - Current active RTOS is FREERTOS [Cortex-M4NS]
2025-12-02 16:32:19,350 [INFO] ImportTextPane:234 - (OptionalMessage_ERROR) IP (DMA) : Parameter (Instance) has Id (LPUART1_TX) currently not set
2025-12-02 16:32:19,350 [INFO] ImportTextPane:234 - (OptionalMessage_ERROR) IP (DMA) : Parameter (Request) has Id (LPUART1_TX) currently not set
2025-12-02 16:32:19,350 [INFO] ImportTextPane:234 - (OptionalMessage_ERROR) IP (DMA) : Parameter (Direction) has Id (LPUART1_TX) currently not set
2025-12-02 16:32:19,350 [INFO] ImportTextPane:234 - (OptionalMessage_ERROR) IP (DMA) : Parameter (PeriphInc) has Id (LPUART1_TX) currently not set
2025-12-02 16:32:19,350 [INFO] ImportTextPane:234 - (OptionalMessage_ERROR) IP (DMA) : Parameter (MemInc) has Id (LPUART1_TX) currently not set
2025-12-02 16:32:19,350 [INFO] ImportTextPane:234 - (OptionalMessage_ERROR) IP (DMA) : Parameter (PeriphDataAlignment) has Id (LPUART1_TX) currently not set
2025-12-02 16:32:19,350 [INFO] ImportTextPane:234 - (OptionalMessage_ERROR) IP (DMA) : Parameter (MemDataAlignment) has Id (LPUART1_TX) currently not set
2025-12-02 16:32:19,350 [INFO] ImportTextPane:234 - (OptionalMessage_ERROR) IP (DMA) : Parameter (Mode) has Id (LPUART1_TX) currently not set
2025-12-02 16:32:19,350 [INFO] ImportTextPane:234 - (OptionalMessage_ERROR) IP (DMA) : Parameter (Priority) has Id (LPUART1_TX) currently not set
2025-12-02 16:32:19,351 [INFO] ImportTextPane:234 - (OptionalMessage_ERROR) IP (DMA) : Parameter (SignalID) has Id (LPUART1_TX) currently not set
2025-12-02 16:32:19,351 [INFO] ImportTextPane:234 - (OptionalMessage_ERROR) IP (DMA) : Parameter (Polarity) has Id (LPUART1_TX) currently not set
2025-12-02 16:32:19,351 [INFO] ImportTextPane:234 - (OptionalMessage_ERROR) IP (DMA) : Parameter (RequestNumber) has Id (LPUART1_TX) currently not set
2025-12-02 16:32:19,351 [INFO] ImportTextPane:234 - (OptionalMessage_ERROR) IP (DMA) : Parameter (SyncSignalID) has Id (LPUART1_TX) currently not set
2025-12-02 16:32:19,351 [INFO] ImportTextPane:234 - (OptionalMessage_ERROR) IP (DMA) : Parameter (SyncPolarity) has Id (LPUART1_TX) currently not set
2025-12-02 16:32:19,351 [INFO] ImportTextPane:234 - (OptionalMessage_ERROR) IP (DMA) : Parameter (SyncEnable) has Id (LPUART1_TX) currently not set
2025-12-02 16:32:19,351 [INFO] ImportTextPane:234 - (OptionalMessage_ERROR) IP (DMA) : Parameter (EventEnable) has Id (LPUART1_TX) currently not set
2025-12-02 16:32:19,351 [INFO] ImportTextPane:234 - (OptionalMessage_ERROR) IP (DMA) : Parameter (SyncRequestNumber) has Id (LPUART1_TX) currently not set
2025-12-02 16:32:19,351 [INFO] ImportTextPane:234 - (OptionalMessage_ERROR) IP (DMA) : Parameter (Instance) has Id (LPUART1_RX) currently not set
2025-12-02 16:32:19,351 [INFO] ImportTextPane:234 - (OptionalMessage_ERROR) IP (DMA) : Parameter (Request) has Id (LPUART1_RX) currently not set
2025-12-02 16:32:19,351 [INFO] ImportTextPane:234 - (OptionalMessage_ERROR) IP (DMA) : Parameter (Direction) has Id (LPUART1_RX) currently not set
2025-12-02 16:32:19,351 [INFO] ImportTextPane:234 - (OptionalMessage_ERROR) IP (DMA) : Parameter (PeriphInc) has Id (LPUART1_RX) currently not set
2025-12-02 16:32:19,351 [INFO] ImportTextPane:234 - (OptionalMessage_ERROR) IP (DMA) : Parameter (MemInc) has Id (LPUART1_RX) currently not set
2025-12-02 16:32:19,351 [INFO] ImportTextPane:234 - (OptionalMessage_ERROR) IP (DMA) : Parameter (PeriphDataAlignment) has Id (LPUART1_RX) currently not set
2025-12-02 16:32:19,351 [INFO] ImportTextPane:234 - (OptionalMessage_ERROR) IP (DMA) : Parameter (MemDataAlignment) has Id (LPUART1_RX) currently not set
2025-12-02 16:32:19,351 [INFO] ImportTextPane:234 - (OptionalMessage_ERROR) IP (DMA) : Parameter (Mode) has Id (LPUART1_RX) currently not set
2025-12-02 16:32:19,351 [INFO] ImportTextPane:234 - (OptionalMessage_ERROR) IP (DMA) : Parameter (Priority) has Id (LPUART1_RX) currently not set
2025-12-02 16:32:19,351 [INFO] ImportTextPane:234 - (OptionalMessage_ERROR) IP (DMA) : Parameter (SignalID) has Id (LPUART1_RX) currently not set
2025-12-02 16:32:19,351 [INFO] ImportTextPane:234 - (OptionalMessage_ERROR) IP (DMA) : Parameter (Polarity) has Id (LPUART1_RX) currently not set
2025-12-02 16:32:19,351 [INFO] ImportTextPane:234 - (OptionalMessage_ERROR) IP (DMA) : Parameter (RequestNumber) has Id (LPUART1_RX) currently not set
2025-12-02 16:32:19,351 [INFO] ImportTextPane:234 - (OptionalMessage_ERROR) IP (DMA) : Parameter (SyncSignalID) has Id (LPUART1_RX) currently not set
2025-12-02 16:32:19,351 [INFO] ImportTextPane:234 - (OptionalMessage_ERROR) IP (DMA) : Parameter (SyncPolarity) has Id (LPUART1_RX) currently not set
2025-12-02 16:32:19,351 [INFO] ImportTextPane:234 - (OptionalMessage_ERROR) IP (DMA) : Parameter (SyncEnable) has Id (LPUART1_RX) currently not set
2025-12-02 16:32:19,351 [INFO] ImportTextPane:234 - (OptionalMessage_ERROR) IP (DMA) : Parameter (EventEnable) has Id (LPUART1_RX) currently not set
2025-12-02 16:32:19,351 [INFO] ImportTextPane:234 - (OptionalMessage_ERROR) IP (DMA) : Parameter (SyncRequestNumber) has Id (LPUART1_RX) currently not set
2025-12-02 16:32:19,745 [INFO] ApiDb:581 - Connected to CubeFinder SQLite database (/home/natthanicha/.stmcufinder/plugins/mcufinder/mcu/cube-finder-db.db)
2025-12-02 16:32:20,036 [INFO] ApiDb:668 - CubeFinder database Data Model version=2.1
2025-12-02 16:32:20,036 [INFO] ApiDb:669 - CubeFinder database Configuration version=3.0.39
2025-12-02 16:32:20,037 [INFO] ApiDb:670 - CubeFinder database generation date=2025-10-27 (1761571959)
2025-12-02 16:32:20,038 [INFO] ApiDb:671 - CubeFinder database FW Pack versions=[FP-ATR-ASTRA1_V2.0.0, FP-SNS-FLIGHT1_V5.1.0, FP-SNS-MOTENV1_V5.0.0, FP-SNS-MOTENVWB1_V1.4.0, FP-SNS-SMARTAG2_V1.2.0, FP-SNS-STBOX1_V2.1.0, STM32Cube_FW_C0_V1.4.0, STM32Cube_FW_F4_V1.28.3, STM32Cube_FW_F7_V1.17.4, STM32Cube_FW_G0_V1.6.2, STM32Cube_FW_G4_V1.6.1, STM32Cube_FW_H5_V1.5.0, STM32Cube_FW_H7RS_V1.2.0, STM32Cube_FW_H7_V1.12.1, STM32Cube_FW_L0_V1.12.2, STM32Cube_FW_L4_V1.18.1, STM32Cube_FW_L5_V1.5.1, STM32Cube_FW_N6_V1.2.0, STM32Cube_FW_U0_V1.3.0, STM32Cube_FW_U3_V1.2.1, STM32Cube_FW_U5_V1.8.0, STM32Cube_FW_WB0_V1.3.0, STM32Cube_FW_WBA_V1.7.0, STM32Cube_FW_WB_V1.23.0, STM32Cube_FW_WL3_V1.2.0, STM32Cube_FW_WL_V1.3.1, X-CUBE-ALGOBUILD_V1.4.0, X-CUBE-ALS_V1.0.2, X-CUBE-AZRTOS-F4_V1.1.0, X-CUBE-AZRTOS-F7_V1.1.0, X-CUBE-AZRTOS-G0_V1.1.0, X-CUBE-AZRTOS-G4_V2.0.0, X-CUBE-AZRTOS-H7RS_V1.1.0, X-CUBE-AZRTOS-H7_V3.4.0, X-CUBE-AZRTOS-L4_V2.0.0, X-CUBE-AZRTOS-L5_V2.0.0, X-CUBE-AZRTOS-WB_V2.0.0, X-CUBE-AZRTOS-WL_V2.0.0, X-CUBE-BLE1_V7.1.0, X-CUBE-BLE2_V3.3.0, X-CUBE-BLEMGR_V4.1.0, X-CUBE-EEPRMA1_V5.2.0, X-CUBE-FREERTOS_V1.3.1, X-CUBE-GNSS1_V6.0.0, X-CUBE-MEMS1_V11.3.0, X-CUBE-NFC4_V3.0.0, X-CUBE-NFC7_V2.0.0, X-CUBE-SFXS2LP1_V4.0.0, X-CUBE-ST67W61_V1.1.0, X-CUBE-SUBG2_V5.0.0, X-CUBE-TOF1_V3.4.3]
2025-12-02 16:32:20,479 [INFO] DbBoardsSqlite:226 - include board P-NUCLEO-WB55-NUCLEO as a kit item of type 'Nucleo-64'
2025-12-02 16:32:20,480 [INFO] DbBoardsSqlite:226 - include board P-NUCLEO-WB55-USBDONGLE as a kit item of type 'Nucleo USB Dongle'
2025-12-02 16:32:20,487 [INFO] DbBoardsSqlite:226 - include board STEVAL-IDP005V1 as a kit item of type 'Evaluation Board'
2025-12-02 16:32:20,487 [INFO] DbBoardsSqlite:226 - include board STEVAL-IDP005V2 as a kit item of type 'Evaluation Board'
2025-12-02 16:32:21,293 [INFO] ApiDb:240 - Found 880 in-development CPN: [B-G473E-ZEST1S, B-WB1M-WPAN1, B-WBA5M-WPAN, B-WL5M-SUBG1, NUCLEO-C031C6, NUCLEO-C051C8, NUCLEO-C071RB, NUCLEO-C092RC, NUCLEO-H503RB, NUCLEO-H533RE, NUCLEO-H563ZI, NUCLEO-H7S3L8, NUCLEO-N657X0-Q, NUCLEO-U031R8, NUCLEO-U083RC, NUCLEO-U385RG-Q, NUCLEO-U545RE-Q, NUCLEO-U5A5ZJ-Q, NUCLEO-WB05KZ, NUCLEO-WB07CC, NUCLEO-WB09KE, NUCLEO-WBA52CG, NUCLEO-WBA55CG, NUCLEO-WL33CC1, NUCLEO-WL33CC2, STEVAL-PROTEUS1, STEVAL-SMARTAG2, STEVAL-STWINBX1, STM320518-EVAL, STM32C0116-DK, STM32C011D6Y3TR, STM32C011D6Y6TR, STM32C011F4P3, STM32C011F4P6, STM32C011F4U3, STM32C011F4U6TR, STM32C011F6P3, STM32C011F6P6, STM32C011F6U3, STM32C011F6U6TR, STM32C011J4M3, STM32C011J4M6, STM32C011J6M3, STM32C011J6M6, STM32C0316-DK, STM32C031C4T3, STM32C031C4T6, STM32C031C4U3, STM32C031C4U6, STM32C031C6T3, STM32C031C6T6, STM32C031C6U3, STM32C031C6U6, STM32C031F4P3, STM32C031F4P6, STM32C031F6P3, STM32C031F6P6, STM32C031G4U3, STM32C031G4U6, STM32C031G6U3, STM32C031G6U6, STM32C031K4T3, STM32C031K4T6, STM32C031K4U3, STM32C031K4U6, STM32C031K6T3, STM32C031K6T6, STM32C031K6U3, STM32C031K6U6, STM32C051C6T6, STM32C051C6U6, STM32C051C8T6, STM32C051C8U6, STM32C051D8Y6TR, STM32C051F6P6, STM32C051F8P6, STM32C051G6U6, STM32C051G8U6, STM32C051K6T6, STM32C051K6U6, STM32C051K8T6, STM32C071C8T6, STM32C071C8T6N, STM32C071C8U6, STM32C071C8U6N, STM32C071CBT6, STM32C071CBT6N, STM32C071CBU6, STM32C071CBU6N, STM32C071F8P6, STM32C071F8P6N, STM32C071FBP6, STM32C071FBP6N, STM32C071FBY6TR, STM32C071G8U6, STM32C071G8U6N, STM32C071GBU6, STM32C071GBU6N, STM32C071K8T6, STM32C071K8T6N, STM32C071K8U6, STM32C071K8U6N, STM32C071KBT6, STM32C071KBT6N, STM32C071KBU6, STM32C071KBU6N, STM32C071R8T6, STM32C071R8T6N, STM32C071RBI6N, STM32C071RBT6, STM32C071RBT6N, STM32C091CBT6, STM32C091CBU6, STM32C091CCT6, STM32C091CCU6, STM32C091ECY6TR, STM32C091FBP6, STM32C091FCP6, STM32C091GBU6, STM32C091GCU6, STM32C091KBT6, STM32C091KBU6, STM32C091KCT6, STM32C091KCU6, STM32C091RBT6, STM32C091RCI6, STM32C091RCT6, STM32C092CBT6, STM32C092CBU6, STM32C092CCT6, STM32C092CCU6, STM32C092ECY6TR, STM32C092FBP6, STM32C092FCP6, STM32C092GBU6, STM32C092GCU6, STM32C092KBT6, STM32C092KBU6, STM32C092KCT6, STM32C092KCU6, STM32C092RBT6, STM32C092RCI6, STM32C092RCT6, STM32G071K8TXN, STM32G071K8UXN, STM32G081GBU6N, STM32G081KBT6N, STM32G081KBUXN, STM32G0B1CCT6N, STM32G0B1KCT6, STM32G0B1NEY6TR, STM32G0B1RCT6N, STM32G0C1CCT6, STM32G0C1CCT6N, STM32G0C1CCU6N, STM32G0C1CET6N, STM32G0C1CEU6N, STM32G0C1KCT6, STM32G0C1NEY6TR, STM32G0C1RCI6N, STM32G0C1RCT6N, STM32G0C1REI6N, STM32G0C1RET6N, STM32G0C1VCI6, STM32G0C1VEI6, STM32G411C6T3, STM32G411C6T6, STM32G411C6U3, STM32G411C6U6, STM32G411C8T3, STM32G411C8T6, STM32G411C8U3, STM32G411C8U6, STM32G411CBT3, STM32G411CBT6, STM32G411CBU3, STM32G411CBU6, STM32G411K6T3, STM32G411K6T6, STM32G411K6U3, STM32G411K6U6, STM32G411K8T3, STM32G411K8T6, STM32G411K8U3, STM32G411K8U6, STM32G411KBT3, STM32G411KBT6, STM32G411KBU3, STM32G411KBU6, STM32G411M6T3, STM32G411M6T6, STM32G411M8T3, STM32G411M8T6, STM32G411MBT3, STM32G411MBT6, STM32G411R6T3, STM32G411R6T6, STM32G411R8T3, STM32G411R8T6, STM32G411RBT3, STM32G411RBT6, STM32G414CBT3, STM32G414CBT6, STM32G414CBU3, STM32G414CBU6, STM32G414CCT3, STM32G414CCT6, STM32G414CCU3, STM32G414CCU6, STM32G414MBT3, STM32G414MBT6, STM32G414MCT3, STM32G414MCT6, STM32G414RBT3, STM32G414RBT6, STM32G414RCT3, STM32G414RCT6, STM32G414VBT3, STM32G414VBT6, STM32G414VCT3, STM32G414VCT6, STM32G431CBT3Z, STM32G431RBT3Z, STM32G471CCT6, STM32G471CCU6, STM32G471CET3, STM32G471CET6, STM32G471CEU3, STM32G471CEU6, STM32G471MCT6, STM32G471MET3, STM32G471MET6, STM32G471MEY6TR, STM32G471QCT6, STM32G471QET3, STM32G471RCT6, STM32G471RET3, STM32G471RET6, STM32G471VCH6, STM32G471VCI6, STM32G471VCT6, STM32G471VEH3, STM32G471VEH6, STM32G471VEI3, STM32G471VEI6, STM32G471VET3, STM32G471VET6, STM32G473QET3Z, STM32G473RET3Z, STM32G474CCT6, STM32G491RET3Z, STM32H503CBT6, STM32H503CBU6, STM32H503EBY6TR, STM32H503KBU6, STM32H503RBT6, STM32H523CCT6, STM32H523CCU6, STM32H523CET6, STM32H523CEU6, STM32H523HEY6TR, STM32H523RCT6, STM32H523RET6, STM32H523VCI6, STM32H523VCT6, STM32H523VEI6, STM32H523VET6, STM32H523ZCJ6, STM32H523ZCT6, STM32H523ZEJ6, STM32H523ZET6, STM32H533CET6, STM32H533CEU6, STM32H533HEY6TR, STM32H533RET6, STM32H533VEI6, STM32H533VET6, STM32H533ZEJ6, STM32H533ZET6, STM32H562AGI6, STM32H562AII6, STM32H562IGK6, STM32H562IGT6, STM32H562IIK6, STM32H562IIT6, STM32H562RGT6, STM32H562RGV6, STM32H562RIT6, STM32H562RIV6, STM32H562VGT6, STM32H562VIT6, STM32H562ZGT6, STM32H562ZIT6, STM32H563AGI6, STM32H563AII3Q, STM32H563AII6, STM32H563IGK6, STM32H563IGT6, STM32H563IIK3Q, STM32H563IIK6, STM32H563IIT3Q, STM32H563IIT6, STM32H563MIY3QTR, STM32H563RGT6, STM32H563RGV6, STM32H563RIT6, STM32H563RIV6, STM32H563VGT6, STM32H563VIT3Q, STM32H563VIT6, STM32H563ZGT6, STM32H563ZIT3Q, STM32H563ZIT6, STM32H573AII3Q, STM32H573AII6, STM32H573I-DK, STM32H573IIK3Q, STM32H573IIK6, STM32H573IIT3Q, STM32H573IIT6, STM32H573MIY3QTR, STM32H573RIT6, STM32H573RIV6, STM32H573VIT3Q, STM32H573VIT6, STM32H573ZIT3Q, STM32H573ZIT6, STM32H7R3A8I6, STM32H7R3I8K6, STM32H7R3I8T6, STM32H7R3L8H6, STM32H7R3L8H6H, STM32H7R3R8V6, STM32H7R3V8H6, STM32H7R3V8T6, STM32H7R3V8Y6TR, STM32H7R3Z8J6, STM32H7R3Z8T6, STM32H7R7A8I6, STM32H7R7I8K6, STM32H7R7I8T6, STM32H7R7L8H6, STM32H7R7L8H6H, STM32H7R7Z8J6, STM32H7S3A8I6, STM32H7S3I8K6, STM32H7S3I8T6, STM32H7S3L8H6, STM32H7S3L8H6H, STM32H7S3R8V6, STM32H7S3V8H6, STM32H7S3V8T6, STM32H7S3V8Y6TR, STM32H7S3Z8J6, STM32H7S3Z8T6, STM32H7S78-DK, STM32H7S7A8I6, STM32H7S7I8K6, STM32H7S7I8T6, STM32H7S7L8H6, STM32H7S7L8H6H, STM32H7S7Z8J6, STM32L4R5QGI6STR, STM32MP131AAE3, STM32MP131AAF3, STM32MP131AAG3, STM32MP131CAE3, STM32MP131CAF3, STM32MP131CAG3, STM32MP131DAE7, STM32MP131DAF7, STM32MP131DAG7, STM32MP131FAE7, STM32MP131FAF7, STM32MP131FAG7, STM32MP133AAE3, STM32MP133AAF3, STM32MP133AAG3, STM32MP133CAE3, STM32MP133CAF3, STM32MP133CAG3, STM32MP133DAE7, STM32MP133DAF7, STM32MP133DAG7, STM32MP133FAE7, STM32MP133FAF7, STM32MP133FAG7, STM32MP135AAE3, STM32MP135AAF3, STM32MP135AAG3, STM32MP135CAE3, STM32MP135CAF3, STM32MP135CAG3, STM32MP135DAE7, STM32MP135DAF7, STM32MP135DAG7, STM32MP135F-DK, STM32MP135FAE7, STM32MP135FAF7, STM32MP135FAF7T, STM32MP135FAF7U, STM32MP135FAG7, STM32MP211AAL3, STM32MP211AAM3, STM32MP211AAN3, STM32MP211AAO3, STM32MP211CAL3, STM32MP211CAM3, STM32MP211CAN3, STM32MP211CAO3, STM32MP211DAL3, STM32MP211DAM3, STM32MP211DAN3, STM32MP211DAO3, STM32MP211FAL3, STM32MP211FAM3, STM32MP211FAN3, STM32MP211FAO3, STM32MP213AAL3, STM32MP213AAM3, STM32MP213AAN3, STM32MP213AAO3, STM32MP213CAL3, STM32MP213CAM3, STM32MP213CAN3, STM32MP213CAO3, STM32MP213DAL3, STM32MP213DAM3, STM32MP213DAN3, STM32MP213DAO3, STM32MP213FAL3, STM32MP213FAM3, STM32MP213FAN3, STM32MP213FAO3, STM32MP215AAL3, STM32MP215AAM3, STM32MP215AAN3, STM32MP215AAO3, STM32MP215CAL3, STM32MP215CAM3, STM32MP215CAN3, STM32MP215CAO3, STM32MP215DAL3, STM32MP215DAM3, STM32MP215DAN3, STM32MP215DAO3, STM32MP215F-DK, STM32MP215FAL3, STM32MP215FAM3, STM32MP215FAN3, STM32MP215FAO3, STM32MP231AAJ3, STM32MP231AAK3, STM32MP231AAL3, STM32MP231CAJ3, STM32MP231CAK3, STM32MP231CAL3, STM32MP231DAJ3, STM32MP231DAK3, STM32MP231DAL3, STM32MP231FAJ3, STM32MP231FAK3, STM32MP231FAL3, STM32MP233AAJ3, STM32MP233AAK3, STM32MP233AAL3, STM32MP233CAJ3, STM32MP233CAK3, STM32MP233CAL3, STM32MP233DAJ3, STM32MP233DAK3, STM32MP233DAL3, STM32MP233FAJ3, STM32MP233FAK3, STM32MP233FAL3, STM32MP235AAJ3, STM32MP235AAK3, STM32MP235AAL3, STM32MP235CAJ3, STM32MP235CAK3, STM32MP235CAL3, STM32MP235DAJ3, STM32MP235DAK3, STM32MP235DAL3, STM32MP235FAJ3, STM32MP235FAK3, STM32MP235FAL3, STM32MP251AAI3, STM32MP251AAK3, STM32MP251AAL3, STM32MP251CAI3, STM32MP251CAK3, STM32MP251CAL3, STM32MP251DAI3, STM32MP251DAK3, STM32MP251DAL3, STM32MP251FAI3, STM32MP251FAK3, STM32MP251FAL3, STM32MP253AAI3, STM32MP253AAK3, STM32MP253AAL3, STM32MP253CAI3, STM32MP253CAK3, STM32MP253CAL3, STM32MP253DAI3, STM32MP253DAK3, STM32MP253DAL3, STM32MP253FAI3, STM32MP253FAK3, STM32MP253FAL3, STM32MP255AAI3, STM32MP255AAK3, STM32MP255AAL3, STM32MP255CAI3, STM32MP255CAK3, STM32MP255CAL3, STM32MP255DAI3, STM32MP255DAK3, STM32MP255DAL3, STM32MP255FAI3, STM32MP255FAK3, STM32MP255FAL3, STM32MP257AAI3, STM32MP257AAK3, STM32MP257AAL3, STM32MP257CAI3, STM32MP257CAK3, STM32MP257CAL3, STM32MP257DAI3, STM32MP257DAK3, STM32MP257DAL3, STM32MP257F-DK, STM32MP257F-EV1, STM32MP257FAI3, STM32MP257FAK3, STM32MP257FAL3, STM32N645A0H3Q, STM32N645B0H3Q, STM32N645I0H3Q, STM32N645L0H3Q, STM32N645X0H3Q, STM32N645Z0H3Q, STM32N647A0H3Q, STM32N647B0H3Q, STM32N647I0H3Q, STM32N647L0H3Q, STM32N647X0H3Q, STM32N647Z0H3Q, STM32N655A0H3Q, STM32N655B0H3Q, STM32N655I0H3Q, STM32N655L0H3Q, STM32N655X0H3Q, STM32N655Z0H3Q, STM32N6570-DK, STM32N657A0H3Q, STM32N657B0H3Q, STM32N657I0H3Q, STM32N657L0H3Q, STM32N657X0H3Q, STM32N657Z0H3Q, STM32U031C6T6, STM32U031C6U6, STM32U031C8T6, STM32U031C8U6, STM32U031F4P6, STM32U031F6P6, STM32U031F8P6, STM32U031G6Y6TR, STM32U031G8Y6TR, STM32U031K4U6, STM32U031K6U6, STM32U031K8U6, STM32U031R6I6, STM32U031R6T6, STM32U031R8I6, STM32U031R8T6, STM32U073C8T6, STM32U073C8U6, STM32U073CBT6, STM32U073CBU6, STM32U073CCT6, STM32U073CCU6, STM32U073H8Y6TR, STM32U073HBY6TR, STM32U073HCY6TR, STM32U073K8U6, STM32U073KBU6, STM32U073KCU6, STM32U073M8I6, STM32U073M8T6, STM32U073MBI6, STM32U073MBT6, STM32U073MCI6, STM32U073MCT6, STM32U073R8I6, STM32U073R8T6, STM32U073RBI6, STM32U073RBT6, STM32U073RCI6, STM32U073RCT6, STM32U083C-DK, STM32U083CCT6, STM32U083CCU6, STM32U083HCY6TR, STM32U083KCU6, STM32U083MCI6, STM32U083MCT6, STM32U083RCI6, STM32U083RCT6, STM32U375CET6, STM32U375CET6Q, STM32U375CEU6, STM32U375CEU6Q, STM32U375CEY6QTR, STM32U375CGT6, STM32U375CGT6Q, STM32U375CGU6, STM32U375CGU6Q, STM32U375CGY6QTR, STM32U375KEU6, STM32U375KGU6, STM32U375REI6, STM32U375REI6Q, STM32U375RET6, STM32U375RET6Q, STM32U375REY6GTR, STM32U375REY6QTR, STM32U375RGI6, STM32U375RGI6Q, STM32U375RGT6, STM32U375RGT6Q, STM32U375RGY6GTR, STM32U375RGY6QTR, STM32U375VEI6, STM32U375VEI6Q, STM32U375VET6, STM32U375VET6Q, STM32U375VGI6, STM32U375VGI6Q, STM32U375VGT6, STM32U375VGT6Q, STM32U385CGT6, STM32U385CGT6Q, STM32U385CGU6, STM32U385CGU6Q, STM32U385CGY6QTR, STM32U385KGU6, STM32U385RGI6, STM32U385RGI6Q, STM32U385RGT6, STM32U385RGT6Q, STM32U385RGY6GTR, STM32U385RGY6QTR, STM32U385VGI6, STM32U385VGI6Q, STM32U385VGT6, STM32U385VGT6Q, STM32U535CBT6, STM32U535CBT6Q, STM32U535CBU6, STM32U535CBU6Q, STM32U535CCT6, STM32U535CCT6Q, STM32U535CCU6, STM32U535CCU6Q, STM32U535CET6, STM32U535CET6Q, STM32U535CEU6, STM32U535CEU6Q, STM32U535JEY6QTR, STM32U535NCY6QTR, STM32U535NEY6QTR, STM32U535RBI6, STM32U535RBI6Q, STM32U535RBT6, STM32U535RBT6Q, STM32U535RCI6, STM32U535RCI6Q, STM32U535RCT6, STM32U535RCT6Q, STM32U535REI6, STM32U535REI6Q, STM32U535RET6, STM32U535RET6Q, STM32U535VCI6, STM32U535VCI6Q, STM32U535VCT6, STM32U535VCT6Q, STM32U535VEI6, STM32U535VEI6Q, STM32U535VET6, STM32U535VET6Q, STM32U545CET6, STM32U545CET6Q, STM32U545CEU6, STM32U545CEU6Q, STM32U545JEY6QTR, STM32U545NEY6QTR, STM32U545REI6, STM32U545REI6Q, STM32U545RET6, STM32U545RET6Q, STM32U545VEI6, STM32U545VEI6Q, STM32U545VET6, STM32U545VET6Q, STM32U595AIH6, STM32U595AIH6Q, STM32U595AJH6, STM32U595AJH6Q, STM32U595QII6, STM32U595QII6Q, STM32U595QJI6, STM32U595QJI6Q, STM32U595RIT6, STM32U595RIT6Q, STM32U595RJT6, STM32U595RJT6Q, STM32U595VIT6, STM32U595VIT6Q, STM32U595VJT6, STM32U595VJT6Q, STM32U595ZIT6, STM32U595ZIT6Q, STM32U595ZIY6QTR, STM32U595ZJT6, STM32U595ZJT6Q, STM32U595ZJY6QTR, STM32U599BJY6QTR, STM32U599NIH6Q, STM32U599NJH6Q, STM32U599VIT6Q, STM32U599VJT6, STM32U599VJT6Q, STM32U599ZIT6Q, STM32U599ZIY6QTR, STM32U599ZJT6Q, STM32U599ZJY6QTR, STM32U5A5AJH6, STM32U5A5AJH6Q, STM32U5A5QII3Q , STM32U5A5QJI6, STM32U5A5QJI6Q, STM32U5A5RJT6, STM32U5A5RJT6Q, STM32U5A5VJT6, STM32U5A5VJT6Q, STM32U5A5ZJT6, STM32U5A5ZJT6Q, STM32U5A5ZJY6QTR, STM32U5A9BJY6QTR, STM32U5A9J-DK, STM32U5A9NJH6Q, STM32U5A9VJT6Q, STM32U5A9ZJT6Q, STM32U5A9ZJY6QTR, STM32U5F7VIT6, STM32U5F7VIT6Q, STM32U5F7VJT6, STM32U5F7VJT6Q, STM32U5F9BJY6QTR, STM32U5F9NJH6Q, STM32U5F9VIT6Q, STM32U5F9VJT6Q, STM32U5F9ZIJ6QTR, STM32U5F9ZIT6Q, STM32U5F9ZJJ6QTR, STM32U5F9ZJT6Q, STM32U5G7VJT6, STM32U5G7VJT6Q, STM32U5G9BJY6QTR, STM32U5G9J-DK1, STM32U5G9J-DK2, STM32U5G9NJH6Q, STM32U5G9VJT6Q, STM32U5G9ZJJ6QTR, STM32U5G9ZJT6Q, STM32WB05KZV6TR, STM32WB05KZV7TR, STM32WB05TZF6TR, STM32WB05TZF7TR, STM32WB06CCF6TR, STM32WB06CCF7TR, STM32WB06CCV6TR, STM32WB06CCV7TR, STM32WB06KCV6TR, STM32WB06KCV7TR, STM32WB07CCF6TR, STM32WB07CCF7TR, STM32WB07CCV6TR, STM32WB07CCV7TR, STM32WB07KCV6TR, STM32WB07KCV7TR, STM32WB09KEV6TR, STM32WB09KEV7TR, STM32WB09TEF6TR, STM32WB09TEF7TR, STM32WB1MMCH6, STM32WBA50KGU6, STM32WBA50KGU6TR, STM32WBA52CEU6, STM32WBA52CEU6TR, STM32WBA52CEU7, STM32WBA52CEU7TR, STM32WBA52CGU6, STM32WBA52CGU6TR, STM32WBA52CGU6U, STM32WBA52CGU7, STM32WBA52CGU7TR, STM32WBA52KEU6, STM32WBA52KEU6TR, STM32WBA52KGU6, STM32WBA52KGU6TR, STM32WBA54CEU6, STM32WBA54CEU6TR, STM32WBA54CEU7, STM32WBA54CEU7TR, STM32WBA54CGU6, STM32WBA54CGU6TR, STM32WBA54CGU7, STM32WBA54CGU7TR, STM32WBA54KEU6, STM32WBA54KEU6TR, STM32WBA54KEU7, STM32WBA54KEU7TR, STM32WBA54KGU6, STM32WBA54KGU6TR, STM32WBA54KGU7, STM32WBA54KGU7TR, STM32WBA55CEU6, STM32WBA55CEU6TR, STM32WBA55CEU7, STM32WBA55CEU7TR, STM32WBA55CGU6, STM32WBA55CGU6TR, STM32WBA55CGU6U, STM32WBA55CGU7, STM32WBA55CGU7TR, STM32WBA55G-DK1, STM32WBA55HEF6, STM32WBA55HEF7, STM32WBA55HGF6, STM32WBA55HGF7, STM32WBA55UEI6, STM32WBA55UEI6TR, STM32WBA55UEI7, STM32WBA55UEI7TR, STM32WBA55UGI6, STM32WBA55UGI6TR, STM32WBA55UGI7, STM32WBA55UGI7TR, STM32WBA5MMGH6TR, STM32WBA62MGF6, STM32WBA62MIF6, STM32WBA65MGF7, STM32WBA65MIF6, STM32WBA65MIF7, STM32WL30K8V6, STM32WL30KBV6, STM32WL31C8V6, STM32WL31CBV6, STM32WL31K8V6, STM32WL31KBV6, STM32WL33C8V6, STM32WL33C8V6X, STM32WL33CBV6, STM32WL33CBV6X, STM32WL33CCV6, STM32WL33CCV6A, STM32WL33CCV6X, STM32WL33K8V7, STM32WL33K8V7X, STM32WL33KBV7 , STM32WL33KBV7X, STM32WL33KCV7, STM32WL33KCV7X, STM32WL5MOCH6, STM32WL5MOCH6TR]
2025-12-02 16:32:21,400 [INFO] BoardInfo:889 - No configuration file found for board P-NUCLEO-WB55
2025-12-02 16:32:21,401 [INFO] DbBoards:161 - Kit is not supported: P-NUCLEO-WB55
2025-12-02 16:32:21,403 [INFO] BoardInfo:889 - No configuration file found for board STEVAL-BFA001V1B
2025-12-02 16:32:21,403 [INFO] DbBoards:161 - Kit is not supported: STEVAL-BFA001V1B
2025-12-02 16:32:21,403 [INFO] BoardInfo:889 - No configuration file found for board STEVAL-BFA001V2B
2025-12-02 16:32:21,404 [INFO] DbBoards:161 - Kit is not supported: STEVAL-BFA001V2B
2025-12-02 16:32:21,456 [INFO] DbBoards:168 - Found 212 boards, 209 are supported
2025-12-02 16:32:21,456 [INFO] DbBoards:169 - Found 212 boards, 43 of them is supported for  Bsp
2025-12-02 16:32:21,458 [INFO] ApiDb:668 - CubeFinder database Data Model version=2.1
2025-12-02 16:32:21,458 [INFO] ApiDb:669 - CubeFinder database Configuration version=3.0.39
2025-12-02 16:32:21,458 [INFO] ApiDb:670 - CubeFinder database generation date=2025-10-27 (1761571959)
2025-12-02 16:32:21,458 [INFO] ApiDb:671 - CubeFinder database FW Pack versions=[FP-ATR-ASTRA1_V2.0.0, FP-SNS-FLIGHT1_V5.1.0, FP-SNS-MOTENV1_V5.0.0, FP-SNS-MOTENVWB1_V1.4.0, FP-SNS-SMARTAG2_V1.2.0, FP-SNS-STBOX1_V2.1.0, STM32Cube_FW_C0_V1.4.0, STM32Cube_FW_F4_V1.28.3, STM32Cube_FW_F7_V1.17.4, STM32Cube_FW_G0_V1.6.2, STM32Cube_FW_G4_V1.6.1, STM32Cube_FW_H5_V1.5.0, STM32Cube_FW_H7RS_V1.2.0, STM32Cube_FW_H7_V1.12.1, STM32Cube_FW_L0_V1.12.2, STM32Cube_FW_L4_V1.18.1, STM32Cube_FW_L5_V1.5.1, STM32Cube_FW_N6_V1.2.0, STM32Cube_FW_U0_V1.3.0, STM32Cube_FW_U3_V1.2.1, STM32Cube_FW_U5_V1.8.0, STM32Cube_FW_WB0_V1.3.0, STM32Cube_FW_WBA_V1.7.0, STM32Cube_FW_WB_V1.23.0, STM32Cube_FW_WL3_V1.2.0, STM32Cube_FW_WL_V1.3.1, X-CUBE-ALGOBUILD_V1.4.0, X-CUBE-ALS_V1.0.2, X-CUBE-AZRTOS-F4_V1.1.0, X-CUBE-AZRTOS-F7_V1.1.0, X-CUBE-AZRTOS-G0_V1.1.0, X-CUBE-AZRTOS-G4_V2.0.0, X-CUBE-AZRTOS-H7RS_V1.1.0, X-CUBE-AZRTOS-H7_V3.4.0, X-CUBE-AZRTOS-L4_V2.0.0, X-CUBE-AZRTOS-L5_V2.0.0, X-CUBE-AZRTOS-WB_V2.0.0, X-CUBE-AZRTOS-WL_V2.0.0, X-CUBE-BLE1_V7.1.0, X-CUBE-BLE2_V3.3.0, X-CUBE-BLEMGR_V4.1.0, X-CUBE-EEPRMA1_V5.2.0, X-CUBE-FREERTOS_V1.3.1, X-CUBE-GNSS1_V6.0.0, X-CUBE-MEMS1_V11.3.0, X-CUBE-NFC4_V3.0.0, X-CUBE-NFC7_V2.0.0, X-CUBE-SFXS2LP1_V4.0.0, X-CUBE-ST67W61_V1.1.0, X-CUBE-SUBG2_V5.0.0, X-CUBE-TOF1_V3.4.3]
2025-12-02 16:32:23,135 [INFO] ApiDb:240 - Found 880 in-development CPN: [B-G473E-ZEST1S, B-WB1M-WPAN1, B-WBA5M-WPAN, B-WL5M-SUBG1, NUCLEO-C031C6, NUCLEO-C051C8, NUCLEO-C071RB, NUCLEO-C092RC, NUCLEO-H503RB, NUCLEO-H533RE, NUCLEO-H563ZI, NUCLEO-H7S3L8, NUCLEO-N657X0-Q, NUCLEO-U031R8, NUCLEO-U083RC, NUCLEO-U385RG-Q, NUCLEO-U545RE-Q, NUCLEO-U5A5ZJ-Q, NUCLEO-WB05KZ, NUCLEO-WB07CC, NUCLEO-WB09KE, NUCLEO-WBA52CG, NUCLEO-WBA55CG, NUCLEO-WL33CC1, NUCLEO-WL33CC2, STEVAL-PROTEUS1, STEVAL-SMARTAG2, STEVAL-STWINBX1, STM320518-EVAL, STM32C0116-DK, STM32C011D6Y3TR, STM32C011D6Y6TR, STM32C011F4P3, STM32C011F4P6, STM32C011F4U3, STM32C011F4U6TR, STM32C011F6P3, STM32C011F6P6, STM32C011F6U3, STM32C011F6U6TR, STM32C011J4M3, STM32C011J4M6, STM32C011J6M3, STM32C011J6M6, STM32C0316-DK, STM32C031C4T3, STM32C031C4T6, STM32C031C4U3, STM32C031C4U6, STM32C031C6T3, STM32C031C6T6, STM32C031C6U3, STM32C031C6U6, STM32C031F4P3, STM32C031F4P6, STM32C031F6P3, STM32C031F6P6, STM32C031G4U3, STM32C031G4U6, STM32C031G6U3, STM32C031G6U6, STM32C031K4T3, STM32C031K4T6, STM32C031K4U3, STM32C031K4U6, STM32C031K6T3, STM32C031K6T6, STM32C031K6U3, STM32C031K6U6, STM32C051C6T6, STM32C051C6U6, STM32C051C8T6, STM32C051C8U6, STM32C051D8Y6TR, STM32C051F6P6, STM32C051F8P6, STM32C051G6U6, STM32C051G8U6, STM32C051K6T6, STM32C051K6U6, STM32C051K8T6, STM32C071C8T6, STM32C071C8T6N, STM32C071C8U6, STM32C071C8U6N, STM32C071CBT6, STM32C071CBT6N, STM32C071CBU6, STM32C071CBU6N, STM32C071F8P6, STM32C071F8P6N, STM32C071FBP6, STM32C071FBP6N, STM32C071FBY6TR, STM32C071G8U6, STM32C071G8U6N, STM32C071GBU6, STM32C071GBU6N, STM32C071K8T6, STM32C071K8T6N, STM32C071K8U6, STM32C071K8U6N, STM32C071KBT6, STM32C071KBT6N, STM32C071KBU6, STM32C071KBU6N, STM32C071R8T6, STM32C071R8T6N, STM32C071RBI6N, STM32C071RBT6, STM32C071RBT6N, STM32C091CBT6, STM32C091CBU6, STM32C091CCT6, STM32C091CCU6, STM32C091ECY6TR, STM32C091FBP6, STM32C091FCP6, STM32C091GBU6, STM32C091GCU6, STM32C091KBT6, STM32C091KBU6, STM32C091KCT6, STM32C091KCU6, STM32C091RBT6, STM32C091RCI6, STM32C091RCT6, STM32C092CBT6, STM32C092CBU6, STM32C092CCT6, STM32C092CCU6, STM32C092ECY6TR, STM32C092FBP6, STM32C092FCP6, STM32C092GBU6, STM32C092GCU6, STM32C092KBT6, STM32C092KBU6, STM32C092KCT6, STM32C092KCU6, STM32C092RBT6, STM32C092RCI6, STM32C092RCT6, STM32G071K8TXN, STM32G071K8UXN, STM32G081GBU6N, STM32G081KBT6N, STM32G081KBUXN, STM32G0B1CCT6N, STM32G0B1KCT6, STM32G0B1NEY6TR, STM32G0B1RCT6N, STM32G0C1CCT6, STM32G0C1CCT6N, STM32G0C1CCU6N, STM32G0C1CET6N, STM32G0C1CEU6N, STM32G0C1KCT6, STM32G0C1NEY6TR, STM32G0C1RCI6N, STM32G0C1RCT6N, STM32G0C1REI6N, STM32G0C1RET6N, STM32G0C1VCI6, STM32G0C1VEI6, STM32G411C6T3, STM32G411C6T6, STM32G411C6U3, STM32G411C6U6, STM32G411C8T3, STM32G411C8T6, STM32G411C8U3, STM32G411C8U6, STM32G411CBT3, STM32G411CBT6, STM32G411CBU3, STM32G411CBU6, STM32G411K6T3, STM32G411K6T6, STM32G411K6U3, STM32G411K6U6, STM32G411K8T3, STM32G411K8T6, STM32G411K8U3, STM32G411K8U6, STM32G411KBT3, STM32G411KBT6, STM32G411KBU3, STM32G411KBU6, STM32G411M6T3, STM32G411M6T6, STM32G411M8T3, STM32G411M8T6, STM32G411MBT3, STM32G411MBT6, STM32G411R6T3, STM32G411R6T6, STM32G411R8T3, STM32G411R8T6, STM32G411RBT3, STM32G411RBT6, STM32G414CBT3, STM32G414CBT6, STM32G414CBU3, STM32G414CBU6, STM32G414CCT3, STM32G414CCT6, STM32G414CCU3, STM32G414CCU6, STM32G414MBT3, STM32G414MBT6, STM32G414MCT3, STM32G414MCT6, STM32G414RBT3, STM32G414RBT6, STM32G414RCT3, STM32G414RCT6, STM32G414VBT3, STM32G414VBT6, STM32G414VCT3, STM32G414VCT6, STM32G431CBT3Z, STM32G431RBT3Z, STM32G471CCT6, STM32G471CCU6, STM32G471CET3, STM32G471CET6, STM32G471CEU3, STM32G471CEU6, STM32G471MCT6, STM32G471MET3, STM32G471MET6, STM32G471MEY6TR, STM32G471QCT6, STM32G471QET3, STM32G471RCT6, STM32G471RET3, STM32G471RET6, STM32G471VCH6, STM32G471VCI6, STM32G471VCT6, STM32G471VEH3, STM32G471VEH6, STM32G471VEI3, STM32G471VEI6, STM32G471VET3, STM32G471VET6, STM32G473QET3Z, STM32G473RET3Z, STM32G474CCT6, STM32G491RET3Z, STM32H503CBT6, STM32H503CBU6, STM32H503EBY6TR, STM32H503KBU6, STM32H503RBT6, STM32H523CCT6, STM32H523CCU6, STM32H523CET6, STM32H523CEU6, STM32H523HEY6TR, STM32H523RCT6, STM32H523RET6, STM32H523VCI6, STM32H523VCT6, STM32H523VEI6, STM32H523VET6, STM32H523ZCJ6, STM32H523ZCT6, STM32H523ZEJ6, STM32H523ZET6, STM32H533CET6, STM32H533CEU6, STM32H533HEY6TR, STM32H533RET6, STM32H533VEI6, STM32H533VET6, STM32H533ZEJ6, STM32H533ZET6, STM32H562AGI6, STM32H562AII6, STM32H562IGK6, STM32H562IGT6, STM32H562IIK6, STM32H562IIT6, STM32H562RGT6, STM32H562RGV6, STM32H562RIT6, STM32H562RIV6, STM32H562VGT6, STM32H562VIT6, STM32H562ZGT6, STM32H562ZIT6, STM32H563AGI6, STM32H563AII3Q, STM32H563AII6, STM32H563IGK6, STM32H563IGT6, STM32H563IIK3Q, STM32H563IIK6, STM32H563IIT3Q, STM32H563IIT6, STM32H563MIY3QTR, STM32H563RGT6, STM32H563RGV6, STM32H563RIT6, STM32H563RIV6, STM32H563VGT6, STM32H563VIT3Q, STM32H563VIT6, STM32H563ZGT6, STM32H563ZIT3Q, STM32H563ZIT6, STM32H573AII3Q, STM32H573AII6, STM32H573I-DK, STM32H573IIK3Q, STM32H573IIK6, STM32H573IIT3Q, STM32H573IIT6, STM32H573MIY3QTR, STM32H573RIT6, STM32H573RIV6, STM32H573VIT3Q, STM32H573VIT6, STM32H573ZIT3Q, STM32H573ZIT6, STM32H7R3A8I6, STM32H7R3I8K6, STM32H7R3I8T6, STM32H7R3L8H6, STM32H7R3L8H6H, STM32H7R3R8V6, STM32H7R3V8H6, STM32H7R3V8T6, STM32H7R3V8Y6TR, STM32H7R3Z8J6, STM32H7R3Z8T6, STM32H7R7A8I6, STM32H7R7I8K6, STM32H7R7I8T6, STM32H7R7L8H6, STM32H7R7L8H6H, STM32H7R7Z8J6, STM32H7S3A8I6, STM32H7S3I8K6, STM32H7S3I8T6, STM32H7S3L8H6, STM32H7S3L8H6H, STM32H7S3R8V6, STM32H7S3V8H6, STM32H7S3V8T6, STM32H7S3V8Y6TR, STM32H7S3Z8J6, STM32H7S3Z8T6, STM32H7S78-DK, STM32H7S7A8I6, STM32H7S7I8K6, STM32H7S7I8T6, STM32H7S7L8H6, STM32H7S7L8H6H, STM32H7S7Z8J6, STM32L4R5QGI6STR, STM32MP131AAE3, STM32MP131AAF3, STM32MP131AAG3, STM32MP131CAE3, STM32MP131CAF3, STM32MP131CAG3, STM32MP131DAE7, STM32MP131DAF7, STM32MP131DAG7, STM32MP131FAE7, STM32MP131FAF7, STM32MP131FAG7, STM32MP133AAE3, STM32MP133AAF3, STM32MP133AAG3, STM32MP133CAE3, STM32MP133CAF3, STM32MP133CAG3, STM32MP133DAE7, STM32MP133DAF7, STM32MP133DAG7, STM32MP133FAE7, STM32MP133FAF7, STM32MP133FAG7, STM32MP135AAE3, STM32MP135AAF3, STM32MP135AAG3, STM32MP135CAE3, STM32MP135CAF3, STM32MP135CAG3, STM32MP135DAE7, STM32MP135DAF7, STM32MP135DAG7, STM32MP135F-DK, STM32MP135FAE7, STM32MP135FAF7, STM32MP135FAF7T, STM32MP135FAF7U, STM32MP135FAG7, STM32MP211AAL3, STM32MP211AAM3, STM32MP211AAN3, STM32MP211AAO3, STM32MP211CAL3, STM32MP211CAM3, STM32MP211CAN3, STM32MP211CAO3, STM32MP211DAL3, STM32MP211DAM3, STM32MP211DAN3, STM32MP211DAO3, STM32MP211FAL3, STM32MP211FAM3, STM32MP211FAN3, STM32MP211FAO3, STM32MP213AAL3, STM32MP213AAM3, STM32MP213AAN3, STM32MP213AAO3, STM32MP213CAL3, STM32MP213CAM3, STM32MP213CAN3, STM32MP213CAO3, STM32MP213DAL3, STM32MP213DAM3, STM32MP213DAN3, STM32MP213DAO3, STM32MP213FAL3, STM32MP213FAM3, STM32MP213FAN3, STM32MP213FAO3, STM32MP215AAL3, STM32MP215AAM3, STM32MP215AAN3, STM32MP215AAO3, STM32MP215CAL3, STM32MP215CAM3, STM32MP215CAN3, STM32MP215CAO3, STM32MP215DAL3, STM32MP215DAM3, STM32MP215DAN3, STM32MP215DAO3, STM32MP215F-DK, STM32MP215FAL3, STM32MP215FAM3, STM32MP215FAN3, STM32MP215FAO3, STM32MP231AAJ3, STM32MP231AAK3, STM32MP231AAL3, STM32MP231CAJ3, STM32MP231CAK3, STM32MP231CAL3, STM32MP231DAJ3, STM32MP231DAK3, STM32MP231DAL3, STM32MP231FAJ3, STM32MP231FAK3, STM32MP231FAL3, STM32MP233AAJ3, STM32MP233AAK3, STM32MP233AAL3, STM32MP233CAJ3, STM32MP233CAK3, STM32MP233CAL3, STM32MP233DAJ3, STM32MP233DAK3, STM32MP233DAL3, STM32MP233FAJ3, STM32MP233FAK3, STM32MP233FAL3, STM32MP235AAJ3, STM32MP235AAK3, STM32MP235AAL3, STM32MP235CAJ3, STM32MP235CAK3, STM32MP235CAL3, STM32MP235DAJ3, STM32MP235DAK3, STM32MP235DAL3, STM32MP235FAJ3, STM32MP235FAK3, STM32MP235FAL3, STM32MP251AAI3, STM32MP251AAK3, STM32MP251AAL3, STM32MP251CAI3, STM32MP251CAK3, STM32MP251CAL3, STM32MP251DAI3, STM32MP251DAK3, STM32MP251DAL3, STM32MP251FAI3, STM32MP251FAK3, STM32MP251FAL3, STM32MP253AAI3, STM32MP253AAK3, STM32MP253AAL3, STM32MP253CAI3, STM32MP253CAK3, STM32MP253CAL3, STM32MP253DAI3, STM32MP253DAK3, STM32MP253DAL3, STM32MP253FAI3, STM32MP253FAK3, STM32MP253FAL3, STM32MP255AAI3, STM32MP255AAK3, STM32MP255AAL3, STM32MP255CAI3, STM32MP255CAK3, STM32MP255CAL3, STM32MP255DAI3, STM32MP255DAK3, STM32MP255DAL3, STM32MP255FAI3, STM32MP255FAK3, STM32MP255FAL3, STM32MP257AAI3, STM32MP257AAK3, STM32MP257AAL3, STM32MP257CAI3, STM32MP257CAK3, STM32MP257CAL3, STM32MP257DAI3, STM32MP257DAK3, STM32MP257DAL3, STM32MP257F-DK, STM32MP257F-EV1, STM32MP257FAI3, STM32MP257FAK3, STM32MP257FAL3, STM32N645A0H3Q, STM32N645B0H3Q, STM32N645I0H3Q, STM32N645L0H3Q, STM32N645X0H3Q, STM32N645Z0H3Q, STM32N647A0H3Q, STM32N647B0H3Q, STM32N647I0H3Q, STM32N647L0H3Q, STM32N647X0H3Q, STM32N647Z0H3Q, STM32N655A0H3Q, STM32N655B0H3Q, STM32N655I0H3Q, STM32N655L0H3Q, STM32N655X0H3Q, STM32N655Z0H3Q, STM32N6570-DK, STM32N657A0H3Q, STM32N657B0H3Q, STM32N657I0H3Q, STM32N657L0H3Q, STM32N657X0H3Q, STM32N657Z0H3Q, STM32U031C6T6, STM32U031C6U6, STM32U031C8T6, STM32U031C8U6, STM32U031F4P6, STM32U031F6P6, STM32U031F8P6, STM32U031G6Y6TR, STM32U031G8Y6TR, STM32U031K4U6, STM32U031K6U6, STM32U031K8U6, STM32U031R6I6, STM32U031R6T6, STM32U031R8I6, STM32U031R8T6, STM32U073C8T6, STM32U073C8U6, STM32U073CBT6, STM32U073CBU6, STM32U073CCT6, STM32U073CCU6, STM32U073H8Y6TR, STM32U073HBY6TR, STM32U073HCY6TR, STM32U073K8U6, STM32U073KBU6, STM32U073KCU6, STM32U073M8I6, STM32U073M8T6, STM32U073MBI6, STM32U073MBT6, STM32U073MCI6, STM32U073MCT6, STM32U073R8I6, STM32U073R8T6, STM32U073RBI6, STM32U073RBT6, STM32U073RCI6, STM32U073RCT6, STM32U083C-DK, STM32U083CCT6, STM32U083CCU6, STM32U083HCY6TR, STM32U083KCU6, STM32U083MCI6, STM32U083MCT6, STM32U083RCI6, STM32U083RCT6, STM32U375CET6, STM32U375CET6Q, STM32U375CEU6, STM32U375CEU6Q, STM32U375CEY6QTR, STM32U375CGT6, STM32U375CGT6Q, STM32U375CGU6, STM32U375CGU6Q, STM32U375CGY6QTR, STM32U375KEU6, STM32U375KGU6, STM32U375REI6, STM32U375REI6Q, STM32U375RET6, STM32U375RET6Q, STM32U375REY6GTR, STM32U375REY6QTR, STM32U375RGI6, STM32U375RGI6Q, STM32U375RGT6, STM32U375RGT6Q, STM32U375RGY6GTR, STM32U375RGY6QTR, STM32U375VEI6, STM32U375VEI6Q, STM32U375VET6, STM32U375VET6Q, STM32U375VGI6, STM32U375VGI6Q, STM32U375VGT6, STM32U375VGT6Q, STM32U385CGT6, STM32U385CGT6Q, STM32U385CGU6, STM32U385CGU6Q, STM32U385CGY6QTR, STM32U385KGU6, STM32U385RGI6, STM32U385RGI6Q, STM32U385RGT6, STM32U385RGT6Q, STM32U385RGY6GTR, STM32U385RGY6QTR, STM32U385VGI6, STM32U385VGI6Q, STM32U385VGT6, STM32U385VGT6Q, STM32U535CBT6, STM32U535CBT6Q, STM32U535CBU6, STM32U535CBU6Q, STM32U535CCT6, STM32U535CCT6Q, STM32U535CCU6, STM32U535CCU6Q, STM32U535CET6, STM32U535CET6Q, STM32U535CEU6, STM32U535CEU6Q, STM32U535JEY6QTR, STM32U535NCY6QTR, STM32U535NEY6QTR, STM32U535RBI6, STM32U535RBI6Q, STM32U535RBT6, STM32U535RBT6Q, STM32U535RCI6, STM32U535RCI6Q, STM32U535RCT6, STM32U535RCT6Q, STM32U535REI6, STM32U535REI6Q, STM32U535RET6, STM32U535RET6Q, STM32U535VCI6, STM32U535VCI6Q, STM32U535VCT6, STM32U535VCT6Q, STM32U535VEI6, STM32U535VEI6Q, STM32U535VET6, STM32U535VET6Q, STM32U545CET6, STM32U545CET6Q, STM32U545CEU6, STM32U545CEU6Q, STM32U545JEY6QTR, STM32U545NEY6QTR, STM32U545REI6, STM32U545REI6Q, STM32U545RET6, STM32U545RET6Q, STM32U545VEI6, STM32U545VEI6Q, STM32U545VET6, STM32U545VET6Q, STM32U595AIH6, STM32U595AIH6Q, STM32U595AJH6, STM32U595AJH6Q, STM32U595QII6, STM32U595QII6Q, STM32U595QJI6, STM32U595QJI6Q, STM32U595RIT6, STM32U595RIT6Q, STM32U595RJT6, STM32U595RJT6Q, STM32U595VIT6, STM32U595VIT6Q, STM32U595VJT6, STM32U595VJT6Q, STM32U595ZIT6, STM32U595ZIT6Q, STM32U595ZIY6QTR, STM32U595ZJT6, STM32U595ZJT6Q, STM32U595ZJY6QTR, STM32U599BJY6QTR, STM32U599NIH6Q, STM32U599NJH6Q, STM32U599VIT6Q, STM32U599VJT6, STM32U599VJT6Q, STM32U599ZIT6Q, STM32U599ZIY6QTR, STM32U599ZJT6Q, STM32U599ZJY6QTR, STM32U5A5AJH6, STM32U5A5AJH6Q, STM32U5A5QII3Q , STM32U5A5QJI6, STM32U5A5QJI6Q, STM32U5A5RJT6, STM32U5A5RJT6Q, STM32U5A5VJT6, STM32U5A5VJT6Q, STM32U5A5ZJT6, STM32U5A5ZJT6Q, STM32U5A5ZJY6QTR, STM32U5A9BJY6QTR, STM32U5A9J-DK, STM32U5A9NJH6Q, STM32U5A9VJT6Q, STM32U5A9ZJT6Q, STM32U5A9ZJY6QTR, STM32U5F7VIT6, STM32U5F7VIT6Q, STM32U5F7VJT6, STM32U5F7VJT6Q, STM32U5F9BJY6QTR, STM32U5F9NJH6Q, STM32U5F9VIT6Q, STM32U5F9VJT6Q, STM32U5F9ZIJ6QTR, STM32U5F9ZIT6Q, STM32U5F9ZJJ6QTR, STM32U5F9ZJT6Q, STM32U5G7VJT6, STM32U5G7VJT6Q, STM32U5G9BJY6QTR, STM32U5G9J-DK1, STM32U5G9J-DK2, STM32U5G9NJH6Q, STM32U5G9VJT6Q, STM32U5G9ZJJ6QTR, STM32U5G9ZJT6Q, STM32WB05KZV6TR, STM32WB05KZV7TR, STM32WB05TZF6TR, STM32WB05TZF7TR, STM32WB06CCF6TR, STM32WB06CCF7TR, STM32WB06CCV6TR, STM32WB06CCV7TR, STM32WB06KCV6TR, STM32WB06KCV7TR, STM32WB07CCF6TR, STM32WB07CCF7TR, STM32WB07CCV6TR, STM32WB07CCV7TR, STM32WB07KCV6TR, STM32WB07KCV7TR, STM32WB09KEV6TR, STM32WB09KEV7TR, STM32WB09TEF6TR, STM32WB09TEF7TR, STM32WB1MMCH6, STM32WBA50KGU6, STM32WBA50KGU6TR, STM32WBA52CEU6, STM32WBA52CEU6TR, STM32WBA52CEU7, STM32WBA52CEU7TR, STM32WBA52CGU6, STM32WBA52CGU6TR, STM32WBA52CGU6U, STM32WBA52CGU7, STM32WBA52CGU7TR, STM32WBA52KEU6, STM32WBA52KEU6TR, STM32WBA52KGU6, STM32WBA52KGU6TR, STM32WBA54CEU6, STM32WBA54CEU6TR, STM32WBA54CEU7, STM32WBA54CEU7TR, STM32WBA54CGU6, STM32WBA54CGU6TR, STM32WBA54CGU7, STM32WBA54CGU7TR, STM32WBA54KEU6, STM32WBA54KEU6TR, STM32WBA54KEU7, STM32WBA54KEU7TR, STM32WBA54KGU6, STM32WBA54KGU6TR, STM32WBA54KGU7, STM32WBA54KGU7TR, STM32WBA55CEU6, STM32WBA55CEU6TR, STM32WBA55CEU7, STM32WBA55CEU7TR, STM32WBA55CGU6, STM32WBA55CGU6TR, STM32WBA55CGU6U, STM32WBA55CGU7, STM32WBA55CGU7TR, STM32WBA55G-DK1, STM32WBA55HEF6, STM32WBA55HEF7, STM32WBA55HGF6, STM32WBA55HGF7, STM32WBA55UEI6, STM32WBA55UEI6TR, STM32WBA55UEI7, STM32WBA55UEI7TR, STM32WBA55UGI6, STM32WBA55UGI6TR, STM32WBA55UGI7, STM32WBA55UGI7TR, STM32WBA5MMGH6TR, STM32WBA62MGF6, STM32WBA62MIF6, STM32WBA65MGF7, STM32WBA65MIF6, STM32WBA65MIF7, STM32WL30K8V6, STM32WL30KBV6, STM32WL31C8V6, STM32WL31CBV6, STM32WL31K8V6, STM32WL31KBV6, STM32WL33C8V6, STM32WL33C8V6X, STM32WL33CBV6, STM32WL33CBV6X, STM32WL33CCV6, STM32WL33CCV6A, STM32WL33CCV6X, STM32WL33K8V7, STM32WL33K8V7X, STM32WL33KBV7 , STM32WL33KBV7X, STM32WL33KCV7, STM32WL33KCV7X, STM32WL5MOCH6, STM32WL5MOCH6TR]
2025-12-02 16:32:23,138 [INFO] DbMcus:218 - Found 4801 MCUs, 4801 are supported
2025-12-02 16:32:23,138 [INFO] ApiDb:423 - Load user favorites file /home/natthanicha/.stm32cubeide/favorites.mcus.txt: 0 item(s)
2025-12-02 16:32:23,138 [INFO] ApiDb:427 - User favorites MCUs=[]
2025-12-02 16:32:23,138 [INFO] DbMcus:224 - Set 0 / 0 favorites MCUs
2025-12-02 16:32:23,382 [INFO] ApiDb:423 - Load user favorites file /home/natthanicha/.stm32cubeide/favorites.boards.txt: 0 item(s)
2025-12-02 16:32:23,382 [INFO] ApiDb:427 - User favorites Boards=[]
2025-12-02 16:32:23,382 [INFO] DbBoards:198 - Set 0 / 0 favorites Boards
2025-12-02 16:32:23,444 [INFO] UtilMem:75 - End LoadConfig() Used Memory: 561851016 Bytes (930086912)
2025-12-02 16:32:23,962 [WARN] ThirdParty:833 - waiting for thirdparty lock release [change project]
2025-12-02 16:32:23,962 [INFO] ThirdParty:835 - entering critical section [change project]
2025-12-02 16:32:23,962 [INFO] ThirdParty:1030 - CMSIS Pack Vendor :STMicroelectronics X-CUBE-PM33A1 1.0.0
2025-12-02 16:32:23,962 [INFO] ThirdParty:1030 - CMSIS Pack Vendor :STMicroelectronics USBPD 4.1
2025-12-02 16:32:23,962 [INFO] ThirdParty:1030 - CMSIS Pack Vendor :STMicroelectronics X-CUBE-NFC9 1.0.0
2025-12-02 16:32:23,962 [INFO] ThirdParty:1030 - CMSIS Pack Vendor :STMicroelectronics USB_HOST 2.0.0
2025-12-02 16:32:23,962 [INFO] ThirdParty:1030 - CMSIS Pack Vendor :STMicroelectronics FP-SNS-MOTENVWB1 1.4.0
2025-12-02 16:32:23,962 [INFO] ThirdParty:1030 - CMSIS Pack Vendor :STMicroelectronics X-CUBE-AZRTOS-F4 1.1.0
2025-12-02 16:32:23,962 [INFO] ThirdParty:1030 - CMSIS Pack Vendor :STMicroelectronics LIBJPEG 8.0.0
2025-12-02 16:32:23,962 [INFO] ThirdParty:1030 - CMSIS Pack Vendor :STMicroelectronics FP-ATR-ASTRA1 2.0.2
2025-12-02 16:32:23,962 [INFO] ThirdParty:1030 - CMSIS Pack Vendor :wolfSSL I-CUBE-wolfSSL 5.8.2
2025-12-02 16:32:23,962 [INFO] ThirdParty:1030 - CMSIS Pack Vendor :STMicroelectronics X-CUBE-BLE1 7.1.0
2025-12-02 16:32:23,962 [INFO] ThirdParty:1030 - CMSIS Pack Vendor :STMicroelectronics X-CUBE-SMBUS 2.1.0
2025-12-02 16:32:23,962 [INFO] ThirdParty:1030 - CMSIS Pack Vendor :wolfSSL I-CUBE-wolfMQTT 1.19.2
2025-12-02 16:32:23,962 [INFO] ThirdParty:1030 - CMSIS Pack Vendor :STMicroelectronics USB_DEVICE 3.0.0
2025-12-02 16:32:23,962 [INFO] ThirdParty:1030 - CMSIS Pack Vendor :STMicroelectronics X-CUBE-ISPU 2.1.0
2025-12-02 16:32:23,962 [INFO] ThirdParty:1030 - CMSIS Pack Vendor :STMicroelectronics X-CUBE-FREERTOS 1.4.0
2025-12-02 16:32:23,962 [INFO] ThirdParty:1030 - CMSIS Pack Vendor :STMicroelectronics X-CUBE-EEPRMA1 5.2.0
2025-12-02 16:32:23,962 [INFO] ThirdParty:1030 - CMSIS Pack Vendor :STMicroelectronics X-CUBE-IPS 3.2.0
2025-12-02 16:32:23,962 [INFO] ThirdParty:1030 - CMSIS Pack Vendor :STMicroelectronics X-CUBE-BLEMGR 4.1.0
2025-12-02 16:32:23,962 [INFO] ThirdParty:1030 - CMSIS Pack Vendor :STMicroelectronics X-CUBE-AZRTOS-WB 2.0.0
2025-12-02 16:32:23,962 [INFO] ThirdParty:1030 - CMSIS Pack Vendor :STMicroelectronics X-CUBE-ST60 1.0.0
2025-12-02 16:32:23,962 [INFO] ThirdParty:1030 - CMSIS Pack Vendor :STMicroelectronics X-CUBE-GNSS1 7.0.1
2025-12-02 16:32:23,962 [INFO] ThirdParty:1030 - CMSIS Pack Vendor :STMicroelectronics X-CUBE-NFC12 1.0.0
2025-12-02 16:32:23,962 [INFO] ThirdParty:1030 - CMSIS Pack Vendor :STMicroelectronics X-CUBE-AZRTOS-F7 1.1.0
2025-12-02 16:32:23,962 [INFO] ThirdParty:1030 - CMSIS Pack Vendor :STMicroelectronics X-CUBE-AZRTOS-L5 2.0.0
2025-12-02 16:32:23,962 [INFO] ThirdParty:1030 - CMSIS Pack Vendor :STMicroelectronics USB_DEVICE 2.0.0
2025-12-02 16:32:23,963 [INFO] ThirdParty:1030 - CMSIS Pack Vendor :STMicroelectronics X-CUBE-NFC6 3.1.0
2025-12-02 16:32:23,963 [INFO] ThirdParty:1030 - CMSIS Pack Vendor :STMicroelectronics X-CUBE-ST67W61 1.1.0
2025-12-02 16:32:23,963 [INFO] ThirdParty:1030 - CMSIS Pack Vendor :Cesanta I-CUBE-Mongoose 7.19.0
2025-12-02 16:32:23,963 [INFO] ThirdParty:1030 - CMSIS Pack Vendor :quantropi X-CUBE-qispace-sdk-base 2.1.0
2025-12-02 16:32:23,963 [INFO] ThirdParty:1030 - CMSIS Pack Vendor :STMicroelectronics X-CUBE-MEMS1 12.0.0
2025-12-02 16:32:23,963 [INFO] ThirdParty:1030 - CMSIS Pack Vendor :STMicroelectronics FP-SNS-MOTENV1 5.1.0
2025-12-02 16:32:23,963 [INFO] ThirdParty:1030 - CMSIS Pack Vendor :STMicroelectronics FreeRTOS 0.0.1
2025-12-02 16:32:23,963 [INFO] ThirdParty:1030 - CMSIS Pack Vendor :STMicroelectronics X-CUBE-AZRTOS-G0 1.1.0
2025-12-02 16:32:23,963 [INFO] ThirdParty:1030 - CMSIS Pack Vendor :STMicroelectronics X-CUBE-SAFEA1 1.2.2
2025-12-02 16:32:23,963 [INFO] ThirdParty:1030 - CMSIS Pack Vendor :STMicroelectronics X-CUBE-NFC4 3.0.0
2025-12-02 16:32:23,963 [INFO] ThirdParty:1030 - CMSIS Pack Vendor :STMicroelectronics X-CUBE-SUBG2 5.0.0
2025-12-02 16:32:23,963 [INFO] ThirdParty:1030 - CMSIS Pack Vendor :STMicroelectronics X-CUBE-AZRTOS-H7RS 1.1.0
2025-12-02 16:32:23,963 [INFO] ThirdParty:1030 - CMSIS Pack Vendor :STMicroelectronics STM32_WPAN 1.0.0
2025-12-02 16:32:23,963 [INFO] ThirdParty:1030 - CMSIS Pack Vendor :EmbeddedOffice I-CUBE-FS-RTOS 1.0.1
2025-12-02 16:32:23,963 [INFO] ThirdParty:1030 - CMSIS Pack Vendor :STMicroelectronics lwIP 2.0.3
2025-12-02 16:32:23,963 [INFO] ThirdParty:1030 - CMSIS Pack Vendor :WES I-CUBE-Cesium 1.4.0
2025-12-02 16:32:23,963 [INFO] ThirdParty:1030 - CMSIS Pack Vendor :STMicroelectronics USB_HOST 1.0.0
2025-12-02 16:32:23,963 [INFO] ThirdParty:1030 - CMSIS Pack Vendor :Infineon AIROC-Wi-Fi-Bluetooth-STM32 1.7.1
2025-12-02 16:32:23,963 [INFO] ThirdParty:1030 - CMSIS Pack Vendor :STMicroelectronics X-CUBE-AZRTOS-G4 2.0.0
2025-12-02 16:32:23,963 [INFO] ThirdParty:1030 - CMSIS Pack Vendor :STMicroelectronics X-CUBE-WB05N 2.0.0
2025-12-02 16:32:23,963 [INFO] ThirdParty:1030 - CMSIS Pack Vendor :STMicroelectronics PDM2PCM 3.1.0
2025-12-02 16:32:23,963 [INFO] ThirdParty:1030 - CMSIS Pack Vendor :STMicroelectronics PDM2PCM 3.3.0
2025-12-02 16:32:23,963 [INFO] ThirdParty:1030 - CMSIS Pack Vendor :wolfSSL I-CUBE-wolfTPM 3.8.0
2025-12-02 16:32:23,963 [INFO] ThirdParty:1030 - CMSIS Pack Vendor :STMicroelectronics X-CUBE-AZRTOS-H7 3.4.0
2025-12-02 16:32:23,963 [INFO] ThirdParty:1030 - CMSIS Pack Vendor :STMicroelectronics X-CUBE-DISPLAY 3.0.0
2025-12-02 16:32:23,963 [INFO] ThirdParty:1030 - CMSIS Pack Vendor :wolfSSL I-CUBE-wolfSSH 1.4.20
2025-12-02 16:32:23,963 [INFO] ThirdParty:1030 - CMSIS Pack Vendor :STMicroelectronics X-CUBE-NFC7 2.0.0
2025-12-02 16:32:23,963 [INFO] ThirdParty:1030 - CMSIS Pack Vendor :STMicroelectronics X-CUBE-TCPP 4.2.0
2025-12-02 16:32:23,963 [INFO] ThirdParty:1030 - CMSIS Pack Vendor :RealThread X-CUBE-RT-Thread_Nano 4.1.1
2025-12-02 16:32:23,963 [INFO] ThirdParty:1030 - CMSIS Pack Vendor :STMicroelectronics FP-ATR-SIGFOX1 3.2.0
2025-12-02 16:32:23,963 [INFO] ThirdParty:1030 - CMSIS Pack Vendor :STMicroelectronics X-CUBE-NFC10 1.0.0
2025-12-02 16:32:23,963 [INFO] ThirdParty:1030 - CMSIS Pack Vendor :STMicroelectronics X-CUBE-FREERTOS 1.3.1
2025-12-02 16:32:23,963 [INFO] ThirdParty:1030 - CMSIS Pack Vendor :STMicroelectronics HAL Drivers 0.0.0
2025-12-02 16:32:23,963 [INFO] ThirdParty:1030 - CMSIS Pack Vendor :STMicroelectronics MBEDTLS 2.16.2
2025-12-02 16:32:23,963 [INFO] ThirdParty:1030 - CMSIS Pack Vendor :STMicroelectronics X-CUBE-ST60 1.1.0
2025-12-02 16:32:23,963 [INFO] ThirdParty:1030 - CMSIS Pack Vendor :STMicroelectronics X-CUBE-ALS 1.0.2
2025-12-02 16:32:23,963 [INFO] ThirdParty:1030 - CMSIS Pack Vendor :emotas I-CUBE-CANOPEN 1.3.0
2025-12-02 16:32:23,963 [INFO] ThirdParty:1030 - CMSIS Pack Vendor :STMicroelectronics MBEDTLS 2.14.1
2025-12-02 16:32:23,963 [INFO] ThirdParty:1030 - CMSIS Pack Vendor :STMicroelectronics X-CUBE-GNSS1 7.1.0
2025-12-02 16:32:23,963 [INFO] ThirdParty:1030 - CMSIS Pack Vendor :ITTIA_DB I-CUBE-ITTIADB 8.9.0
2025-12-02 16:32:23,963 [INFO] ThirdParty:1030 - CMSIS Pack Vendor :STMicroelectronics X-CUBE-TOUCHGFX 4.26.0
2025-12-02 16:32:23,963 [INFO] ThirdParty:1030 - CMSIS Pack Vendor :STMicroelectronics X-CUBE-STSE01 1.0.0
2025-12-02 16:32:23,963 [INFO] ThirdParty:1030 - CMSIS Pack Vendor :STMicroelectronics FP-SNS-STBOX1 2.1.0
2025-12-02 16:32:23,963 [INFO] ThirdParty:1030 - CMSIS Pack Vendor :STMicroelectronics X-CUBE-AI 10.2.0
2025-12-02 16:32:23,963 [INFO] ThirdParty:1030 - CMSIS Pack Vendor :STMicroelectronics FP-SNS-STAIOTCFT 1.0.0
2025-12-02 16:32:23,963 [INFO] ThirdParty:1030 - CMSIS Pack Vendor :STMicroelectronics ThreadX 1.0.0
2025-12-02 16:32:23,963 [INFO] ThirdParty:1030 - CMSIS Pack Vendor :STMicroelectronics FP-SNS-SMARTAG2 1.2.0
2025-12-02 16:32:23,963 [INFO] ThirdParty:1030 - CMSIS Pack Vendor :STMicroelectronics FP-SNS-FLIGHT1 5.1.0
2025-12-02 16:32:23,963 [INFO] ThirdParty:1030 - CMSIS Pack Vendor :STMicroelectronics X-CUBE-AZRTOS-WL 2.0.0
2025-12-02 16:32:23,963 [INFO] ThirdParty:1030 - CMSIS Pack Vendor :SEGGER I-CUBE-embOS 1.3.1
2025-12-02 16:32:23,963 [INFO] ThirdParty:1030 - CMSIS Pack Vendor :STMicroelectronics X-CUBE-ALGOBUILD 1.4.0
2025-12-02 16:32:23,963 [INFO] ThirdParty:1030 - CMSIS Pack Vendor :STMicroelectronics X-CUBE-DPower 1.3.0
2025-12-02 16:32:23,963 [INFO] ThirdParty:1030 - CMSIS Pack Vendor :STMicroelectronics X-CUBE-MEMS1 11.3.0
2025-12-02 16:32:23,963 [INFO] ThirdParty:1030 - CMSIS Pack Vendor :STMicroelectronics FP-SNS-MOTENV1 5.0.0
2025-12-02 16:32:23,964 [INFO] ThirdParty:1030 - CMSIS Pack Vendor :STMicroelectronics USB_DEVICE 1.0.0
2025-12-02 16:32:23,964 [INFO] ThirdParty:1030 - CMSIS Pack Vendor :STMicroelectronics X-CUBE-AZRTOS-H7RS 1.2.0
2025-12-02 16:32:23,964 [INFO] ThirdParty:1030 - CMSIS Pack Vendor :STMicroelectronics X-CUBE-AZRTOS-L4 2.0.0
2025-12-02 16:32:23,964 [INFO] ThirdParty:1030 - CMSIS Pack Vendor :STMicroelectronics ThreadX 0.0.2
2025-12-02 16:32:23,964 [INFO] ThirdParty:1030 - CMSIS Pack Vendor :STMicroelectronics lwIP 2.1.2
2025-12-02 16:32:23,964 [INFO] ThirdParty:1030 - CMSIS Pack Vendor :STMicroelectronics X-CUBE-SFXS2LP1 4.0.0
2025-12-02 16:32:23,964 [INFO] ThirdParty:1030 - CMSIS Pack Vendor :STMicroelectronics X-CUBE-BLE2 3.3.0
2025-12-02 16:32:23,964 [INFO] ThirdParty:1030 - CMSIS Pack Vendor :Avnet-IOTCONNECT X-CUBE-iotc-st67-sdk 1.0.0
2025-12-02 16:32:23,964 [INFO] ThirdParty:1030 - CMSIS Pack Vendor :STMicroelectronics X-CUBE-TOF1 3.4.3
2025-12-02 16:32:23,964 [INFO] ThirdParty:1030 - CMSIS Pack Vendor :STMicroelectronics PDM2PCM 3.2.0
2025-12-02 16:32:23,964 [INFO] ThirdParty:841 - exiting critical section [change project]
2025-12-02 16:32:24,460 [INFO] PinOutPanel:1589 - setPackage(No Configuration,No Configuration)
2025-12-02 16:32:24,461 [INFO] PinOutPanel:1589 - setPackage(STM32G474RETx,LQFP64)
2025-12-02 16:32:24,802 [INFO] UtilMem:75 - Before build in PCC Used Memory: 400607064 Bytes (930086912)
2025-12-02 16:32:25,610 [INFO] UtilMem:75 - After build in PCC Used Memory: 708195616 Bytes (930086912)
2025-12-02 16:32:25,660 [INFO] ApiDbMcu:532 - Load IP Config File for FREERTOS
2025-12-02 16:32:25,685 [INFO] IPUIPlugin:80 - create IPUIPlugin
2025-12-02 16:32:25,685 [INFO] IPUIPlugin:80 - create IPUIPlugin
2025-12-02 16:32:25,685 [INFO] IPUIPlugin:80 - create IPUIPlugin
2025-12-02 16:32:25,685 [INFO] IPUIPlugin:80 - create IPUIPlugin
2025-12-02 16:32:25,685 [INFO] IPUIPlugin:80 - create IPUIPlugin
2025-12-02 16:32:25,685 [INFO] IPUIPlugin:80 - create IPUIPlugin
2025-12-02 16:32:25,685 [INFO] IPUIPlugin:80 - create IPUIPlugin
2025-12-02 16:32:25,685 [INFO] IPUIPlugin:80 - create IPUIPlugin
2025-12-02 16:32:25,685 [INFO] IPUIPlugin:80 - create IPUIPlugin
2025-12-02 16:32:25,685 [INFO] IPUIPlugin:80 - create IPUIPlugin
2025-12-02 16:32:25,685 [INFO] IPUIPlugin:80 - create IPUIPlugin
2025-12-02 16:32:25,685 [INFO] IPUIPlugin:80 - create IPUIPlugin
2025-12-02 16:32:25,685 [INFO] IPUIPlugin:80 - create IPUIPlugin
2025-12-02 16:32:25,686 [INFO] IPUIPlugin:80 - create IPUIPlugin
2025-12-02 16:32:25,686 [INFO] IPUIPlugin:80 - create IPUIPlugin
2025-12-02 16:32:25,686 [INFO] IPUIPlugin:80 - create IPUIPlugin
2025-12-02 16:32:25,686 [INFO] IPUIPlugin:80 - create IPUIPlugin
2025-12-02 16:32:25,686 [INFO] IPUIPlugin:80 - create IPUIPlugin
2025-12-02 16:32:25,686 [INFO] IPUIPlugin:80 - create IPUIPlugin
2025-12-02 16:32:25,686 [INFO] IPUIPlugin:80 - create IPUIPlugin
2025-12-02 16:32:25,686 [INFO] IPUIPlugin:80 - create IPUIPlugin
2025-12-02 16:32:25,686 [INFO] IPUIPlugin:80 - create IPUIPlugin
2025-12-02 16:32:25,686 [INFO] IPUIPlugin:80 - create IPUIPlugin
2025-12-02 16:32:25,686 [INFO] IPUIPlugin:80 - create IPUIPlugin
2025-12-02 16:32:25,686 [INFO] IPUIPlugin:80 - create IPUIPlugin
2025-12-02 16:32:25,687 [INFO] IPUIPlugin:80 - create IPUIPlugin
2025-12-02 16:32:25,687 [INFO] IPUIPlugin:80 - create IPUIPlugin
2025-12-02 16:32:25,687 [INFO] IPUIPlugin:80 - create IPUIPlugin
2025-12-02 16:32:25,687 [INFO] IPUIPlugin:80 - create IPUIPlugin
2025-12-02 16:32:25,687 [INFO] IPUIPlugin:80 - create IPUIPlugin
2025-12-02 16:32:25,687 [INFO] IPUIPlugin:80 - create IPUIPlugin
2025-12-02 16:32:25,687 [INFO] IPUIPlugin:80 - create IPUIPlugin
2025-12-02 16:32:25,687 [INFO] IPUIPlugin:80 - create IPUIPlugin
2025-12-02 16:32:25,687 [INFO] IPUIPlugin:80 - create IPUIPlugin
2025-12-02 16:32:25,687 [INFO] IPUIPlugin:80 - create IPUIPlugin
2025-12-02 16:32:25,687 [INFO] IPUIPlugin:80 - create IPUIPlugin
2025-12-02 16:32:25,687 [INFO] IPUIPlugin:80 - create IPUIPlugin
2025-12-02 16:32:25,687 [INFO] IPUIPlugin:80 - create IPUIPlugin
2025-12-02 16:32:25,688 [INFO] IPUIPlugin:80 - create IPUIPlugin
2025-12-02 16:32:25,688 [INFO] IPUIPlugin:80 - create IPUIPlugin
2025-12-02 16:32:25,688 [INFO] IPUIPlugin:80 - create IPUIPlugin
2025-12-02 16:32:25,688 [INFO] IPUIPlugin:80 - create IPUIPlugin
2025-12-02 16:32:25,688 [INFO] IPUIPlugin:80 - create IPUIPlugin
2025-12-02 16:32:25,688 [INFO] IPUIPlugin:80 - create IPUIPlugin
2025-12-02 16:32:25,688 [INFO] IPUIPlugin:80 - create IPUIPlugin
2025-12-02 16:32:25,688 [INFO] IPUIPlugin:80 - create IPUIPlugin
2025-12-02 16:32:25,688 [INFO] IPUIPlugin:80 - create IPUIPlugin
2025-12-02 16:32:25,689 [INFO] IPUIPlugin:80 - create IPUIPlugin
2025-12-02 16:32:25,689 [INFO] IPUIPlugin:80 - create IPUIPlugin
2025-12-02 16:32:25,689 [INFO] IPUIPlugin:80 - create IPUIPlugin
2025-12-02 16:32:25,689 [INFO] IPUIPlugin:80 - create IPUIPlugin
2025-12-02 16:32:25,689 [INFO] IPUIPlugin:80 - create IPUIPlugin
2025-12-02 16:32:25,689 [INFO] IPUIPlugin:80 - create IPUIPlugin
2025-12-02 16:32:25,689 [INFO] IPUIPlugin:80 - create IPUIPlugin
2025-12-02 16:32:25,689 [INFO] IPUIPlugin:80 - create IPUIPlugin
2025-12-02 16:32:25,689 [INFO] IPUIPlugin:80 - create IPUIPlugin
2025-12-02 16:32:25,690 [INFO] IPUIPlugin:80 - create IPUIPlugin
2025-12-02 16:32:25,690 [INFO] IPUIPlugin:80 - create IPUIPlugin
2025-12-02 16:32:25,690 [INFO] IPUIPlugin:80 - create IPUIPlugin
2025-12-02 16:32:25,690 [INFO] IPUIPlugin:80 - create IPUIPlugin
2025-12-02 16:32:25,690 [INFO] IPUIPlugin:80 - create IPUIPlugin
2025-12-02 16:32:25,690 [INFO] IPUIPlugin:80 - create IPUIPlugin
2025-12-02 16:32:25,690 [INFO] IPUIPlugin:80 - create IPUIPlugin
2025-12-02 16:32:25,691 [INFO] IPUIPlugin:80 - create IPUIPlugin
2025-12-02 16:32:25,691 [INFO] IPUIPlugin:80 - create IPUIPlugin
2025-12-02 16:32:25,691 [INFO] IPUIPlugin:80 - create IPUIPlugin
2025-12-02 16:32:25,691 [INFO] IPUIPlugin:80 - create IPUIPlugin
2025-12-02 16:32:25,691 [INFO] IPUIPlugin:80 - create IPUIPlugin
2025-12-02 16:32:25,692 [INFO] IPUIPlugin:80 - create IPUIPlugin
2025-12-02 16:32:25,692 [INFO] IPUIPlugin:80 - create IPUIPlugin
2025-12-02 16:32:25,692 [INFO] IPUIPlugin:80 - create IPUIPlugin
2025-12-02 16:32:25,692 [INFO] IPUIPlugin:80 - create IPUIPlugin
2025-12-02 16:32:25,692 [INFO] IPUIPlugin:80 - create IPUIPlugin
2025-12-02 16:32:25,692 [INFO] IPUIPlugin:80 - create IPUIPlugin
2025-12-02 16:32:25,692 [INFO] IPUIPlugin:80 - create IPUIPlugin
2025-12-02 16:32:25,693 [INFO] IPUIPlugin:80 - create IPUIPlugin
2025-12-02 16:32:25,704 [INFO] IPUIPlugin:80 - create IPUIPlugin
2025-12-02 16:32:25,705 [INFO] IPUIPlugin:80 - create IPUIPlugin
2025-12-02 16:32:25,742 [WARN] FreeRTOS:1023 - Null or empty value: should not occur! (nothing added to the table)
2025-12-02 16:32:25,967 [INFO] CADModel:165 - CPN selected for project levelSTM32G474RET6
2025-12-02 16:32:25,967 [INFO] CADModel:114 - Register for checkConnection events
2025-12-02 16:32:25,969 [INFO] RtosManager:728 - Active RTOS found at IOC load: FREERTOS [Cortex-M4NS]
2025-12-02 16:32:26,011 [INFO] OpenFileManager:386 - Restore cursor
2025-12-02 16:37:06,903 [INFO] NvicIntPanel:101 - NVIC parent = com.st.microxplorer.plugins.ip.nvic.MultiNvicIntPanel[,0,0,0x0,invalid,layout=javax.swing.BoxLayout,alignmentX=0.0,alignmentY=0.0,border=,flags=9,maximumSize=,minimumSize=,preferredSize=]
2025-12-02 16:50:10,654 [INFO] WebApp:194 - Connection lost
2025-12-02 16:50:11,228 [INFO] WebApp:191 - Connection restablished
2025-12-02 16:50:13,588 [INFO] WebApp:194 - Connection lost
2025-12-02 16:50:13,745 [INFO] WebApp:191 - Connection restablished
2025-12-02 16:51:12,872 [INFO] WebApp:194 - Connection lost
2025-12-02 16:51:13,390 [INFO] WebApp:191 - Connection restablished
2025-12-02 16:53:36,056 [INFO] WebApp:194 - Connection lost
2025-12-02 16:53:36,232 [INFO] WebApp:191 - Connection restablished
2025-12-02 16:54:03,751 [INFO] WebApp:194 - Connection lost
2025-12-02 16:54:04,181 [INFO] WebApp:191 - Connection restablished
2025-12-02 16:54:25,618 [INFO] WebApp:194 - Connection lost
2025-12-02 16:54:26,068 [INFO] WebApp:191 - Connection restablished
2025-12-02 16:54:50,144 [INFO] WebApp:194 - Connection lost
2025-12-02 16:54:50,254 [INFO] WebApp:191 - Connection restablished
2025-12-02 16:55:11,261 [INFO] WebApp:194 - Connection lost
2025-12-02 16:55:11,423 [INFO] WebApp:191 - Connection restablished
2025-12-02 16:56:43,107 [INFO] WebApp:194 - Connection lost
2025-12-02 16:56:43,594 [INFO] WebApp:191 - Connection restablished
2025-12-02 16:56:50,530 [INFO] UtilMem:75 - End SaveConfig() Used Memory: 738485032 Bytes (832569344)
2025-12-02 16:56:52,276 [INFO] BlockDiagram:2775 - set Specific Code input for plugin: FREERTOS
2025-12-02 16:56:52,276 [INFO] BlockDiagram:2775 - set Specific Code input for plugin: TIM1_8G4
2025-12-02 16:56:52,277 [INFO] BlockDiagram:2775 - set Specific Code input for plugin: TIM1_8G4
2025-12-02 16:56:52,277 [INFO] BlockDiagram:2775 - set Specific Code input for plugin: TIM1_8G4
2025-12-02 16:56:52,277 [INFO] BlockDiagram:2775 - set Specific Code input for plugin: SYS
2025-12-02 16:56:52,277 [INFO] BlockDiagram:2775 - set Specific Code input for plugin: RCC
2025-12-02 16:56:52,277 [INFO] BlockDiagram:2775 - set Specific Code input for plugin: LPUART
2025-12-02 16:56:52,277 [INFO] BlockDiagram:2775 - set Specific Code input for plugin: NVIC
2025-12-02 16:56:52,277 [INFO] BlockDiagram:2775 - set Specific Code input for plugin: DMA
2025-12-02 16:56:52,277 [INFO] BlockDiagram:2775 - set Specific Code input for plugin: TIM1_8G4
2025-12-02 16:56:52,278 [INFO] BlockDiagram:2775 - set Specific Code input for plugin: GPIO
2025-12-02 16:56:52,278 [INFO] CodeGenerator:892 - code generatio: config db path: /opt/st/stm32cubeide_1.19.0/plugins/com.st.stm32cube.common.mx_6.15.0.202507011659//db/
2025-12-02 16:56:52,654 [INFO] CodeEngine:265 - oldGeneratedFile, /home/natthanicha/FRA502_ROS2/ROS_PROJECT_WS/firmware/motor_controller/MXTmpFiles/license.tmp_save
2025-12-02 16:56:53,003 [INFO] CodeEngine:289 - Generated code: /home/natthanicha/FRA502_ROS2/ROS_PROJECT_WS/firmware/motor_controller/MXTmpFiles/license.tmp
2025-12-02 16:56:53,140 [INFO] CodeEngine:265 - oldGeneratedFile, /home/natthanicha/FRA502_ROS2/ROS_PROJECT_WS/firmware/motor_controller/Core/Src/gpio.c_save
2025-12-02 16:56:53,247 [INFO] CodeEngine:289 - Generated code: /home/natthanicha/FRA502_ROS2/ROS_PROJECT_WS/firmware/motor_controller/Core/Src/gpio.c
2025-12-02 16:56:53,249 [INFO] CodeEngine:265 - oldGeneratedFile, /home/natthanicha/FRA502_ROS2/ROS_PROJECT_WS/firmware/motor_controller/Core/Inc/gpio.h_save
2025-12-02 16:56:53,325 [INFO] CodeEngine:289 - Generated code: /home/natthanicha/FRA502_ROS2/ROS_PROJECT_WS/firmware/motor_controller/Core/Inc/gpio.h
2025-12-02 16:56:53,926 [INFO] Middleware:1452 - No code input for Bsp Dependency
2025-12-02 16:56:53,962 [INFO] CodeEngine:265 - oldGeneratedFile, /home/natthanicha/FRA502_ROS2/ROS_PROJECT_WS/firmware/motor_controller/MXTmpFiles/rtos_inc.tmp_save
2025-12-02 16:56:54,009 [INFO] CodeEngine:289 - Generated code: /home/natthanicha/FRA502_ROS2/ROS_PROJECT_WS/firmware/motor_controller/MXTmpFiles/rtos_inc.tmp
2025-12-02 16:56:54,237 [INFO] CodeEngine:265 - oldGeneratedFile, /home/natthanicha/FRA502_ROS2/ROS_PROJECT_WS/firmware/motor_controller/MXTmpFiles/rtos_kernelInit.tmp_save
2025-12-02 16:56:54,279 [INFO] CodeEngine:289 - Generated code: /home/natthanicha/FRA502_ROS2/ROS_PROJECT_WS/firmware/motor_controller/MXTmpFiles/rtos_kernelInit.tmp
2025-12-02 16:56:54,281 [INFO] CodeEngine:265 - oldGeneratedFile, /home/natthanicha/FRA502_ROS2/ROS_PROJECT_WS/firmware/motor_controller/MXTmpFiles/rtos_kernelStart.tmp_save
2025-12-02 16:56:54,316 [INFO] CodeEngine:289 - Generated code: /home/natthanicha/FRA502_ROS2/ROS_PROJECT_WS/firmware/motor_controller/MXTmpFiles/rtos_kernelStart.tmp
2025-12-02 16:56:54,318 [INFO] CodeEngine:265 - oldGeneratedFile, /home/natthanicha/FRA502_ROS2/ROS_PROJECT_WS/firmware/motor_controller/MXTmpFiles/rtos_typedefs.tmp_save
2025-12-02 16:56:54,355 [INFO] CodeEngine:289 - Generated code: /home/natthanicha/FRA502_ROS2/ROS_PROJECT_WS/firmware/motor_controller/MXTmpFiles/rtos_typedefs.tmp
2025-12-02 16:56:54,356 [INFO] CodeEngine:265 - oldGeneratedFile, /home/natthanicha/FRA502_ROS2/ROS_PROJECT_WS/firmware/motor_controller/MXTmpFiles/rtos_vars.tmp_save
2025-12-02 16:56:54,393 [INFO] CodeEngine:289 - Generated code: /home/natthanicha/FRA502_ROS2/ROS_PROJECT_WS/firmware/motor_controller/MXTmpFiles/rtos_vars.tmp
2025-12-02 16:56:54,394 [INFO] CodeEngine:265 - oldGeneratedFile, /home/natthanicha/FRA502_ROS2/ROS_PROJECT_WS/firmware/motor_controller/MXTmpFiles/rtos_pfp.tmp_save
2025-12-02 16:56:54,429 [INFO] CodeEngine:289 - Generated code: /home/natthanicha/FRA502_ROS2/ROS_PROJECT_WS/firmware/motor_controller/MXTmpFiles/rtos_pfp.tmp
2025-12-02 16:56:54,430 [INFO] CodeEngine:265 - oldGeneratedFile, /home/natthanicha/FRA502_ROS2/ROS_PROJECT_WS/firmware/motor_controller/MXTmpFiles/rtos_obj_creat.tmp_save
2025-12-02 16:56:54,465 [INFO] CodeEngine:289 - Generated code: /home/natthanicha/FRA502_ROS2/ROS_PROJECT_WS/firmware/motor_controller/MXTmpFiles/rtos_obj_creat.tmp
2025-12-02 16:56:54,483 [INFO] CodeEngine:265 - oldGeneratedFile, /home/natthanicha/FRA502_ROS2/ROS_PROJECT_WS/firmware/motor_controller/MXTmpFiles/rtos_default_thread.tmp_save
2025-12-02 16:56:54,518 [INFO] CodeEngine:289 - Generated code: /home/natthanicha/FRA502_ROS2/ROS_PROJECT_WS/firmware/motor_controller/MXTmpFiles/rtos_default_thread.tmp
2025-12-02 16:56:54,519 [INFO] CodeEngine:265 - oldGeneratedFile, /home/natthanicha/FRA502_ROS2/ROS_PROJECT_WS/firmware/motor_controller/MXTmpFiles/rtos_threads.tmp_save
2025-12-02 16:56:54,556 [INFO] CodeEngine:289 - Generated code: /home/natthanicha/FRA502_ROS2/ROS_PROJECT_WS/firmware/motor_controller/MXTmpFiles/rtos_threads.tmp
2025-12-02 16:56:54,562 [INFO] Middleware:1452 - No code input for Bsp Dependency
2025-12-02 16:56:54,564 [INFO] CodeEngine:265 - oldGeneratedFile, /home/natthanicha/FRA502_ROS2/ROS_PROJECT_WS/firmware/motor_controller/MXTmpFiles/rtos_inc.tmp_save
2025-12-02 16:56:54,598 [INFO] CodeEngine:289 - Generated code: /home/natthanicha/FRA502_ROS2/ROS_PROJECT_WS/firmware/motor_controller/MXTmpFiles/rtos_inc.tmp
2025-12-02 16:56:54,599 [INFO] CodeEngine:265 - oldGeneratedFile, /home/natthanicha/FRA502_ROS2/ROS_PROJECT_WS/firmware/motor_controller/MXTmpFiles/rtos_kernelInit.tmp_save
2025-12-02 16:56:54,631 [INFO] CodeEngine:289 - Generated code: /home/natthanicha/FRA502_ROS2/ROS_PROJECT_WS/firmware/motor_controller/MXTmpFiles/rtos_kernelInit.tmp
2025-12-02 16:56:54,632 [INFO] CodeEngine:265 - oldGeneratedFile, /home/natthanicha/FRA502_ROS2/ROS_PROJECT_WS/firmware/motor_controller/MXTmpFiles/rtos_kernelStart.tmp_save
2025-12-02 16:56:54,666 [INFO] CodeEngine:289 - Generated code: /home/natthanicha/FRA502_ROS2/ROS_PROJECT_WS/firmware/motor_controller/MXTmpFiles/rtos_kernelStart.tmp
2025-12-02 16:56:54,667 [INFO] CodeEngine:265 - oldGeneratedFile, /home/natthanicha/FRA502_ROS2/ROS_PROJECT_WS/firmware/motor_controller/MXTmpFiles/rtos_typedefs.tmp_save
2025-12-02 16:56:54,703 [INFO] CodeEngine:289 - Generated code: /home/natthanicha/FRA502_ROS2/ROS_PROJECT_WS/firmware/motor_controller/MXTmpFiles/rtos_typedefs.tmp
2025-12-02 16:56:54,703 [INFO] CodeEngine:265 - oldGeneratedFile, /home/natthanicha/FRA502_ROS2/ROS_PROJECT_WS/firmware/motor_controller/MXTmpFiles/rtos_vars.tmp_save
2025-12-02 16:56:54,746 [INFO] CodeEngine:289 - Generated code: /home/natthanicha/FRA502_ROS2/ROS_PROJECT_WS/firmware/motor_controller/MXTmpFiles/rtos_vars.tmp
2025-12-02 16:56:54,747 [INFO] CodeEngine:265 - oldGeneratedFile, /home/natthanicha/FRA502_ROS2/ROS_PROJECT_WS/firmware/motor_controller/MXTmpFiles/rtos_pfp.tmp_save
2025-12-02 16:56:54,778 [INFO] CodeEngine:289 - Generated code: /home/natthanicha/FRA502_ROS2/ROS_PROJECT_WS/firmware/motor_controller/MXTmpFiles/rtos_pfp.tmp
2025-12-02 16:56:54,779 [INFO] CodeEngine:265 - oldGeneratedFile, /home/natthanicha/FRA502_ROS2/ROS_PROJECT_WS/firmware/motor_controller/MXTmpFiles/rtos_obj_creat.tmp_save
2025-12-02 16:56:54,813 [INFO] CodeEngine:289 - Generated code: /home/natthanicha/FRA502_ROS2/ROS_PROJECT_WS/firmware/motor_controller/MXTmpFiles/rtos_obj_creat.tmp
2025-12-02 16:56:54,814 [INFO] CodeEngine:265 - oldGeneratedFile, /home/natthanicha/FRA502_ROS2/ROS_PROJECT_WS/firmware/motor_controller/MXTmpFiles/rtos_default_thread.tmp_save
2025-12-02 16:56:54,846 [INFO] CodeEngine:289 - Generated code: /home/natthanicha/FRA502_ROS2/ROS_PROJECT_WS/firmware/motor_controller/MXTmpFiles/rtos_default_thread.tmp
2025-12-02 16:56:54,847 [INFO] CodeEngine:265 - oldGeneratedFile, /home/natthanicha/FRA502_ROS2/ROS_PROJECT_WS/firmware/motor_controller/MXTmpFiles/rtos_threads.tmp_save
2025-12-02 16:56:54,880 [INFO] CodeEngine:289 - Generated code: /home/natthanicha/FRA502_ROS2/ROS_PROJECT_WS/firmware/motor_controller/MXTmpFiles/rtos_threads.tmp
2025-12-02 16:56:54,881 [INFO] CodeEngine:265 - oldGeneratedFile, /home/natthanicha/FRA502_ROS2/ROS_PROJECT_WS/firmware/motor_controller/Core/Inc/FreeRTOSConfig.h_save
2025-12-02 16:56:54,926 [INFO] CodeEngine:289 - Generated code: /home/natthanicha/FRA502_ROS2/ROS_PROJECT_WS/firmware/motor_controller/Core/Inc/FreeRTOSConfig.h
2025-12-02 16:56:54,927 [INFO] CodeEngine:265 - oldGeneratedFile, /home/natthanicha/FRA502_ROS2/ROS_PROJECT_WS/firmware/motor_controller/Core/Src/app_freertos.c_save
2025-12-02 16:56:54,971 [INFO] CodeEngine:289 - Generated code: /home/natthanicha/FRA502_ROS2/ROS_PROJECT_WS/firmware/motor_controller/Core/Src/app_freertos.c
2025-12-02 16:56:55,018 [INFO] CodeEngine:265 - oldGeneratedFile, /home/natthanicha/FRA502_ROS2/ROS_PROJECT_WS/firmware/motor_controller/Core/Src/dma.c_save
2025-12-02 16:56:55,054 [INFO] CodeEngine:289 - Generated code: /home/natthanicha/FRA502_ROS2/ROS_PROJECT_WS/firmware/motor_controller/Core/Src/dma.c
2025-12-02 16:56:55,055 [INFO] CodeEngine:265 - oldGeneratedFile, /home/natthanicha/FRA502_ROS2/ROS_PROJECT_WS/firmware/motor_controller/Core/Inc/dma.h_save
2025-12-02 16:56:55,091 [INFO] CodeEngine:289 - Generated code: /home/natthanicha/FRA502_ROS2/ROS_PROJECT_WS/firmware/motor_controller/Core/Inc/dma.h
2025-12-02 16:56:55,110 [INFO] CodeEngine:265 - oldGeneratedFile, /home/natthanicha/FRA502_ROS2/ROS_PROJECT_WS/firmware/motor_controller/Core/Src/usart.c_save
2025-12-02 16:56:55,177 [INFO] CodeEngine:289 - Generated code: /home/natthanicha/FRA502_ROS2/ROS_PROJECT_WS/firmware/motor_controller/Core/Src/usart.c
2025-12-02 16:56:55,179 [INFO] CodeEngine:265 - oldGeneratedFile, /home/natthanicha/FRA502_ROS2/ROS_PROJECT_WS/firmware/motor_controller/Core/Inc/usart.h_save
2025-12-02 16:56:55,214 [INFO] CodeEngine:289 - Generated code: /home/natthanicha/FRA502_ROS2/ROS_PROJECT_WS/firmware/motor_controller/Core/Inc/usart.h
2025-12-02 16:56:55,217 [INFO] CodeEngine:265 - oldGeneratedFile, /home/natthanicha/FRA502_ROS2/ROS_PROJECT_WS/firmware/motor_controller/Core/Src/tim.c_save
2025-12-02 16:56:55,277 [INFO] CodeEngine:289 - Generated code: /home/natthanicha/FRA502_ROS2/ROS_PROJECT_WS/firmware/motor_controller/Core/Src/tim.c
2025-12-02 16:56:55,278 [INFO] CodeEngine:265 - oldGeneratedFile, /home/natthanicha/FRA502_ROS2/ROS_PROJECT_WS/firmware/motor_controller/Core/Inc/tim.h_save
2025-12-02 16:56:55,318 [INFO] CodeEngine:289 - Generated code: /home/natthanicha/FRA502_ROS2/ROS_PROJECT_WS/firmware/motor_controller/Core/Inc/tim.h
2025-12-02 16:56:55,346 [INFO] CodeEngine:265 - oldGeneratedFile, /home/natthanicha/FRA502_ROS2/ROS_PROJECT_WS/firmware/motor_controller/Core/Src/stm32g4xx_it.c_save
2025-12-02 16:56:55,401 [INFO] CodeEngine:289 - Generated code: /home/natthanicha/FRA502_ROS2/ROS_PROJECT_WS/firmware/motor_controller/Core/Src/stm32g4xx_it.c
2025-12-02 16:56:55,402 [INFO] CodeEngine:265 - oldGeneratedFile, /home/natthanicha/FRA502_ROS2/ROS_PROJECT_WS/firmware/motor_controller/Core/Inc/stm32g4xx_it.h_save
2025-12-02 16:56:55,449 [INFO] CodeEngine:289 - Generated code: /home/natthanicha/FRA502_ROS2/ROS_PROJECT_WS/firmware/motor_controller/Core/Inc/stm32g4xx_it.h
2025-12-02 16:56:55,479 [INFO] CodeEngine:265 - oldGeneratedFile, /home/natthanicha/FRA502_ROS2/ROS_PROJECT_WS/firmware/motor_controller/Core/Src/stm32g4xx_hal_msp.c_save
2025-12-02 16:56:55,529 [INFO] CodeEngine:289 - Generated code: /home/natthanicha/FRA502_ROS2/ROS_PROJECT_WS/firmware/motor_controller/Core/Src/stm32g4xx_hal_msp.c
2025-12-02 16:56:55,530 [INFO] CodeEngine:265 - oldGeneratedFile, /home/natthanicha/FRA502_ROS2/ROS_PROJECT_WS/firmware/motor_controller/MXTmpFiles/system.tmp_save
2025-12-02 16:56:55,562 [INFO] CodeEngine:289 - Generated code: /home/natthanicha/FRA502_ROS2/ROS_PROJECT_WS/firmware/motor_controller/MXTmpFiles/system.tmp
2025-12-02 16:56:55,578 [INFO] CodeEngine:265 - oldGeneratedFile, /home/natthanicha/FRA502_ROS2/ROS_PROJECT_WS/firmware/motor_controller/Core/Src/stm32g4xx_hal_timebase_tim.c_save
2025-12-02 16:56:55,613 [INFO] CodeEngine:289 - Generated code: /home/natthanicha/FRA502_ROS2/ROS_PROJECT_WS/firmware/motor_controller/Core/Src/stm32g4xx_hal_timebase_tim.c
2025-12-02 16:56:55,631 [INFO] CodeEngine:321 - oldGeneratedFile, /home/natthanicha/FRA502_ROS2/ROS_PROJECT_WS/firmware/motor_controller/Core/Inc/stm32g4xx_hal_conf.h_save
2025-12-02 16:56:55,666 [INFO] CodeEngine:345 - Generated code: /home/natthanicha/FRA502_ROS2/ROS_PROJECT_WS/firmware/motor_controller/Core/Inc/stm32g4xx_hal_conf.h
2025-12-02 16:56:55,676 [WARN] IPConfigManager:3238 - Warning: the RefConfig RCC_CommonPeriphClockConfig is not available in your config.xml file
2025-12-02 16:56:55,684 [INFO] ApiDbMcu:532 - Load IP Config File for LPUART1
2025-12-02 16:56:55,694 [INFO] ApiDbMcu:532 - Load IP Config File for TIM3
2025-12-02 16:56:55,703 [INFO] ApiDbMcu:532 - Load IP Config File for TIM4
2025-12-02 16:56:55,711 [INFO] ApiDbMcu:532 - Load IP Config File for TIM5
2025-12-02 16:56:55,718 [INFO] ApiDbMcu:532 - Load IP Config File for TIM8
2025-12-02 16:56:55,720 [INFO] ApiDbMcu:532 - Load IP Config File for RCC
2025-12-02 16:56:55,725 [INFO] CodeEngine:265 - oldGeneratedFile, /home/natthanicha/FRA502_ROS2/ROS_PROJECT_WS/firmware/motor_controller/Core/Inc/main.h_save
2025-12-02 16:56:55,798 [INFO] CodeEngine:289 - Generated code: /home/natthanicha/FRA502_ROS2/ROS_PROJECT_WS/firmware/motor_controller/Core/Inc/main.h
2025-12-02 16:56:55,799 [INFO] CodeEngine:265 - oldGeneratedFile, /home/natthanicha/FRA502_ROS2/ROS_PROJECT_WS/firmware/motor_controller/Core/Src/main.c_save
2025-12-02 16:56:55,878 [INFO] CodeEngine:289 - Generated code: /home/natthanicha/FRA502_ROS2/ROS_PROJECT_WS/firmware/motor_controller/Core/Src/main.c
2025-12-02 16:56:57,098 [INFO] ProjectBuilder:3606 - Time for Copy HAL[1] : 976mS.
2025-12-02 16:56:57,103 [INFO] ProjectBuilder:5216 - Project Generator version: 4.7.0-B52
2025-12-02 16:56:57,180 [INFO] ConfigFileManager:1595 - The Die is : DIE469
2025-12-02 16:56:57,226 [INFO] ApiDbMcu:532 - Load IP Config File for FATFS
2025-12-02 16:56:57,237 [INFO] ApiDbMcu:532 - Load IP Config File for USBPD
2025-12-02 16:56:57,257 [INFO] ApiDbMcu:532 - Load IP Config File for USB_DEVICE
2025-12-02 16:56:57,793 [INFO] LogOutputStream:77 - [STDOUT_REDIRECT] 
2025-12-02 16:56:59,211 [INFO] ProjectBuilder:5496 - Time for Generating toolchain IDE Files: 2108mS.
2025-12-02 16:56:59,212 [INFO] ProjectBuilder:3463 - Time for Copy CMSIS : 1mS.
2025-12-02 16:56:59,213 [INFO] ProjectBuilder:3463 - Time for Copy CMSIS : 0mS.
2025-12-02 16:57:09,254 [INFO] WebApp:194 - Connection lost
2025-12-02 16:57:09,811 [INFO] WebApp:191 - Connection restablished
2025-12-02 16:57:34,004 [INFO] WebApp:194 - Connection lost
2025-12-02 16:57:34,152 [INFO] WebApp:191 - Connection restablished
2025-12-02 16:58:22,884 [INFO] WebApp:194 - Connection lost
2025-12-02 16:58:23,168 [INFO] WebApp:191 - Connection restablished
2025-12-02 17:04:11,345 [INFO] WebApp:194 - Connection lost
2025-12-02 17:04:11,819 [INFO] WebApp:191 - Connection restablished
2025-12-02 17:09:33,234 [INFO] WebApp:194 - Connection lost
2025-12-02 17:09:33,438 [INFO] WebApp:191 - Connection restablished
2025-12-02 17:13:59,695 [INFO] WebApp:194 - Connection lost
2025-12-02 17:13:59,888 [INFO] WebApp:191 - Connection restablished
2025-12-02 17:14:36,110 [INFO] WebApp:194 - Connection lost
2025-12-02 17:14:36,305 [INFO] WebApp:191 - Connection restablished
2025-12-02 17:14:54,104 [INFO] WebApp:194 - Connection lost
2025-12-02 17:14:54,260 [INFO] WebApp:191 - Connection restablished
2025-12-02 17:15:17,534 [INFO] WebApp:194 - Connection lost
2025-12-02 17:15:17,994 [INFO] WebApp:191 - Connection restablished
2025-12-02 17:16:43,633 [INFO] WebApp:194 - Connection lost
2025-12-02 17:16:43,824 [INFO] WebApp:191 - Connection restablished
2025-12-02 17:17:59,247 [INFO] WebApp:194 - Connection lost
2025-12-02 17:17:59,720 [INFO] WebApp:191 - Connection restablished
2025-12-02 17:18:08,484 [INFO] WebApp:194 - Connection lost
2025-12-02 17:18:08,638 [INFO] WebApp:191 - Connection restablished
2025-12-02 17:19:43,969 [INFO] WebApp:194 - Connection lost
2025-12-02 17:19:44,447 [INFO] WebApp:191 - Connection restablished
2025-12-02 17:26:48,235 [INFO] WebApp:194 - Connection lost
2025-12-02 17:26:48,427 [INFO] WebApp:191 - Connection restablished
2025-12-02 17:34:11,696 [INFO] WebApp:194 - Connection lost
2025-12-02 17:34:12,169 [INFO] WebApp:191 - Connection restablished
2025-12-02 17:44:12,053 [INFO] WebApp:194 - Connection lost
2025-12-02 17:44:12,515 [INFO] WebApp:191 - Connection restablished
2025-12-02 17:54:14,063 [INFO] WebApp:194 - Connection lost
2025-12-02 17:54:14,540 [INFO] WebApp:191 - Connection restablished
2025-12-02 17:59:35,518 [INFO] WebApp:194 - Connection lost
2025-12-02 17:59:35,715 [INFO] WebApp:191 - Connection restablished
2025-12-02 18:06:51,896 [ERROR] LogOutputStream:75 - [STDERR_REDIRECT] 
