23:20:24 **** Incremental Build of configuration Debug for project sensor_fusion ****
make -j16 all 
docker pull microros/micro_ros_static_library_builder:humble && docker run --rm -v /home/natthanicha/FRA502_ROS2/ROS_PROJECT_WS/firmware/sensor_fusion:/project --env MICROROS_LIBRARY_FOLDER=micro_ros_stm32cubemx_utils/microros_static_library_ide microros/micro_ros_static_library_builder:humble
humble: Pulling from microros/micro_ros_static_library_builder
Digest: sha256:e291f74890e81b31eb1d70731cb79b2d767dd585269325031effc72952b24b9d
Status: Image is up to date for microros/micro_ros_static_library_builder:humble
docker.io/microros/micro_ros_static_library_builder:humble
dos2unix: converting file /project/micro_ros_stm32cubemx_utils/microros_static_library_ide/library_generation/library_generation.sh to Unix format...
micro-ROS library found. Skipping...
Delete micro_ros_stm32cubemx_utils/microros_static_library_ide/libmicroros/ for rebuild.
 
arm-none-eabi-size  sensor_fusion.elf 
   text	   data	    bss	    dec	    hex	filename
 110992	   1988	  46184	 159164	  26dbc	sensor_fusion.elf
Finished building: default.size.stdout
 
23:20:33 **** Incremental Build of configuration Debug for project sensor_fusion ****
make -j16 all 
docker pull microros/micro_ros_static_library_builder:humble && docker run --rm -v /home/natthanicha/FRA502_ROS2/ROS_PROJECT_WS/firmware/sensor_fusion:/project --env MICROROS_LIBRARY_FOLDER=micro_ros_stm32cubemx_utils/microros_static_library_ide microros/micro_ros_static_library_builder:humble
humble: Pulling from microros/micro_ros_static_library_builder
Digest: sha256:e291f74890e81b31eb1d70731cb79b2d767dd585269325031effc72952b24b9d
Status: Image is up to date for microros/micro_ros_static_library_builder:humble
docker.io/microros/micro_ros_static_library_builder:humble
dos2unix: converting file /project/micro_ros_stm32cubemx_utils/microros_static_library_ide/library_generation/library_generation.sh to Unix format...
micro-ROS library found. Skipping...
Delete micro_ros_stm32cubemx_utils/microros_static_library_ide/libmicroros/ for rebuild.
 
arm-none-eabi-size  sensor_fusion.elf 
   text	   data	    bss	    dec	    hex	filename
 110992	   1988	  46184	 159164	  26dbc	sensor_fusion.elf
Finished building: default.size.stdout
 
23:23:45 **** Incremental Build of configuration Debug for project sensor_fusion ****
make -j16 all 
docker pull microros/micro_ros_static_library_builder:humble && docker run --rm -v /home/natthanicha/FRA502_ROS2/ROS_PROJECT_WS/firmware/sensor_fusion:/project --env MICROROS_LIBRARY_FOLDER=micro_ros_stm32cubemx_utils/microros_static_library_ide microros/micro_ros_static_library_builder:humble
humble: Pulling from microros/micro_ros_static_library_builder
Digest: sha256:e291f74890e81b31eb1d70731cb79b2d767dd585269325031effc72952b24b9d
Status: Image is up to date for microros/micro_ros_static_library_builder:humble
docker.io/microros/micro_ros_static_library_builder:humble
dos2unix: converting file /project/micro_ros_stm32cubemx_utils/microros_static_library_ide/library_generation/library_generation.sh to Unix format...
micro-ROS library found. Skipping...
Delete micro_ros_stm32cubemx_utils/microros_static_library_ide/libmicroros/ for rebuild.
 
arm-none-eabi-gcc "../Core/Src/main.c" -mcpu=cortex-m4 -std=gnu11 -g3 -DDEBUG -DUSE_HAL_DRIVER -DSTM32G474xx -c -I../Core/Inc -I../MPU6050/Src -I../Drivers/STM32G4xx_HAL_Driver/Inc -I../micro_ros_stm32cubemx_utils/microros_static_library_ide/libmicroros/include -I../Drivers/STM32G4xx_HAL_Driver/Inc/Legacy -I../Drivers/CMSIS/Device/ST/STM32G4xx/Include -I../Drivers/CMSIS/Include -I../Middlewares/Third_Party/FreeRTOS/Source/include -I../Middlewares/Third_Party/FreeRTOS/Source/CMSIS_RTOS_V2 -I../Middlewares/Third_Party/FreeRTOS/Source/portable/GCC/ARM_CM4F -O0 -ffunction-sections -fdata-sections -Wall -fstack-usage -fcyclomatic-complexity -MMD -MP -MF"Core/Src/main.d" -MT"Core/Src/main.o" --specs=nano.specs -mfpu=fpv4-sp-d16 -mfloat-abi=hard -mthumb -o "Core/Src/main.o"
arm-none-eabi-gcc -o "sensor_fusion.elf" @"objects.list"  -lmicroros -mcpu=cortex-m4 -T"/home/natthanicha/FRA502_ROS2/ROS_PROJECT_WS/firmware/sensor_fusion/STM32G474RETX_FLASH.ld" --specs=nosys.specs -Wl,-Map="sensor_fusion.map" -Wl,--gc-sections -static -L../micro_ros_stm32cubemx_utils/microros_static_library_ide/libmicroros --specs=nano.specs -mfpu=fpv4-sp-d16 -mfloat-abi=hard -mthumb -Wl,--start-group -lc -lm -Wl,--end-group
/opt/st/stm32cubeide_1.19.0/plugins/com.st.stm32cube.ide.mcu.externaltools.gnu-tools-for-stm32.13.3.rel1.linux64_1.0.0.202410170706/tools/bin/../lib/gcc/arm-none-eabi/13.3.1/../../../../arm-none-eabi/bin/ld: /opt/st/stm32cubeide_1.19.0/plugins/com.st.stm32cube.ide.mcu.externaltools.gnu-tools-for-stm32.13.3.rel1.linux64_1.0.0.202410170706/tools/bin/../lib/gcc/arm-none-eabi/13.3.1/../../../../arm-none-eabi/lib/thumb/v7e-m+fp/hard/libc_nano.a(libc_a-gettimeofdayr.o): in function `_gettimeofday_r':
(.text._gettimeofday_r+0xe): warning: _gettimeofday is not implemented and will always fail
/opt/st/stm32cubeide_1.19.0/plugins/com.st.stm32cube.ide.mcu.externaltools.gnu-tools-for-stm32.13.3.rel1.linux64_1.0.0.202410170706/tools/bin/../lib/gcc/arm-none-eabi/13.3.1/../../../../arm-none-eabi/bin/ld: /opt/st/stm32cubeide_1.19.0/plugins/com.st.stm32cube.ide.mcu.externaltools.gnu-tools-for-stm32.13.3.rel1.linux64_1.0.0.202410170706/tools/bin/../lib/gcc/arm-none-eabi/13.3.1/../../../../arm-none-eabi/lib/thumb/v7e-m+fp/hard/libc_nano.a(libc_a-gettimeofdayr.o): note: the message above does not take linker garbage collection into account
Finished building target: sensor_fusion.elf
 
arm-none-eabi-size  sensor_fusion.elf 
arm-none-eabi-objdump -h -S sensor_fusion.elf  > "sensor_fusion.list"
   text	   data	    bss	    dec	    hex	filename
 110984	   1988	  46184	 159156	  26db4	sensor_fusion.elf
Finished building: default.size.stdout
 
Finished building: sensor_fusion.list
 
23:24:38 **** Incremental Build of configuration Debug for project sensor_fusion ****
make -j16 all 
docker pull microros/micro_ros_static_library_builder:humble && docker run --rm -v /home/natthanicha/FRA502_ROS2/ROS_PROJECT_WS/firmware/sensor_fusion:/project --env MICROROS_LIBRARY_FOLDER=micro_ros_stm32cubemx_utils/microros_static_library_ide microros/micro_ros_static_library_builder:humble
humble: Pulling from microros/micro_ros_static_library_builder
Digest: sha256:e291f74890e81b31eb1d70731cb79b2d767dd585269325031effc72952b24b9d
Status: Image is up to date for microros/micro_ros_static_library_builder:humble
docker.io/microros/micro_ros_static_library_builder:humble
dos2unix: converting file /project/micro_ros_stm32cubemx_utils/microros_static_library_ide/library_generation/library_generation.sh to Unix format...
micro-ROS library found. Skipping...
Delete micro_ros_stm32cubemx_utils/microros_static_library_ide/libmicroros/ for rebuild.
 
arm-none-eabi-size  sensor_fusion.elf 
   text	   data	    bss	    dec	    hex	filename
 110984	   1988	  46184	 159156	  26db4	sensor_fusion.elf
Finished building: default.size.stdout
 
23:36:43 **** Incremental Build of configuration Debug for project sensor_fusion ****
make -j16 all 
docker pull microros/micro_ros_static_library_builder:humble && docker run --rm -v /home/natthanicha/FRA502_ROS2/ROS_PROJECT_WS/firmware/sensor_fusion:/project --env MICROROS_LIBRARY_FOLDER=micro_ros_stm32cubemx_utils/microros_static_library_ide microros/micro_ros_static_library_builder:humble
humble: Pulling from microros/micro_ros_static_library_builder
Digest: sha256:e291f74890e81b31eb1d70731cb79b2d767dd585269325031effc72952b24b9d
Status: Image is up to date for microros/micro_ros_static_library_builder:humble
docker.io/microros/micro_ros_static_library_builder:humble
dos2unix: converting file /project/micro_ros_stm32cubemx_utils/microros_static_library_ide/library_generation/library_generation.sh to Unix format...
micro-ROS library found. Skipping...
Delete micro_ros_stm32cubemx_utils/microros_static_library_ide/libmicroros/ for rebuild.
 
arm-none-eabi-size  sensor_fusion.elf 
   text	   data	    bss	    dec	    hex	filename
 110984	   1988	  46184	 159156	  26db4	sensor_fusion.elf
Finished building: default.size.stdout
 
23:39:53 **** Incremental Build of configuration Debug for project sensor_fusion ****
make -j16 all 
docker pull microros/micro_ros_static_library_builder:humble && docker run --rm -v /home/natthanicha/FRA502_ROS2/ROS_PROJECT_WS/firmware/sensor_fusion:/project --env MICROROS_LIBRARY_FOLDER=micro_ros_stm32cubemx_utils/microros_static_library_ide microros/micro_ros_static_library_builder:humble
humble: Pulling from microros/micro_ros_static_library_builder
Digest: sha256:e291f74890e81b31eb1d70731cb79b2d767dd585269325031effc72952b24b9d
Status: Image is up to date for microros/micro_ros_static_library_builder:humble
docker.io/microros/micro_ros_static_library_builder:humble
dos2unix: converting file /project/micro_ros_stm32cubemx_utils/microros_static_library_ide/library_generation/library_generation.sh to Unix format...
micro-ROS library found. Skipping...
Delete micro_ros_stm32cubemx_utils/microros_static_library_ide/libmicroros/ for rebuild.
 
arm-none-eabi-gcc "../Core/Src/main.c" -mcpu=cortex-m4 -std=gnu11 -g3 -DDEBUG -DUSE_HAL_DRIVER -DSTM32G474xx -c -I../Core/Inc -I../MPU6050/Src -I../Drivers/STM32G4xx_HAL_Driver/Inc -I../micro_ros_stm32cubemx_utils/microros_static_library_ide/libmicroros/include -I../Drivers/STM32G4xx_HAL_Driver/Inc/Legacy -I../Drivers/CMSIS/Device/ST/STM32G4xx/Include -I../Drivers/CMSIS/Include -I../Middlewares/Third_Party/FreeRTOS/Source/include -I../Middlewares/Third_Party/FreeRTOS/Source/CMSIS_RTOS_V2 -I../Middlewares/Third_Party/FreeRTOS/Source/portable/GCC/ARM_CM4F -O0 -ffunction-sections -fdata-sections -Wall -fstack-usage -fcyclomatic-complexity -MMD -MP -MF"Core/Src/main.d" -MT"Core/Src/main.o" --specs=nano.specs -mfpu=fpv4-sp-d16 -mfloat-abi=hard -mthumb -o "Core/Src/main.o"
arm-none-eabi-gcc -o "sensor_fusion.elf" @"objects.list"  -lmicroros -mcpu=cortex-m4 -T"/home/natthanicha/FRA502_ROS2/ROS_PROJECT_WS/firmware/sensor_fusion/STM32G474RETX_FLASH.ld" --specs=nosys.specs -Wl,-Map="sensor_fusion.map" -Wl,--gc-sections -static -L../micro_ros_stm32cubemx_utils/microros_static_library_ide/libmicroros --specs=nano.specs -mfpu=fpv4-sp-d16 -mfloat-abi=hard -mthumb -Wl,--start-group -lc -lm -Wl,--end-group
/opt/st/stm32cubeide_1.19.0/plugins/com.st.stm32cube.ide.mcu.externaltools.gnu-tools-for-stm32.13.3.rel1.linux64_1.0.0.202410170706/tools/bin/../lib/gcc/arm-none-eabi/13.3.1/../../../../arm-none-eabi/bin/ld: /opt/st/stm32cubeide_1.19.0/plugins/com.st.stm32cube.ide.mcu.externaltools.gnu-tools-for-stm32.13.3.rel1.linux64_1.0.0.202410170706/tools/bin/../lib/gcc/arm-none-eabi/13.3.1/../../../../arm-none-eabi/lib/thumb/v7e-m+fp/hard/libc_nano.a(libc_a-gettimeofdayr.o): in function `_gettimeofday_r':
(.text._gettimeofday_r+0xe): warning: _gettimeofday is not implemented and will always fail
/opt/st/stm32cubeide_1.19.0/plugins/com.st.stm32cube.ide.mcu.externaltools.gnu-tools-for-stm32.13.3.rel1.linux64_1.0.0.202410170706/tools/bin/../lib/gcc/arm-none-eabi/13.3.1/../../../../arm-none-eabi/bin/ld: /opt/st/stm32cubeide_1.19.0/plugins/com.st.stm32cube.ide.mcu.externaltools.gnu-tools-for-stm32.13.3.rel1.linux64_1.0.0.202410170706/tools/bin/../lib/gcc/arm-none-eabi/13.3.1/../../../../arm-none-eabi/lib/thumb/v7e-m+fp/hard/libc_nano.a(libc_a-gettimeofdayr.o): note: the message above does not take linker garbage collection into account
Finished building target: sensor_fusion.elf
 
arm-none-eabi-size  sensor_fusion.elf 
arm-none-eabi-objdump -h -S sensor_fusion.elf  > "sensor_fusion.list"
   text	   data	    bss	    dec	    hex	filename
 110992	   1988	  46184	 159164	  26dbc	sensor_fusion.elf
Finished building: default.size.stdout
 
Finished building: sensor_fusion.list
 
23:42:58 **** Incremental Build of configuration Debug for project sensor_fusion ****
make -j16 all 
docker pull microros/micro_ros_static_library_builder:humble && docker run --rm -v /home/natthanicha/FRA502_ROS2/ROS_PROJECT_WS/firmware/sensor_fusion:/project --env MICROROS_LIBRARY_FOLDER=micro_ros_stm32cubemx_utils/microros_static_library_ide microros/micro_ros_static_library_builder:humble
humble: Pulling from microros/micro_ros_static_library_builder
Digest: sha256:e291f74890e81b31eb1d70731cb79b2d767dd585269325031effc72952b24b9d
Status: Image is up to date for microros/micro_ros_static_library_builder:humble
docker.io/microros/micro_ros_static_library_builder:humble
dos2unix: converting file /project/micro_ros_stm32cubemx_utils/microros_static_library_ide/library_generation/library_generation.sh to Unix format...
micro-ROS library found. Skipping...
Delete micro_ros_stm32cubemx_utils/microros_static_library_ide/libmicroros/ for rebuild.
 
arm-none-eabi-gcc "../Core/Src/main.c" -mcpu=cortex-m4 -std=gnu11 -g3 -DDEBUG -DUSE_HAL_DRIVER -DSTM32G474xx -c -I../Core/Inc -I../MPU6050/Src -I../Drivers/STM32G4xx_HAL_Driver/Inc -I../micro_ros_stm32cubemx_utils/microros_static_library_ide/libmicroros/include -I../Drivers/STM32G4xx_HAL_Driver/Inc/Legacy -I../Drivers/CMSIS/Device/ST/STM32G4xx/Include -I../Drivers/CMSIS/Include -I../Middlewares/Third_Party/FreeRTOS/Source/include -I../Middlewares/Third_Party/FreeRTOS/Source/CMSIS_RTOS_V2 -I../Middlewares/Third_Party/FreeRTOS/Source/portable/GCC/ARM_CM4F -O0 -ffunction-sections -fdata-sections -Wall -fstack-usage -fcyclomatic-complexity -MMD -MP -MF"Core/Src/main.d" -MT"Core/Src/main.o" --specs=nano.specs -mfpu=fpv4-sp-d16 -mfloat-abi=hard -mthumb -o "Core/Src/main.o"
arm-none-eabi-gcc -o "sensor_fusion.elf" @"objects.list"  -lmicroros -mcpu=cortex-m4 -T"/home/natthanicha/FRA502_ROS2/ROS_PROJECT_WS/firmware/sensor_fusion/STM32G474RETX_FLASH.ld" --specs=nosys.specs -Wl,-Map="sensor_fusion.map" -Wl,--gc-sections -static -L../micro_ros_stm32cubemx_utils/microros_static_library_ide/libmicroros --specs=nano.specs -mfpu=fpv4-sp-d16 -mfloat-abi=hard -mthumb -Wl,--start-group -lc -lm -Wl,--end-group
/opt/st/stm32cubeide_1.19.0/plugins/com.st.stm32cube.ide.mcu.externaltools.gnu-tools-for-stm32.13.3.rel1.linux64_1.0.0.202410170706/tools/bin/../lib/gcc/arm-none-eabi/13.3.1/../../../../arm-none-eabi/bin/ld: /opt/st/stm32cubeide_1.19.0/plugins/com.st.stm32cube.ide.mcu.externaltools.gnu-tools-for-stm32.13.3.rel1.linux64_1.0.0.202410170706/tools/bin/../lib/gcc/arm-none-eabi/13.3.1/../../../../arm-none-eabi/lib/thumb/v7e-m+fp/hard/libc_nano.a(libc_a-gettimeofdayr.o): in function `_gettimeofday_r':
(.text._gettimeofday_r+0xe): warning: _gettimeofday is not implemented and will always fail
/opt/st/stm32cubeide_1.19.0/plugins/com.st.stm32cube.ide.mcu.externaltools.gnu-tools-for-stm32.13.3.rel1.linux64_1.0.0.202410170706/tools/bin/../lib/gcc/arm-none-eabi/13.3.1/../../../../arm-none-eabi/bin/ld: /opt/st/stm32cubeide_1.19.0/plugins/com.st.stm32cube.ide.mcu.externaltools.gnu-tools-for-stm32.13.3.rel1.linux64_1.0.0.202410170706/tools/bin/../lib/gcc/arm-none-eabi/13.3.1/../../../../arm-none-eabi/lib/thumb/v7e-m+fp/hard/libc_nano.a(libc_a-gettimeofdayr.o): note: the message above does not take linker garbage collection into account
Finished building target: sensor_fusion.elf
 
arm-none-eabi-size  sensor_fusion.elf 
arm-none-eabi-objdump -h -S sensor_fusion.elf  > "sensor_fusion.list"
   text	   data	    bss	    dec	    hex	filename
 110992	   1988	  46184	 159164	  26dbc	sensor_fusion.elf
Finished building: default.size.stdout
 
Finished building: sensor_fusion.list
 
23:46:48 **** Incremental Build of configuration Debug for project sensor_fusion ****
make -j16 all 
docker pull microros/micro_ros_static_library_builder:humble && docker run --rm -v /home/natthanicha/FRA502_ROS2/ROS_PROJECT_WS/firmware/sensor_fusion:/project --env MICROROS_LIBRARY_FOLDER=micro_ros_stm32cubemx_utils/microros_static_library_ide microros/micro_ros_static_library_builder:humble
humble: Pulling from microros/micro_ros_static_library_builder
Digest: sha256:e291f74890e81b31eb1d70731cb79b2d767dd585269325031effc72952b24b9d
Status: Image is up to date for microros/micro_ros_static_library_builder:humble
docker.io/microros/micro_ros_static_library_builder:humble
dos2unix: converting file /project/micro_ros_stm32cubemx_utils/microros_static_library_ide/library_generation/library_generation.sh to Unix format...
micro-ROS library found. Skipping...
Delete micro_ros_stm32cubemx_utils/microros_static_library_ide/libmicroros/ for rebuild.
 
arm-none-eabi-size  sensor_fusion.elf 
   text	   data	    bss	    dec	    hex	filename
 110992	   1988	  46184	 159164	  26dbc	sensor_fusion.elf
Finished building: default.size.stdout
 
23:47:44 **** Incremental Build of configuration Debug for project sensor_fusion ****
make -j16 all 
docker pull microros/micro_ros_static_library_builder:humble && docker run --rm -v /home/natthanicha/FRA502_ROS2/ROS_PROJECT_WS/firmware/sensor_fusion:/project --env MICROROS_LIBRARY_FOLDER=micro_ros_stm32cubemx_utils/microros_static_library_ide microros/micro_ros_static_library_builder:humble
humble: Pulling from microros/micro_ros_static_library_builder
Digest: sha256:e291f74890e81b31eb1d70731cb79b2d767dd585269325031effc72952b24b9d
Status: Image is up to date for microros/micro_ros_static_library_builder:humble
docker.io/microros/micro_ros_static_library_builder:humble
dos2unix: converting file /project/micro_ros_stm32cubemx_utils/microros_static_library_ide/library_generation/library_generation.sh to Unix format...
micro-ROS library found. Skipping...
Delete micro_ros_stm32cubemx_utils/microros_static_library_ide/libmicroros/ for rebuild.
 
arm-none-eabi-size  sensor_fusion.elf 
   text	   data	    bss	    dec	    hex	filename
 110992	   1988	  46184	 159164	  26dbc	sensor_fusion.elf
Finished building: default.size.stdout
 
23:49:23 **** Incremental Build of configuration Debug for project sensor_fusion ****
make -j16 all 
docker pull microros/micro_ros_static_library_builder:humble && docker run --rm -v /home/natthanicha/FRA502_ROS2/ROS_PROJECT_WS/firmware/sensor_fusion:/project --env MICROROS_LIBRARY_FOLDER=micro_ros_stm32cubemx_utils/microros_static_library_ide microros/micro_ros_static_library_builder:humble
humble: Pulling from microros/micro_ros_static_library_builder
Digest: sha256:e291f74890e81b31eb1d70731cb79b2d767dd585269325031effc72952b24b9d
Status: Image is up to date for microros/micro_ros_static_library_builder:humble
docker.io/microros/micro_ros_static_library_builder:humble
dos2unix: converting file /project/micro_ros_stm32cubemx_utils/microros_static_library_ide/library_generation/library_generation.sh to Unix format...
micro-ROS library found. Skipping...
Delete micro_ros_stm32cubemx_utils/microros_static_library_ide/libmicroros/ for rebuild.
 
arm-none-eabi-size  sensor_fusion.elf 
   text	   data	    bss	    dec	    hex	filename
 110992	   1988	  46184	 159164	  26dbc	sensor_fusion.elf
Finished building: default.size.stdout
 
19:12:21 **** Build of configuration Debug for project sensor_fusion ****
make -j16 all 
docker pull microros/micro_ros_static_library_builder:humble && docker run --rm -v /home/natthanicha/FRA502_ROS2/ROS_PROJECT_WS/firmware/sensor_fusion:/project --env MICROROS_LIBRARY_FOLDER=micro_ros_stm32cubemx_utils/microros_static_library_ide microros/micro_ros_static_library_builder:humble
humble: Pulling from microros/micro_ros_static_library_builder
Digest: sha256:e291f74890e81b31eb1d70731cb79b2d767dd585269325031effc72952b24b9d
Status: Image is up to date for microros/micro_ros_static_library_builder:humble
docker.io/microros/micro_ros_static_library_builder:humble
dos2unix: converting file /project/micro_ros_stm32cubemx_utils/microros_static_library_ide/library_generation/library_generation.sh to Unix format...
micro-ROS library found. Skipping...
Delete micro_ros_stm32cubemx_utils/microros_static_library_ide/libmicroros/ for rebuild.
 
arm-none-eabi-gcc "../Middlewares/Third_Party/FreeRTOS/Source/portable/MemMang/heap_4.c" -mcpu=cortex-m4 -std=gnu11 -g3 -DDEBUG -DUSE_HAL_DRIVER -DSTM32G474xx -c -I../Core/Inc -I../MPU6050/Src -I../Drivers/STM32G4xx_HAL_Driver/Inc -I../micro_ros_stm32cubemx_utils/microros_static_library_ide/libmicroros/include -I../Drivers/STM32G4xx_HAL_Driver/Inc/Legacy -I../Drivers/CMSIS/Device/ST/STM32G4xx/Include -I../Drivers/CMSIS/Include -I../Middlewares/Third_Party/FreeRTOS/Source/include -I../Middlewares/Third_Party/FreeRTOS/Source/CMSIS_RTOS_V2 -I../Middlewares/Third_Party/FreeRTOS/Source/portable/GCC/ARM_CM4F -O0 -ffunction-sections -fdata-sections -Wall -fstack-usage -fcyclomatic-complexity -MMD -MP -MF"Middlewares/Third_Party/FreeRTOS/Source/portable/MemMang/heap_4.d" -MT"Middlewares/Third_Party/FreeRTOS/Source/portable/MemMang/heap_4.o" --specs=nano.specs -mfpu=fpv4-sp-d16 -mfloat-abi=hard -mthumb -o "Middlewares/Third_Party/FreeRTOS/Source/portable/MemMang/heap_4.o"
arm-none-eabi-gcc "../Middlewares/Third_Party/FreeRTOS/Source/portable/GCC/ARM_CM4F/port.c" -mcpu=cortex-m4 -std=gnu11 -g3 -DDEBUG -DUSE_HAL_DRIVER -DSTM32G474xx -c -I../Core/Inc -I../MPU6050/Src -I../Drivers/STM32G4xx_HAL_Driver/Inc -I../micro_ros_stm32cubemx_utils/microros_static_library_ide/libmicroros/include -I../Drivers/STM32G4xx_HAL_Driver/Inc/Legacy -I../Drivers/CMSIS/Device/ST/STM32G4xx/Include -I../Drivers/CMSIS/Include -I../Middlewares/Third_Party/FreeRTOS/Source/include -I../Middlewares/Third_Party/FreeRTOS/Source/CMSIS_RTOS_V2 -I../Middlewares/Third_Party/FreeRTOS/Source/portable/GCC/ARM_CM4F -O0 -ffunction-sections -fdata-sections -Wall -fstack-usage -fcyclomatic-complexity -MMD -MP -MF"Middlewares/Third_Party/FreeRTOS/Source/portable/GCC/ARM_CM4F/port.d" -MT"Middlewares/Third_Party/FreeRTOS/Source/portable/GCC/ARM_CM4F/port.o" --specs=nano.specs -mfpu=fpv4-sp-d16 -mfloat-abi=hard -mthumb -o "Middlewares/Third_Party/FreeRTOS/Source/portable/GCC/ARM_CM4F/port.o"
arm-none-eabi-gcc "../Middlewares/Third_Party/FreeRTOS/Source/CMSIS_RTOS_V2/cmsis_os2.c" -mcpu=cortex-m4 -std=gnu11 -g3 -DDEBUG -DUSE_HAL_DRIVER -DSTM32G474xx -c -I../Core/Inc -I../MPU6050/Src -I../Drivers/STM32G4xx_HAL_Driver/Inc -I../micro_ros_stm32cubemx_utils/microros_static_library_ide/libmicroros/include -I../Drivers/STM32G4xx_HAL_Driver/Inc/Legacy -I../Drivers/CMSIS/Device/ST/STM32G4xx/Include -I../Drivers/CMSIS/Include -I../Middlewares/Third_Party/FreeRTOS/Source/include -I../Middlewares/Third_Party/FreeRTOS/Source/CMSIS_RTOS_V2 -I../Middlewares/Third_Party/FreeRTOS/Source/portable/GCC/ARM_CM4F -O0 -ffunction-sections -fdata-sections -Wall -fstack-usage -fcyclomatic-complexity -MMD -MP -MF"Middlewares/Third_Party/FreeRTOS/Source/CMSIS_RTOS_V2/cmsis_os2.d" -MT"Middlewares/Third_Party/FreeRTOS/Source/CMSIS_RTOS_V2/cmsis_os2.o" --specs=nano.specs -mfpu=fpv4-sp-d16 -mfloat-abi=hard -mthumb -o "Middlewares/Third_Party/FreeRTOS/Source/CMSIS_RTOS_V2/cmsis_os2.o"
arm-none-eabi-gcc "../Middlewares/Third_Party/FreeRTOS/Source/croutine.c" -mcpu=cortex-m4 -std=gnu11 -g3 -DDEBUG -DUSE_HAL_DRIVER -DSTM32G474xx -c -I../Core/Inc -I../MPU6050/Src -I../Drivers/STM32G4xx_HAL_Driver/Inc -I../micro_ros_stm32cubemx_utils/microros_static_library_ide/libmicroros/include -I../Drivers/STM32G4xx_HAL_Driver/Inc/Legacy -I../Drivers/CMSIS/Device/ST/STM32G4xx/Include -I../Drivers/CMSIS/Include -I../Middlewares/Third_Party/FreeRTOS/Source/include -I../Middlewares/Third_Party/FreeRTOS/Source/CMSIS_RTOS_V2 -I../Middlewares/Third_Party/FreeRTOS/Source/portable/GCC/ARM_CM4F -O0 -ffunction-sections -fdata-sections -Wall -fstack-usage -fcyclomatic-complexity -MMD -MP -MF"Middlewares/Third_Party/FreeRTOS/Source/croutine.d" -MT"Middlewares/Third_Party/FreeRTOS/Source/croutine.o" --specs=nano.specs -mfpu=fpv4-sp-d16 -mfloat-abi=hard -mthumb -o "Middlewares/Third_Party/FreeRTOS/Source/croutine.o"
arm-none-eabi-gcc "../Middlewares/Third_Party/FreeRTOS/Source/event_groups.c" -mcpu=cortex-m4 -std=gnu11 -g3 -DDEBUG -DUSE_HAL_DRIVER -DSTM32G474xx -c -I../Core/Inc -I../MPU6050/Src -I../Drivers/STM32G4xx_HAL_Driver/Inc -I../micro_ros_stm32cubemx_utils/microros_static_library_ide/libmicroros/include -I../Drivers/STM32G4xx_HAL_Driver/Inc/Legacy -I../Drivers/CMSIS/Device/ST/STM32G4xx/Include -I../Drivers/CMSIS/Include -I../Middlewares/Third_Party/FreeRTOS/Source/include -I../Middlewares/Third_Party/FreeRTOS/Source/CMSIS_RTOS_V2 -I../Middlewares/Third_Party/FreeRTOS/Source/portable/GCC/ARM_CM4F -O0 -ffunction-sections -fdata-sections -Wall -fstack-usage -fcyclomatic-complexity -MMD -MP -MF"Middlewares/Third_Party/FreeRTOS/Source/event_groups.d" -MT"Middlewares/Third_Party/FreeRTOS/Source/event_groups.o" --specs=nano.specs -mfpu=fpv4-sp-d16 -mfloat-abi=hard -mthumb -o "Middlewares/Third_Party/FreeRTOS/Source/event_groups.o"
arm-none-eabi-gcc "../Middlewares/Third_Party/FreeRTOS/Source/list.c" -mcpu=cortex-m4 -std=gnu11 -g3 -DDEBUG -DUSE_HAL_DRIVER -DSTM32G474xx -c -I../Core/Inc -I../MPU6050/Src -I../Drivers/STM32G4xx_HAL_Driver/Inc -I../micro_ros_stm32cubemx_utils/microros_static_library_ide/libmicroros/include -I../Drivers/STM32G4xx_HAL_Driver/Inc/Legacy -I../Drivers/CMSIS/Device/ST/STM32G4xx/Include -I../Drivers/CMSIS/Include -I../Middlewares/Third_Party/FreeRTOS/Source/include -I../Middlewares/Third_Party/FreeRTOS/Source/CMSIS_RTOS_V2 -I../Middlewares/Third_Party/FreeRTOS/Source/portable/GCC/ARM_CM4F -O0 -ffunction-sections -fdata-sections -Wall -fstack-usage -fcyclomatic-complexity -MMD -MP -MF"Middlewares/Third_Party/FreeRTOS/Source/list.d" -MT"Middlewares/Third_Party/FreeRTOS/Source/list.o" --specs=nano.specs -mfpu=fpv4-sp-d16 -mfloat-abi=hard -mthumb -o "Middlewares/Third_Party/FreeRTOS/Source/list.o"
arm-none-eabi-gcc "../Middlewares/Third_Party/FreeRTOS/Source/queue.c" -mcpu=cortex-m4 -std=gnu11 -g3 -DDEBUG -DUSE_HAL_DRIVER -DSTM32G474xx -c -I../Core/Inc -I../MPU6050/Src -I../Drivers/STM32G4xx_HAL_Driver/Inc -I../micro_ros_stm32cubemx_utils/microros_static_library_ide/libmicroros/include -I../Drivers/STM32G4xx_HAL_Driver/Inc/Legacy -I../Drivers/CMSIS/Device/ST/STM32G4xx/Include -I../Drivers/CMSIS/Include -I../Middlewares/Third_Party/FreeRTOS/Source/include -I../Middlewares/Third_Party/FreeRTOS/Source/CMSIS_RTOS_V2 -I../Middlewares/Third_Party/FreeRTOS/Source/portable/GCC/ARM_CM4F -O0 -ffunction-sections -fdata-sections -Wall -fstack-usage -fcyclomatic-complexity -MMD -MP -MF"Middlewares/Third_Party/FreeRTOS/Source/queue.d" -MT"Middlewares/Third_Party/FreeRTOS/Source/queue.o" --specs=nano.specs -mfpu=fpv4-sp-d16 -mfloat-abi=hard -mthumb -o "Middlewares/Third_Party/FreeRTOS/Source/queue.o"
arm-none-eabi-gcc "../Middlewares/Third_Party/FreeRTOS/Source/stream_buffer.c" -mcpu=cortex-m4 -std=gnu11 -g3 -DDEBUG -DUSE_HAL_DRIVER -DSTM32G474xx -c -I../Core/Inc -I../MPU6050/Src -I../Drivers/STM32G4xx_HAL_Driver/Inc -I../micro_ros_stm32cubemx_utils/microros_static_library_ide/libmicroros/include -I../Drivers/STM32G4xx_HAL_Driver/Inc/Legacy -I../Drivers/CMSIS/Device/ST/STM32G4xx/Include -I../Drivers/CMSIS/Include -I../Middlewares/Third_Party/FreeRTOS/Source/include -I../Middlewares/Third_Party/FreeRTOS/Source/CMSIS_RTOS_V2 -I../Middlewares/Third_Party/FreeRTOS/Source/portable/GCC/ARM_CM4F -O0 -ffunction-sections -fdata-sections -Wall -fstack-usage -fcyclomatic-complexity -MMD -MP -MF"Middlewares/Third_Party/FreeRTOS/Source/stream_buffer.d" -MT"Middlewares/Third_Party/FreeRTOS/Source/stream_buffer.o" --specs=nano.specs -mfpu=fpv4-sp-d16 -mfloat-abi=hard -mthumb -o "Middlewares/Third_Party/FreeRTOS/Source/stream_buffer.o"
arm-none-eabi-gcc "../Middlewares/Third_Party/FreeRTOS/Source/tasks.c" -mcpu=cortex-m4 -std=gnu11 -g3 -DDEBUG -DUSE_HAL_DRIVER -DSTM32G474xx -c -I../Core/Inc -I../MPU6050/Src -I../Drivers/STM32G4xx_HAL_Driver/Inc -I../micro_ros_stm32cubemx_utils/microros_static_library_ide/libmicroros/include -I../Drivers/STM32G4xx_HAL_Driver/Inc/Legacy -I../Drivers/CMSIS/Device/ST/STM32G4xx/Include -I../Drivers/CMSIS/Include -I../Middlewares/Third_Party/FreeRTOS/Source/include -I../Middlewares/Third_Party/FreeRTOS/Source/CMSIS_RTOS_V2 -I../Middlewares/Third_Party/FreeRTOS/Source/portable/GCC/ARM_CM4F -O0 -ffunction-sections -fdata-sections -Wall -fstack-usage -fcyclomatic-complexity -MMD -MP -MF"Middlewares/Third_Party/FreeRTOS/Source/tasks.d" -MT"Middlewares/Third_Party/FreeRTOS/Source/tasks.o" --specs=nano.specs -mfpu=fpv4-sp-d16 -mfloat-abi=hard -mthumb -o "Middlewares/Third_Party/FreeRTOS/Source/tasks.o"
arm-none-eabi-gcc "../Middlewares/Third_Party/FreeRTOS/Source/timers.c" -mcpu=cortex-m4 -std=gnu11 -g3 -DDEBUG -DUSE_HAL_DRIVER -DSTM32G474xx -c -I../Core/Inc -I../MPU6050/Src -I../Drivers/STM32G4xx_HAL_Driver/Inc -I../micro_ros_stm32cubemx_utils/microros_static_library_ide/libmicroros/include -I../Drivers/STM32G4xx_HAL_Driver/Inc/Legacy -I../Drivers/CMSIS/Device/ST/STM32G4xx/Include -I../Drivers/CMSIS/Include -I../Middlewares/Third_Party/FreeRTOS/Source/include -I../Middlewares/Third_Party/FreeRTOS/Source/CMSIS_RTOS_V2 -I../Middlewares/Third_Party/FreeRTOS/Source/portable/GCC/ARM_CM4F -O0 -ffunction-sections -fdata-sections -Wall -fstack-usage -fcyclomatic-complexity -MMD -MP -MF"Middlewares/Third_Party/FreeRTOS/Source/timers.d" -MT"Middlewares/Third_Party/FreeRTOS/Source/timers.o" --specs=nano.specs -mfpu=fpv4-sp-d16 -mfloat-abi=hard -mthumb -o "Middlewares/Third_Party/FreeRTOS/Source/timers.o"
arm-none-eabi-gcc "../MPU6050/Src/mpu6050.c" -mcpu=cortex-m4 -std=gnu11 -g3 -DDEBUG -DUSE_HAL_DRIVER -DSTM32G474xx -c -I../Core/Inc -I../MPU6050/Src -I../Drivers/STM32G4xx_HAL_Driver/Inc -I../micro_ros_stm32cubemx_utils/microros_static_library_ide/libmicroros/include -I../Drivers/STM32G4xx_HAL_Driver/Inc/Legacy -I../Drivers/CMSIS/Device/ST/STM32G4xx/Include -I../Drivers/CMSIS/Include -I../Middlewares/Third_Party/FreeRTOS/Source/include -I../Middlewares/Third_Party/FreeRTOS/Source/CMSIS_RTOS_V2 -I../Middlewares/Third_Party/FreeRTOS/Source/portable/GCC/ARM_CM4F -O0 -ffunction-sections -fdata-sections -Wall -fstack-usage -fcyclomatic-complexity -MMD -MP -MF"MPU6050/Src/mpu6050.d" -MT"MPU6050/Src/mpu6050.o" --specs=nano.specs -mfpu=fpv4-sp-d16 -mfloat-abi=hard -mthumb -o "MPU6050/Src/mpu6050.o"
arm-none-eabi-gcc "../Drivers/STM32G4xx_HAL_Driver/Src/stm32g4xx_hal.c" -mcpu=cortex-m4 -std=gnu11 -g3 -DDEBUG -DUSE_HAL_DRIVER -DSTM32G474xx -c -I../Core/Inc -I../MPU6050/Src -I../Drivers/STM32G4xx_HAL_Driver/Inc -I../micro_ros_stm32cubemx_utils/microros_static_library_ide/libmicroros/include -I../Drivers/STM32G4xx_HAL_Driver/Inc/Legacy -I../Drivers/CMSIS/Device/ST/STM32G4xx/Include -I../Drivers/CMSIS/Include -I../Middlewares/Third_Party/FreeRTOS/Source/include -I../Middlewares/Third_Party/FreeRTOS/Source/CMSIS_RTOS_V2 -I../Middlewares/Third_Party/FreeRTOS/Source/portable/GCC/ARM_CM4F -O0 -ffunction-sections -fdata-sections -Wall -fstack-usage -fcyclomatic-complexity -MMD -MP -MF"Drivers/STM32G4xx_HAL_Driver/Src/stm32g4xx_hal.d" -MT"Drivers/STM32G4xx_HAL_Driver/Src/stm32g4xx_hal.o" --specs=nano.specs -mfpu=fpv4-sp-d16 -mfloat-abi=hard -mthumb -o "Drivers/STM32G4xx_HAL_Driver/Src/stm32g4xx_hal.o"
arm-none-eabi-gcc "../Drivers/STM32G4xx_HAL_Driver/Src/stm32g4xx_hal_cortex.c" -mcpu=cortex-m4 -std=gnu11 -g3 -DDEBUG -DUSE_HAL_DRIVER -DSTM32G474xx -c -I../Core/Inc -I../MPU6050/Src -I../Drivers/STM32G4xx_HAL_Driver/Inc -I../micro_ros_stm32cubemx_utils/microros_static_library_ide/libmicroros/include -I../Drivers/STM32G4xx_HAL_Driver/Inc/Legacy -I../Drivers/CMSIS/Device/ST/STM32G4xx/Include -I../Drivers/CMSIS/Include -I../Middlewares/Third_Party/FreeRTOS/Source/include -I../Middlewares/Third_Party/FreeRTOS/Source/CMSIS_RTOS_V2 -I../Middlewares/Third_Party/FreeRTOS/Source/portable/GCC/ARM_CM4F -O0 -ffunction-sections -fdata-sections -Wall -fstack-usage -fcyclomatic-complexity -MMD -MP -MF"Drivers/STM32G4xx_HAL_Driver/Src/stm32g4xx_hal_cortex.d" -MT"Drivers/STM32G4xx_HAL_Driver/Src/stm32g4xx_hal_cortex.o" --specs=nano.specs -mfpu=fpv4-sp-d16 -mfloat-abi=hard -mthumb -o "Drivers/STM32G4xx_HAL_Driver/Src/stm32g4xx_hal_cortex.o"
arm-none-eabi-gcc "../Drivers/STM32G4xx_HAL_Driver/Src/stm32g4xx_hal_dma.c" -mcpu=cortex-m4 -std=gnu11 -g3 -DDEBUG -DUSE_HAL_DRIVER -DSTM32G474xx -c -I../Core/Inc -I../MPU6050/Src -I../Drivers/STM32G4xx_HAL_Driver/Inc -I../micro_ros_stm32cubemx_utils/microros_static_library_ide/libmicroros/include -I../Drivers/STM32G4xx_HAL_Driver/Inc/Legacy -I../Drivers/CMSIS/Device/ST/STM32G4xx/Include -I../Drivers/CMSIS/Include -I../Middlewares/Third_Party/FreeRTOS/Source/include -I../Middlewares/Third_Party/FreeRTOS/Source/CMSIS_RTOS_V2 -I../Middlewares/Third_Party/FreeRTOS/Source/portable/GCC/ARM_CM4F -O0 -ffunction-sections -fdata-sections -Wall -fstack-usage -fcyclomatic-complexity -MMD -MP -MF"Drivers/STM32G4xx_HAL_Driver/Src/stm32g4xx_hal_dma.d" -MT"Drivers/STM32G4xx_HAL_Driver/Src/stm32g4xx_hal_dma.o" --specs=nano.specs -mfpu=fpv4-sp-d16 -mfloat-abi=hard -mthumb -o "Drivers/STM32G4xx_HAL_Driver/Src/stm32g4xx_hal_dma.o"
arm-none-eabi-gcc "../Drivers/STM32G4xx_HAL_Driver/Src/stm32g4xx_hal_dma_ex.c" -mcpu=cortex-m4 -std=gnu11 -g3 -DDEBUG -DUSE_HAL_DRIVER -DSTM32G474xx -c -I../Core/Inc -I../MPU6050/Src -I../Drivers/STM32G4xx_HAL_Driver/Inc -I../micro_ros_stm32cubemx_utils/microros_static_library_ide/libmicroros/include -I../Drivers/STM32G4xx_HAL_Driver/Inc/Legacy -I../Drivers/CMSIS/Device/ST/STM32G4xx/Include -I../Drivers/CMSIS/Include -I../Middlewares/Third_Party/FreeRTOS/Source/include -I../Middlewares/Third_Party/FreeRTOS/Source/CMSIS_RTOS_V2 -I../Middlewares/Third_Party/FreeRTOS/Source/portable/GCC/ARM_CM4F -O0 -ffunction-sections -fdata-sections -Wall -fstack-usage -fcyclomatic-complexity -MMD -MP -MF"Drivers/STM32G4xx_HAL_Driver/Src/stm32g4xx_hal_dma_ex.d" -MT"Drivers/STM32G4xx_HAL_Driver/Src/stm32g4xx_hal_dma_ex.o" --specs=nano.specs -mfpu=fpv4-sp-d16 -mfloat-abi=hard -mthumb -o "Drivers/STM32G4xx_HAL_Driver/Src/stm32g4xx_hal_dma_ex.o"
arm-none-eabi-gcc "../Drivers/STM32G4xx_HAL_Driver/Src/stm32g4xx_hal_exti.c" -mcpu=cortex-m4 -std=gnu11 -g3 -DDEBUG -DUSE_HAL_DRIVER -DSTM32G474xx -c -I../Core/Inc -I../MPU6050/Src -I../Drivers/STM32G4xx_HAL_Driver/Inc -I../micro_ros_stm32cubemx_utils/microros_static_library_ide/libmicroros/include -I../Drivers/STM32G4xx_HAL_Driver/Inc/Legacy -I../Drivers/CMSIS/Device/ST/STM32G4xx/Include -I../Drivers/CMSIS/Include -I../Middlewares/Third_Party/FreeRTOS/Source/include -I../Middlewares/Third_Party/FreeRTOS/Source/CMSIS_RTOS_V2 -I../Middlewares/Third_Party/FreeRTOS/Source/portable/GCC/ARM_CM4F -O0 -ffunction-sections -fdata-sections -Wall -fstack-usage -fcyclomatic-complexity -MMD -MP -MF"Drivers/STM32G4xx_HAL_Driver/Src/stm32g4xx_hal_exti.d" -MT"Drivers/STM32G4xx_HAL_Driver/Src/stm32g4xx_hal_exti.o" --specs=nano.specs -mfpu=fpv4-sp-d16 -mfloat-abi=hard -mthumb -o "Drivers/STM32G4xx_HAL_Driver/Src/stm32g4xx_hal_exti.o"
arm-none-eabi-gcc "../Drivers/STM32G4xx_HAL_Driver/Src/stm32g4xx_hal_flash.c" -mcpu=cortex-m4 -std=gnu11 -g3 -DDEBUG -DUSE_HAL_DRIVER -DSTM32G474xx -c -I../Core/Inc -I../MPU6050/Src -I../Drivers/STM32G4xx_HAL_Driver/Inc -I../micro_ros_stm32cubemx_utils/microros_static_library_ide/libmicroros/include -I../Drivers/STM32G4xx_HAL_Driver/Inc/Legacy -I../Drivers/CMSIS/Device/ST/STM32G4xx/Include -I../Drivers/CMSIS/Include -I../Middlewares/Third_Party/FreeRTOS/Source/include -I../Middlewares/Third_Party/FreeRTOS/Source/CMSIS_RTOS_V2 -I../Middlewares/Third_Party/FreeRTOS/Source/portable/GCC/ARM_CM4F -O0 -ffunction-sections -fdata-sections -Wall -fstack-usage -fcyclomatic-complexity -MMD -MP -MF"Drivers/STM32G4xx_HAL_Driver/Src/stm32g4xx_hal_flash.d" -MT"Drivers/STM32G4xx_HAL_Driver/Src/stm32g4xx_hal_flash.o" --specs=nano.specs -mfpu=fpv4-sp-d16 -mfloat-abi=hard -mthumb -o "Drivers/STM32G4xx_HAL_Driver/Src/stm32g4xx_hal_flash.o"
arm-none-eabi-gcc "../Drivers/STM32G4xx_HAL_Driver/Src/stm32g4xx_hal_flash_ex.c" -mcpu=cortex-m4 -std=gnu11 -g3 -DDEBUG -DUSE_HAL_DRIVER -DSTM32G474xx -c -I../Core/Inc -I../MPU6050/Src -I../Drivers/STM32G4xx_HAL_Driver/Inc -I../micro_ros_stm32cubemx_utils/microros_static_library_ide/libmicroros/include -I../Drivers/STM32G4xx_HAL_Driver/Inc/Legacy -I../Drivers/CMSIS/Device/ST/STM32G4xx/Include -I../Drivers/CMSIS/Include -I../Middlewares/Third_Party/FreeRTOS/Source/include -I../Middlewares/Third_Party/FreeRTOS/Source/CMSIS_RTOS_V2 -I../Middlewares/Third_Party/FreeRTOS/Source/portable/GCC/ARM_CM4F -O0 -ffunction-sections -fdata-sections -Wall -fstack-usage -fcyclomatic-complexity -MMD -MP -MF"Drivers/STM32G4xx_HAL_Driver/Src/stm32g4xx_hal_flash_ex.d" -MT"Drivers/STM32G4xx_HAL_Driver/Src/stm32g4xx_hal_flash_ex.o" --specs=nano.specs -mfpu=fpv4-sp-d16 -mfloat-abi=hard -mthumb -o "Drivers/STM32G4xx_HAL_Driver/Src/stm32g4xx_hal_flash_ex.o"
arm-none-eabi-gcc "../Drivers/STM32G4xx_HAL_Driver/Src/stm32g4xx_hal_flash_ramfunc.c" -mcpu=cortex-m4 -std=gnu11 -g3 -DDEBUG -DUSE_HAL_DRIVER -DSTM32G474xx -c -I../Core/Inc -I../MPU6050/Src -I../Drivers/STM32G4xx_HAL_Driver/Inc -I../micro_ros_stm32cubemx_utils/microros_static_library_ide/libmicroros/include -I../Drivers/STM32G4xx_HAL_Driver/Inc/Legacy -I../Drivers/CMSIS/Device/ST/STM32G4xx/Include -I../Drivers/CMSIS/Include -I../Middlewares/Third_Party/FreeRTOS/Source/include -I../Middlewares/Third_Party/FreeRTOS/Source/CMSIS_RTOS_V2 -I../Middlewares/Third_Party/FreeRTOS/Source/portable/GCC/ARM_CM4F -O0 -ffunction-sections -fdata-sections -Wall -fstack-usage -fcyclomatic-complexity -MMD -MP -MF"Drivers/STM32G4xx_HAL_Driver/Src/stm32g4xx_hal_flash_ramfunc.d" -MT"Drivers/STM32G4xx_HAL_Driver/Src/stm32g4xx_hal_flash_ramfunc.o" --specs=nano.specs -mfpu=fpv4-sp-d16 -mfloat-abi=hard -mthumb -o "Drivers/STM32G4xx_HAL_Driver/Src/stm32g4xx_hal_flash_ramfunc.o"
arm-none-eabi-gcc "../Drivers/STM32G4xx_HAL_Driver/Src/stm32g4xx_hal_gpio.c" -mcpu=cortex-m4 -std=gnu11 -g3 -DDEBUG -DUSE_HAL_DRIVER -DSTM32G474xx -c -I../Core/Inc -I../MPU6050/Src -I../Drivers/STM32G4xx_HAL_Driver/Inc -I../micro_ros_stm32cubemx_utils/microros_static_library_ide/libmicroros/include -I../Drivers/STM32G4xx_HAL_Driver/Inc/Legacy -I../Drivers/CMSIS/Device/ST/STM32G4xx/Include -I../Drivers/CMSIS/Include -I../Middlewares/Third_Party/FreeRTOS/Source/include -I../Middlewares/Third_Party/FreeRTOS/Source/CMSIS_RTOS_V2 -I../Middlewares/Third_Party/FreeRTOS/Source/portable/GCC/ARM_CM4F -O0 -ffunction-sections -fdata-sections -Wall -fstack-usage -fcyclomatic-complexity -MMD -MP -MF"Drivers/STM32G4xx_HAL_Driver/Src/stm32g4xx_hal_gpio.d" -MT"Drivers/STM32G4xx_HAL_Driver/Src/stm32g4xx_hal_gpio.o" --specs=nano.specs -mfpu=fpv4-sp-d16 -mfloat-abi=hard -mthumb -o "Drivers/STM32G4xx_HAL_Driver/Src/stm32g4xx_hal_gpio.o"
arm-none-eabi-gcc "../Drivers/STM32G4xx_HAL_Driver/Src/stm32g4xx_hal_i2c.c" -mcpu=cortex-m4 -std=gnu11 -g3 -DDEBUG -DUSE_HAL_DRIVER -DSTM32G474xx -c -I../Core/Inc -I../MPU6050/Src -I../Drivers/STM32G4xx_HAL_Driver/Inc -I../micro_ros_stm32cubemx_utils/microros_static_library_ide/libmicroros/include -I../Drivers/STM32G4xx_HAL_Driver/Inc/Legacy -I../Drivers/CMSIS/Device/ST/STM32G4xx/Include -I../Drivers/CMSIS/Include -I../Middlewares/Third_Party/FreeRTOS/Source/include -I../Middlewares/Third_Party/FreeRTOS/Source/CMSIS_RTOS_V2 -I../Middlewares/Third_Party/FreeRTOS/Source/portable/GCC/ARM_CM4F -O0 -ffunction-sections -fdata-sections -Wall -fstack-usage -fcyclomatic-complexity -MMD -MP -MF"Drivers/STM32G4xx_HAL_Driver/Src/stm32g4xx_hal_i2c.d" -MT"Drivers/STM32G4xx_HAL_Driver/Src/stm32g4xx_hal_i2c.o" --specs=nano.specs -mfpu=fpv4-sp-d16 -mfloat-abi=hard -mthumb -o "Drivers/STM32G4xx_HAL_Driver/Src/stm32g4xx_hal_i2c.o"
arm-none-eabi-gcc "../Drivers/STM32G4xx_HAL_Driver/Src/stm32g4xx_hal_i2c_ex.c" -mcpu=cortex-m4 -std=gnu11 -g3 -DDEBUG -DUSE_HAL_DRIVER -DSTM32G474xx -c -I../Core/Inc -I../MPU6050/Src -I../Drivers/STM32G4xx_HAL_Driver/Inc -I../micro_ros_stm32cubemx_utils/microros_static_library_ide/libmicroros/include -I../Drivers/STM32G4xx_HAL_Driver/Inc/Legacy -I../Drivers/CMSIS/Device/ST/STM32G4xx/Include -I../Drivers/CMSIS/Include -I../Middlewares/Third_Party/FreeRTOS/Source/include -I../Middlewares/Third_Party/FreeRTOS/Source/CMSIS_RTOS_V2 -I../Middlewares/Third_Party/FreeRTOS/Source/portable/GCC/ARM_CM4F -O0 -ffunction-sections -fdata-sections -Wall -fstack-usage -fcyclomatic-complexity -MMD -MP -MF"Drivers/STM32G4xx_HAL_Driver/Src/stm32g4xx_hal_i2c_ex.d" -MT"Drivers/STM32G4xx_HAL_Driver/Src/stm32g4xx_hal_i2c_ex.o" --specs=nano.specs -mfpu=fpv4-sp-d16 -mfloat-abi=hard -mthumb -o "Drivers/STM32G4xx_HAL_Driver/Src/stm32g4xx_hal_i2c_ex.o"
arm-none-eabi-gcc "../Drivers/STM32G4xx_HAL_Driver/Src/stm32g4xx_hal_iwdg.c" -mcpu=cortex-m4 -std=gnu11 -g3 -DDEBUG -DUSE_HAL_DRIVER -DSTM32G474xx -c -I../Core/Inc -I../MPU6050/Src -I../Drivers/STM32G4xx_HAL_Driver/Inc -I../micro_ros_stm32cubemx_utils/microros_static_library_ide/libmicroros/include -I../Drivers/STM32G4xx_HAL_Driver/Inc/Legacy -I../Drivers/CMSIS/Device/ST/STM32G4xx/Include -I../Drivers/CMSIS/Include -I../Middlewares/Third_Party/FreeRTOS/Source/include -I../Middlewares/Third_Party/FreeRTOS/Source/CMSIS_RTOS_V2 -I../Middlewares/Third_Party/FreeRTOS/Source/portable/GCC/ARM_CM4F -O0 -ffunction-sections -fdata-sections -Wall -fstack-usage -fcyclomatic-complexity -MMD -MP -MF"Drivers/STM32G4xx_HAL_Driver/Src/stm32g4xx_hal_iwdg.d" -MT"Drivers/STM32G4xx_HAL_Driver/Src/stm32g4xx_hal_iwdg.o" --specs=nano.specs -mfpu=fpv4-sp-d16 -mfloat-abi=hard -mthumb -o "Drivers/STM32G4xx_HAL_Driver/Src/stm32g4xx_hal_iwdg.o"
arm-none-eabi-gcc "../Drivers/STM32G4xx_HAL_Driver/Src/stm32g4xx_hal_pwr.c" -mcpu=cortex-m4 -std=gnu11 -g3 -DDEBUG -DUSE_HAL_DRIVER -DSTM32G474xx -c -I../Core/Inc -I../MPU6050/Src -I../Drivers/STM32G4xx_HAL_Driver/Inc -I../micro_ros_stm32cubemx_utils/microros_static_library_ide/libmicroros/include -I../Drivers/STM32G4xx_HAL_Driver/Inc/Legacy -I../Drivers/CMSIS/Device/ST/STM32G4xx/Include -I../Drivers/CMSIS/Include -I../Middlewares/Third_Party/FreeRTOS/Source/include -I../Middlewares/Third_Party/FreeRTOS/Source/CMSIS_RTOS_V2 -I../Middlewares/Third_Party/FreeRTOS/Source/portable/GCC/ARM_CM4F -O0 -ffunction-sections -fdata-sections -Wall -fstack-usage -fcyclomatic-complexity -MMD -MP -MF"Drivers/STM32G4xx_HAL_Driver/Src/stm32g4xx_hal_pwr.d" -MT"Drivers/STM32G4xx_HAL_Driver/Src/stm32g4xx_hal_pwr.o" --specs=nano.specs -mfpu=fpv4-sp-d16 -mfloat-abi=hard -mthumb -o "Drivers/STM32G4xx_HAL_Driver/Src/stm32g4xx_hal_pwr.o"
arm-none-eabi-gcc "../Drivers/STM32G4xx_HAL_Driver/Src/stm32g4xx_hal_pwr_ex.c" -mcpu=cortex-m4 -std=gnu11 -g3 -DDEBUG -DUSE_HAL_DRIVER -DSTM32G474xx -c -I../Core/Inc -I../MPU6050/Src -I../Drivers/STM32G4xx_HAL_Driver/Inc -I../micro_ros_stm32cubemx_utils/microros_static_library_ide/libmicroros/include -I../Drivers/STM32G4xx_HAL_Driver/Inc/Legacy -I../Drivers/CMSIS/Device/ST/STM32G4xx/Include -I../Drivers/CMSIS/Include -I../Middlewares/Third_Party/FreeRTOS/Source/include -I../Middlewares/Third_Party/FreeRTOS/Source/CMSIS_RTOS_V2 -I../Middlewares/Third_Party/FreeRTOS/Source/portable/GCC/ARM_CM4F -O0 -ffunction-sections -fdata-sections -Wall -fstack-usage -fcyclomatic-complexity -MMD -MP -MF"Drivers/STM32G4xx_HAL_Driver/Src/stm32g4xx_hal_pwr_ex.d" -MT"Drivers/STM32G4xx_HAL_Driver/Src/stm32g4xx_hal_pwr_ex.o" --specs=nano.specs -mfpu=fpv4-sp-d16 -mfloat-abi=hard -mthumb -o "Drivers/STM32G4xx_HAL_Driver/Src/stm32g4xx_hal_pwr_ex.o"
arm-none-eabi-gcc "../Drivers/STM32G4xx_HAL_Driver/Src/stm32g4xx_hal_rcc.c" -mcpu=cortex-m4 -std=gnu11 -g3 -DDEBUG -DUSE_HAL_DRIVER -DSTM32G474xx -c -I../Core/Inc -I../MPU6050/Src -I../Drivers/STM32G4xx_HAL_Driver/Inc -I../micro_ros_stm32cubemx_utils/microros_static_library_ide/libmicroros/include -I../Drivers/STM32G4xx_HAL_Driver/Inc/Legacy -I../Drivers/CMSIS/Device/ST/STM32G4xx/Include -I../Drivers/CMSIS/Include -I../Middlewares/Third_Party/FreeRTOS/Source/include -I../Middlewares/Third_Party/FreeRTOS/Source/CMSIS_RTOS_V2 -I../Middlewares/Third_Party/FreeRTOS/Source/portable/GCC/ARM_CM4F -O0 -ffunction-sections -fdata-sections -Wall -fstack-usage -fcyclomatic-complexity -MMD -MP -MF"Drivers/STM32G4xx_HAL_Driver/Src/stm32g4xx_hal_rcc.d" -MT"Drivers/STM32G4xx_HAL_Driver/Src/stm32g4xx_hal_rcc.o" --specs=nano.specs -mfpu=fpv4-sp-d16 -mfloat-abi=hard -mthumb -o "Drivers/STM32G4xx_HAL_Driver/Src/stm32g4xx_hal_rcc.o"
arm-none-eabi-gcc "../Drivers/STM32G4xx_HAL_Driver/Src/stm32g4xx_hal_rcc_ex.c" -mcpu=cortex-m4 -std=gnu11 -g3 -DDEBUG -DUSE_HAL_DRIVER -DSTM32G474xx -c -I../Core/Inc -I../MPU6050/Src -I../Drivers/STM32G4xx_HAL_Driver/Inc -I../micro_ros_stm32cubemx_utils/microros_static_library_ide/libmicroros/include -I../Drivers/STM32G4xx_HAL_Driver/Inc/Legacy -I../Drivers/CMSIS/Device/ST/STM32G4xx/Include -I../Drivers/CMSIS/Include -I../Middlewares/Third_Party/FreeRTOS/Source/include -I../Middlewares/Third_Party/FreeRTOS/Source/CMSIS_RTOS_V2 -I../Middlewares/Third_Party/FreeRTOS/Source/portable/GCC/ARM_CM4F -O0 -ffunction-sections -fdata-sections -Wall -fstack-usage -fcyclomatic-complexity -MMD -MP -MF"Drivers/STM32G4xx_HAL_Driver/Src/stm32g4xx_hal_rcc_ex.d" -MT"Drivers/STM32G4xx_HAL_Driver/Src/stm32g4xx_hal_rcc_ex.o" --specs=nano.specs -mfpu=fpv4-sp-d16 -mfloat-abi=hard -mthumb -o "Drivers/STM32G4xx_HAL_Driver/Src/stm32g4xx_hal_rcc_ex.o"
arm-none-eabi-gcc "../Drivers/STM32G4xx_HAL_Driver/Src/stm32g4xx_hal_tim.c" -mcpu=cortex-m4 -std=gnu11 -g3 -DDEBUG -DUSE_HAL_DRIVER -DSTM32G474xx -c -I../Core/Inc -I../MPU6050/Src -I../Drivers/STM32G4xx_HAL_Driver/Inc -I../micro_ros_stm32cubemx_utils/microros_static_library_ide/libmicroros/include -I../Drivers/STM32G4xx_HAL_Driver/Inc/Legacy -I../Drivers/CMSIS/Device/ST/STM32G4xx/Include -I../Drivers/CMSIS/Include -I../Middlewares/Third_Party/FreeRTOS/Source/include -I../Middlewares/Third_Party/FreeRTOS/Source/CMSIS_RTOS_V2 -I../Middlewares/Third_Party/FreeRTOS/Source/portable/GCC/ARM_CM4F -O0 -ffunction-sections -fdata-sections -Wall -fstack-usage -fcyclomatic-complexity -MMD -MP -MF"Drivers/STM32G4xx_HAL_Driver/Src/stm32g4xx_hal_tim.d" -MT"Drivers/STM32G4xx_HAL_Driver/Src/stm32g4xx_hal_tim.o" --specs=nano.specs -mfpu=fpv4-sp-d16 -mfloat-abi=hard -mthumb -o "Drivers/STM32G4xx_HAL_Driver/Src/stm32g4xx_hal_tim.o"
arm-none-eabi-gcc "../Drivers/STM32G4xx_HAL_Driver/Src/stm32g4xx_hal_tim_ex.c" -mcpu=cortex-m4 -std=gnu11 -g3 -DDEBUG -DUSE_HAL_DRIVER -DSTM32G474xx -c -I../Core/Inc -I../MPU6050/Src -I../Drivers/STM32G4xx_HAL_Driver/Inc -I../micro_ros_stm32cubemx_utils/microros_static_library_ide/libmicroros/include -I../Drivers/STM32G4xx_HAL_Driver/Inc/Legacy -I../Drivers/CMSIS/Device/ST/STM32G4xx/Include -I../Drivers/CMSIS/Include -I../Middlewares/Third_Party/FreeRTOS/Source/include -I../Middlewares/Third_Party/FreeRTOS/Source/CMSIS_RTOS_V2 -I../Middlewares/Third_Party/FreeRTOS/Source/portable/GCC/ARM_CM4F -O0 -ffunction-sections -fdata-sections -Wall -fstack-usage -fcyclomatic-complexity -MMD -MP -MF"Drivers/STM32G4xx_HAL_Driver/Src/stm32g4xx_hal_tim_ex.d" -MT"Drivers/STM32G4xx_HAL_Driver/Src/stm32g4xx_hal_tim_ex.o" --specs=nano.specs -mfpu=fpv4-sp-d16 -mfloat-abi=hard -mthumb -o "Drivers/STM32G4xx_HAL_Driver/Src/stm32g4xx_hal_tim_ex.o"
arm-none-eabi-gcc "../Drivers/STM32G4xx_HAL_Driver/Src/stm32g4xx_hal_uart.c" -mcpu=cortex-m4 -std=gnu11 -g3 -DDEBUG -DUSE_HAL_DRIVER -DSTM32G474xx -c -I../Core/Inc -I../MPU6050/Src -I../Drivers/STM32G4xx_HAL_Driver/Inc -I../micro_ros_stm32cubemx_utils/microros_static_library_ide/libmicroros/include -I../Drivers/STM32G4xx_HAL_Driver/Inc/Legacy -I../Drivers/CMSIS/Device/ST/STM32G4xx/Include -I../Drivers/CMSIS/Include -I../Middlewares/Third_Party/FreeRTOS/Source/include -I../Middlewares/Third_Party/FreeRTOS/Source/CMSIS_RTOS_V2 -I../Middlewares/Third_Party/FreeRTOS/Source/portable/GCC/ARM_CM4F -O0 -ffunction-sections -fdata-sections -Wall -fstack-usage -fcyclomatic-complexity -MMD -MP -MF"Drivers/STM32G4xx_HAL_Driver/Src/stm32g4xx_hal_uart.d" -MT"Drivers/STM32G4xx_HAL_Driver/Src/stm32g4xx_hal_uart.o" --specs=nano.specs -mfpu=fpv4-sp-d16 -mfloat-abi=hard -mthumb -o "Drivers/STM32G4xx_HAL_Driver/Src/stm32g4xx_hal_uart.o"
arm-none-eabi-gcc "../Drivers/STM32G4xx_HAL_Driver/Src/stm32g4xx_hal_uart_ex.c" -mcpu=cortex-m4 -std=gnu11 -g3 -DDEBUG -DUSE_HAL_DRIVER -DSTM32G474xx -c -I../Core/Inc -I../MPU6050/Src -I../Drivers/STM32G4xx_HAL_Driver/Inc -I../micro_ros_stm32cubemx_utils/microros_static_library_ide/libmicroros/include -I../Drivers/STM32G4xx_HAL_Driver/Inc/Legacy -I../Drivers/CMSIS/Device/ST/STM32G4xx/Include -I../Drivers/CMSIS/Include -I../Middlewares/Third_Party/FreeRTOS/Source/include -I../Middlewares/Third_Party/FreeRTOS/Source/CMSIS_RTOS_V2 -I../Middlewares/Third_Party/FreeRTOS/Source/portable/GCC/ARM_CM4F -O0 -ffunction-sections -fdata-sections -Wall -fstack-usage -fcyclomatic-complexity -MMD -MP -MF"Drivers/STM32G4xx_HAL_Driver/Src/stm32g4xx_hal_uart_ex.d" -MT"Drivers/STM32G4xx_HAL_Driver/Src/stm32g4xx_hal_uart_ex.o" --specs=nano.specs -mfpu=fpv4-sp-d16 -mfloat-abi=hard -mthumb -o "Drivers/STM32G4xx_HAL_Driver/Src/stm32g4xx_hal_uart_ex.o"
arm-none-eabi-gcc "../Core/Src/app_freertos.c" -mcpu=cortex-m4 -std=gnu11 -g3 -DDEBUG -DUSE_HAL_DRIVER -DSTM32G474xx -c -I../Core/Inc -I../MPU6050/Src -I../Drivers/STM32G4xx_HAL_Driver/Inc -I../micro_ros_stm32cubemx_utils/microros_static_library_ide/libmicroros/include -I../Drivers/STM32G4xx_HAL_Driver/Inc/Legacy -I../Drivers/CMSIS/Device/ST/STM32G4xx/Include -I../Drivers/CMSIS/Include -I../Middlewares/Third_Party/FreeRTOS/Source/include -I../Middlewares/Third_Party/FreeRTOS/Source/CMSIS_RTOS_V2 -I../Middlewares/Third_Party/FreeRTOS/Source/portable/GCC/ARM_CM4F -O0 -ffunction-sections -fdata-sections -Wall -fstack-usage -fcyclomatic-complexity -MMD -MP -MF"Core/Src/app_freertos.d" -MT"Core/Src/app_freertos.o" --specs=nano.specs -mfpu=fpv4-sp-d16 -mfloat-abi=hard -mthumb -o "Core/Src/app_freertos.o"
arm-none-eabi-gcc "../Core/Src/custom_memory_manager.c" -mcpu=cortex-m4 -std=gnu11 -g3 -DDEBUG -DUSE_HAL_DRIVER -DSTM32G474xx -c -I../Core/Inc -I../MPU6050/Src -I../Drivers/STM32G4xx_HAL_Driver/Inc -I../micro_ros_stm32cubemx_utils/microros_static_library_ide/libmicroros/include -I../Drivers/STM32G4xx_HAL_Driver/Inc/Legacy -I../Drivers/CMSIS/Device/ST/STM32G4xx/Include -I../Drivers/CMSIS/Include -I../Middlewares/Third_Party/FreeRTOS/Source/include -I../Middlewares/Third_Party/FreeRTOS/Source/CMSIS_RTOS_V2 -I../Middlewares/Third_Party/FreeRTOS/Source/portable/GCC/ARM_CM4F -O0 -ffunction-sections -fdata-sections -Wall -fstack-usage -fcyclomatic-complexity -MMD -MP -MF"Core/Src/custom_memory_manager.d" -MT"Core/Src/custom_memory_manager.o" --specs=nano.specs -mfpu=fpv4-sp-d16 -mfloat-abi=hard -mthumb -o "Core/Src/custom_memory_manager.o"
arm-none-eabi-gcc "../Core/Src/dma.c" -mcpu=cortex-m4 -std=gnu11 -g3 -DDEBUG -DUSE_HAL_DRIVER -DSTM32G474xx -c -I../Core/Inc -I../MPU6050/Src -I../Drivers/STM32G4xx_HAL_Driver/Inc -I../micro_ros_stm32cubemx_utils/microros_static_library_ide/libmicroros/include -I../Drivers/STM32G4xx_HAL_Driver/Inc/Legacy -I../Drivers/CMSIS/Device/ST/STM32G4xx/Include -I../Drivers/CMSIS/Include -I../Middlewares/Third_Party/FreeRTOS/Source/include -I../Middlewares/Third_Party/FreeRTOS/Source/CMSIS_RTOS_V2 -I../Middlewares/Third_Party/FreeRTOS/Source/portable/GCC/ARM_CM4F -O0 -ffunction-sections -fdata-sections -Wall -fstack-usage -fcyclomatic-complexity -MMD -MP -MF"Core/Src/dma.d" -MT"Core/Src/dma.o" --specs=nano.specs -mfpu=fpv4-sp-d16 -mfloat-abi=hard -mthumb -o "Core/Src/dma.o"
arm-none-eabi-gcc "../Core/Src/dma_transport.c" -mcpu=cortex-m4 -std=gnu11 -g3 -DDEBUG -DUSE_HAL_DRIVER -DSTM32G474xx -c -I../Core/Inc -I../MPU6050/Src -I../Drivers/STM32G4xx_HAL_Driver/Inc -I../micro_ros_stm32cubemx_utils/microros_static_library_ide/libmicroros/include -I../Drivers/STM32G4xx_HAL_Driver/Inc/Legacy -I../Drivers/CMSIS/Device/ST/STM32G4xx/Include -I../Drivers/CMSIS/Include -I../Middlewares/Third_Party/FreeRTOS/Source/include -I../Middlewares/Third_Party/FreeRTOS/Source/CMSIS_RTOS_V2 -I../Middlewares/Third_Party/FreeRTOS/Source/portable/GCC/ARM_CM4F -O0 -ffunction-sections -fdata-sections -Wall -fstack-usage -fcyclomatic-complexity -MMD -MP -MF"Core/Src/dma_transport.d" -MT"Core/Src/dma_transport.o" --specs=nano.specs -mfpu=fpv4-sp-d16 -mfloat-abi=hard -mthumb -o "Core/Src/dma_transport.o"
arm-none-eabi-gcc "../Core/Src/gpio.c" -mcpu=cortex-m4 -std=gnu11 -g3 -DDEBUG -DUSE_HAL_DRIVER -DSTM32G474xx -c -I../Core/Inc -I../MPU6050/Src -I../Drivers/STM32G4xx_HAL_Driver/Inc -I../micro_ros_stm32cubemx_utils/microros_static_library_ide/libmicroros/include -I../Drivers/STM32G4xx_HAL_Driver/Inc/Legacy -I../Drivers/CMSIS/Device/ST/STM32G4xx/Include -I../Drivers/CMSIS/Include -I../Middlewares/Third_Party/FreeRTOS/Source/include -I../Middlewares/Third_Party/FreeRTOS/Source/CMSIS_RTOS_V2 -I../Middlewares/Third_Party/FreeRTOS/Source/portable/GCC/ARM_CM4F -O0 -ffunction-sections -fdata-sections -Wall -fstack-usage -fcyclomatic-complexity -MMD -MP -MF"Core/Src/gpio.d" -MT"Core/Src/gpio.o" --specs=nano.specs -mfpu=fpv4-sp-d16 -mfloat-abi=hard -mthumb -o "Core/Src/gpio.o"
arm-none-eabi-gcc "../Core/Src/i2c.c" -mcpu=cortex-m4 -std=gnu11 -g3 -DDEBUG -DUSE_HAL_DRIVER -DSTM32G474xx -c -I../Core/Inc -I../MPU6050/Src -I../Drivers/STM32G4xx_HAL_Driver/Inc -I../micro_ros_stm32cubemx_utils/microros_static_library_ide/libmicroros/include -I../Drivers/STM32G4xx_HAL_Driver/Inc/Legacy -I../Drivers/CMSIS/Device/ST/STM32G4xx/Include -I../Drivers/CMSIS/Include -I../Middlewares/Third_Party/FreeRTOS/Source/include -I../Middlewares/Third_Party/FreeRTOS/Source/CMSIS_RTOS_V2 -I../Middlewares/Third_Party/FreeRTOS/Source/portable/GCC/ARM_CM4F -O0 -ffunction-sections -fdata-sections -Wall -fstack-usage -fcyclomatic-complexity -MMD -MP -MF"Core/Src/i2c.d" -MT"Core/Src/i2c.o" --specs=nano.specs -mfpu=fpv4-sp-d16 -mfloat-abi=hard -mthumb -o "Core/Src/i2c.o"
arm-none-eabi-gcc "../Core/Src/iwdg.c" -mcpu=cortex-m4 -std=gnu11 -g3 -DDEBUG -DUSE_HAL_DRIVER -DSTM32G474xx -c -I../Core/Inc -I../MPU6050/Src -I../Drivers/STM32G4xx_HAL_Driver/Inc -I../micro_ros_stm32cubemx_utils/microros_static_library_ide/libmicroros/include -I../Drivers/STM32G4xx_HAL_Driver/Inc/Legacy -I../Drivers/CMSIS/Device/ST/STM32G4xx/Include -I../Drivers/CMSIS/Include -I../Middlewares/Third_Party/FreeRTOS/Source/include -I../Middlewares/Third_Party/FreeRTOS/Source/CMSIS_RTOS_V2 -I../Middlewares/Third_Party/FreeRTOS/Source/portable/GCC/ARM_CM4F -O0 -ffunction-sections -fdata-sections -Wall -fstack-usage -fcyclomatic-complexity -MMD -MP -MF"Core/Src/iwdg.d" -MT"Core/Src/iwdg.o" --specs=nano.specs -mfpu=fpv4-sp-d16 -mfloat-abi=hard -mthumb -o "Core/Src/iwdg.o"
arm-none-eabi-gcc "../Core/Src/main.c" -mcpu=cortex-m4 -std=gnu11 -g3 -DDEBUG -DUSE_HAL_DRIVER -DSTM32G474xx -c -I../Core/Inc -I../MPU6050/Src -I../Drivers/STM32G4xx_HAL_Driver/Inc -I../micro_ros_stm32cubemx_utils/microros_static_library_ide/libmicroros/include -I../Drivers/STM32G4xx_HAL_Driver/Inc/Legacy -I../Drivers/CMSIS/Device/ST/STM32G4xx/Include -I../Drivers/CMSIS/Include -I../Middlewares/Third_Party/FreeRTOS/Source/include -I../Middlewares/Third_Party/FreeRTOS/Source/CMSIS_RTOS_V2 -I../Middlewares/Third_Party/FreeRTOS/Source/portable/GCC/ARM_CM4F -O0 -ffunction-sections -fdata-sections -Wall -fstack-usage -fcyclomatic-complexity -MMD -MP -MF"Core/Src/main.d" -MT"Core/Src/main.o" --specs=nano.specs -mfpu=fpv4-sp-d16 -mfloat-abi=hard -mthumb -o "Core/Src/main.o"
arm-none-eabi-gcc "../Core/Src/microros_allocators.c" -mcpu=cortex-m4 -std=gnu11 -g3 -DDEBUG -DUSE_HAL_DRIVER -DSTM32G474xx -c -I../Core/Inc -I../MPU6050/Src -I../Drivers/STM32G4xx_HAL_Driver/Inc -I../micro_ros_stm32cubemx_utils/microros_static_library_ide/libmicroros/include -I../Drivers/STM32G4xx_HAL_Driver/Inc/Legacy -I../Drivers/CMSIS/Device/ST/STM32G4xx/Include -I../Drivers/CMSIS/Include -I../Middlewares/Third_Party/FreeRTOS/Source/include -I../Middlewares/Third_Party/FreeRTOS/Source/CMSIS_RTOS_V2 -I../Middlewares/Third_Party/FreeRTOS/Source/portable/GCC/ARM_CM4F -O0 -ffunction-sections -fdata-sections -Wall -fstack-usage -fcyclomatic-complexity -MMD -MP -MF"Core/Src/microros_allocators.d" -MT"Core/Src/microros_allocators.o" --specs=nano.specs -mfpu=fpv4-sp-d16 -mfloat-abi=hard -mthumb -o "Core/Src/microros_allocators.o"
arm-none-eabi-gcc "../Core/Src/microros_time.c" -mcpu=cortex-m4 -std=gnu11 -g3 -DDEBUG -DUSE_HAL_DRIVER -DSTM32G474xx -c -I../Core/Inc -I../MPU6050/Src -I../Drivers/STM32G4xx_HAL_Driver/Inc -I../micro_ros_stm32cubemx_utils/microros_static_library_ide/libmicroros/include -I../Drivers/STM32G4xx_HAL_Driver/Inc/Legacy -I../Drivers/CMSIS/Device/ST/STM32G4xx/Include -I../Drivers/CMSIS/Include -I../Middlewares/Third_Party/FreeRTOS/Source/include -I../Middlewares/Third_Party/FreeRTOS/Source/CMSIS_RTOS_V2 -I../Middlewares/Third_Party/FreeRTOS/Source/portable/GCC/ARM_CM4F -O0 -ffunction-sections -fdata-sections -Wall -fstack-usage -fcyclomatic-complexity -MMD -MP -MF"Core/Src/microros_time.d" -MT"Core/Src/microros_time.o" --specs=nano.specs -mfpu=fpv4-sp-d16 -mfloat-abi=hard -mthumb -o "Core/Src/microros_time.o"
arm-none-eabi-gcc "../Core/Src/stm32g4xx_hal_msp.c" -mcpu=cortex-m4 -std=gnu11 -g3 -DDEBUG -DUSE_HAL_DRIVER -DSTM32G474xx -c -I../Core/Inc -I../MPU6050/Src -I../Drivers/STM32G4xx_HAL_Driver/Inc -I../micro_ros_stm32cubemx_utils/microros_static_library_ide/libmicroros/include -I../Drivers/STM32G4xx_HAL_Driver/Inc/Legacy -I../Drivers/CMSIS/Device/ST/STM32G4xx/Include -I../Drivers/CMSIS/Include -I../Middlewares/Third_Party/FreeRTOS/Source/include -I../Middlewares/Third_Party/FreeRTOS/Source/CMSIS_RTOS_V2 -I../Middlewares/Third_Party/FreeRTOS/Source/portable/GCC/ARM_CM4F -O0 -ffunction-sections -fdata-sections -Wall -fstack-usage -fcyclomatic-complexity -MMD -MP -MF"Core/Src/stm32g4xx_hal_msp.d" -MT"Core/Src/stm32g4xx_hal_msp.o" --specs=nano.specs -mfpu=fpv4-sp-d16 -mfloat-abi=hard -mthumb -o "Core/Src/stm32g4xx_hal_msp.o"
arm-none-eabi-gcc "../Core/Src/stm32g4xx_hal_timebase_tim.c" -mcpu=cortex-m4 -std=gnu11 -g3 -DDEBUG -DUSE_HAL_DRIVER -DSTM32G474xx -c -I../Core/Inc -I../MPU6050/Src -I../Drivers/STM32G4xx_HAL_Driver/Inc -I../micro_ros_stm32cubemx_utils/microros_static_library_ide/libmicroros/include -I../Drivers/STM32G4xx_HAL_Driver/Inc/Legacy -I../Drivers/CMSIS/Device/ST/STM32G4xx/Include -I../Drivers/CMSIS/Include -I../Middlewares/Third_Party/FreeRTOS/Source/include -I../Middlewares/Third_Party/FreeRTOS/Source/CMSIS_RTOS_V2 -I../Middlewares/Third_Party/FreeRTOS/Source/portable/GCC/ARM_CM4F -O0 -ffunction-sections -fdata-sections -Wall -fstack-usage -fcyclomatic-complexity -MMD -MP -MF"Core/Src/stm32g4xx_hal_timebase_tim.d" -MT"Core/Src/stm32g4xx_hal_timebase_tim.o" --specs=nano.specs -mfpu=fpv4-sp-d16 -mfloat-abi=hard -mthumb -o "Core/Src/stm32g4xx_hal_timebase_tim.o"
arm-none-eabi-gcc "../Core/Src/stm32g4xx_it.c" -mcpu=cortex-m4 -std=gnu11 -g3 -DDEBUG -DUSE_HAL_DRIVER -DSTM32G474xx -c -I../Core/Inc -I../MPU6050/Src -I../Drivers/STM32G4xx_HAL_Driver/Inc -I../micro_ros_stm32cubemx_utils/microros_static_library_ide/libmicroros/include -I../Drivers/STM32G4xx_HAL_Driver/Inc/Legacy -I../Drivers/CMSIS/Device/ST/STM32G4xx/Include -I../Drivers/CMSIS/Include -I../Middlewares/Third_Party/FreeRTOS/Source/include -I../Middlewares/Third_Party/FreeRTOS/Source/CMSIS_RTOS_V2 -I../Middlewares/Third_Party/FreeRTOS/Source/portable/GCC/ARM_CM4F -O0 -ffunction-sections -fdata-sections -Wall -fstack-usage -fcyclomatic-complexity -MMD -MP -MF"Core/Src/stm32g4xx_it.d" -MT"Core/Src/stm32g4xx_it.o" --specs=nano.specs -mfpu=fpv4-sp-d16 -mfloat-abi=hard -mthumb -o "Core/Src/stm32g4xx_it.o"
arm-none-eabi-gcc "../Core/Src/system_stm32g4xx.c" -mcpu=cortex-m4 -std=gnu11 -g3 -DDEBUG -DUSE_HAL_DRIVER -DSTM32G474xx -c -I../Core/Inc -I../MPU6050/Src -I../Drivers/STM32G4xx_HAL_Driver/Inc -I../micro_ros_stm32cubemx_utils/microros_static_library_ide/libmicroros/include -I../Drivers/STM32G4xx_HAL_Driver/Inc/Legacy -I../Drivers/CMSIS/Device/ST/STM32G4xx/Include -I../Drivers/CMSIS/Include -I../Middlewares/Third_Party/FreeRTOS/Source/include -I../Middlewares/Third_Party/FreeRTOS/Source/CMSIS_RTOS_V2 -I../Middlewares/Third_Party/FreeRTOS/Source/portable/GCC/ARM_CM4F -O0 -ffunction-sections -fdata-sections -Wall -fstack-usage -fcyclomatic-complexity -MMD -MP -MF"Core/Src/system_stm32g4xx.d" -MT"Core/Src/system_stm32g4xx.o" --specs=nano.specs -mfpu=fpv4-sp-d16 -mfloat-abi=hard -mthumb -o "Core/Src/system_stm32g4xx.o"
arm-none-eabi-gcc "../Core/Src/tim.c" -mcpu=cortex-m4 -std=gnu11 -g3 -DDEBUG -DUSE_HAL_DRIVER -DSTM32G474xx -c -I../Core/Inc -I../MPU6050/Src -I../Drivers/STM32G4xx_HAL_Driver/Inc -I../micro_ros_stm32cubemx_utils/microros_static_library_ide/libmicroros/include -I../Drivers/STM32G4xx_HAL_Driver/Inc/Legacy -I../Drivers/CMSIS/Device/ST/STM32G4xx/Include -I../Drivers/CMSIS/Include -I../Middlewares/Third_Party/FreeRTOS/Source/include -I../Middlewares/Third_Party/FreeRTOS/Source/CMSIS_RTOS_V2 -I../Middlewares/Third_Party/FreeRTOS/Source/portable/GCC/ARM_CM4F -O0 -ffunction-sections -fdata-sections -Wall -fstack-usage -fcyclomatic-complexity -MMD -MP -MF"Core/Src/tim.d" -MT"Core/Src/tim.o" --specs=nano.specs -mfpu=fpv4-sp-d16 -mfloat-abi=hard -mthumb -o "Core/Src/tim.o"
arm-none-eabi-gcc "../Core/Src/usart.c" -mcpu=cortex-m4 -std=gnu11 -g3 -DDEBUG -DUSE_HAL_DRIVER -DSTM32G474xx -c -I../Core/Inc -I../MPU6050/Src -I../Drivers/STM32G4xx_HAL_Driver/Inc -I../micro_ros_stm32cubemx_utils/microros_static_library_ide/libmicroros/include -I../Drivers/STM32G4xx_HAL_Driver/Inc/Legacy -I../Drivers/CMSIS/Device/ST/STM32G4xx/Include -I../Drivers/CMSIS/Include -I../Middlewares/Third_Party/FreeRTOS/Source/include -I../Middlewares/Third_Party/FreeRTOS/Source/CMSIS_RTOS_V2 -I../Middlewares/Third_Party/FreeRTOS/Source/portable/GCC/ARM_CM4F -O0 -ffunction-sections -fdata-sections -Wall -fstack-usage -fcyclomatic-complexity -MMD -MP -MF"Core/Src/usart.d" -MT"Core/Src/usart.o" --specs=nano.specs -mfpu=fpv4-sp-d16 -mfloat-abi=hard -mthumb -o "Core/Src/usart.o"
../Core/Src/main.c: In function 'timer_callback':
../Core/Src/main.c:180:39: error: incompatible types when assigning to type 'std_msgs__msg__UInt32' from type 'uint32_t' {aka 'long unsigned int'}
  180 |                 sensor_msg.encoder1 = encoder1;
      |                                       ^~~~~~~~
../Core/Src/main.c:181:39: error: incompatible types when assigning to type 'std_msgs__msg__UInt32' from type 'uint32_t' {aka 'long unsigned int'}
  181 |                 sensor_msg.encoder2 = encoder2;
      |                                       ^~~~~~~~
make[1]: *** [Core/Src/subdir.mk:70: Core/Src/main.o] Error 1
make: *** [makefile:63: all] Error 2
"make -j16 all" terminated with exit code 2. Build might be incomplete.
19:12:56 **** Incremental Build of configuration Debug for project sensor_fusion ****
make -j16 all 
docker pull microros/micro_ros_static_library_builder:humble && docker run --rm -v /home/natthanicha/FRA502_ROS2/ROS_PROJECT_WS/firmware/sensor_fusion:/project --env MICROROS_LIBRARY_FOLDER=micro_ros_stm32cubemx_utils/microros_static_library_ide microros/micro_ros_static_library_builder:humble
humble: Pulling from microros/micro_ros_static_library_builder
Digest: sha256:e291f74890e81b31eb1d70731cb79b2d767dd585269325031effc72952b24b9d
Status: Image is up to date for microros/micro_ros_static_library_builder:humble
docker.io/microros/micro_ros_static_library_builder:humble
dos2unix: converting file /project/micro_ros_stm32cubemx_utils/microros_static_library_ide/library_generation/library_generation.sh to Unix format...
micro-ROS library found. Skipping...
Delete micro_ros_stm32cubemx_utils/microros_static_library_ide/libmicroros/ for rebuild.
 
arm-none-eabi-gcc "../Core/Src/main.c" -mcpu=cortex-m4 -std=gnu11 -g3 -DDEBUG -DUSE_HAL_DRIVER -DSTM32G474xx -c -I../Core/Inc -I../MPU6050/Src -I../Drivers/STM32G4xx_HAL_Driver/Inc -I../micro_ros_stm32cubemx_utils/microros_static_library_ide/libmicroros/include -I../Drivers/STM32G4xx_HAL_Driver/Inc/Legacy -I../Drivers/CMSIS/Device/ST/STM32G4xx/Include -I../Drivers/CMSIS/Include -I../Middlewares/Third_Party/FreeRTOS/Source/include -I../Middlewares/Third_Party/FreeRTOS/Source/CMSIS_RTOS_V2 -I../Middlewares/Third_Party/FreeRTOS/Source/portable/GCC/ARM_CM4F -O0 -ffunction-sections -fdata-sections -Wall -fstack-usage -fcyclomatic-complexity -MMD -MP -MF"Core/Src/main.d" -MT"Core/Src/main.o" --specs=nano.specs -mfpu=fpv4-sp-d16 -mfloat-abi=hard -mthumb -o "Core/Src/main.o"
../Core/Src/main.c: In function 'timer_callback':
../Core/Src/main.c:180:39: error: incompatible types when assigning to type 'std_msgs__msg__UInt32' from type 'uint32_t' {aka 'long unsigned int'}
  180 |                 sensor_msg.encoder1 = encoder1;
      |                                       ^~~~~~~~
../Core/Src/main.c:181:39: error: incompatible types when assigning to type 'std_msgs__msg__UInt32' from type 'uint32_t' {aka 'long unsigned int'}
  181 |                 sensor_msg.encoder2 = encoder2;
      |                                       ^~~~~~~~
make[1]: *** [Core/Src/subdir.mk:70: Core/Src/main.o] Error 1
make: *** [makefile:63: all] Error 2
"make -j16 all" terminated with exit code 2. Build might be incomplete.
19:13:11 **** Incremental Build of configuration Debug for project sensor_fusion ****
make -j16 all 
docker pull microros/micro_ros_static_library_builder:humble && docker run --rm -v /home/natthanicha/FRA502_ROS2/ROS_PROJECT_WS/firmware/sensor_fusion:/project --env MICROROS_LIBRARY_FOLDER=micro_ros_stm32cubemx_utils/microros_static_library_ide microros/micro_ros_static_library_builder:humble
humble: Pulling from microros/micro_ros_static_library_builder
Digest: sha256:e291f74890e81b31eb1d70731cb79b2d767dd585269325031effc72952b24b9d
Status: Image is up to date for microros/micro_ros_static_library_builder:humble
docker.io/microros/micro_ros_static_library_builder:humble
dos2unix: converting file /project/micro_ros_stm32cubemx_utils/microros_static_library_ide/library_generation/library_generation.sh to Unix format...
micro-ROS library found. Skipping...
Delete micro_ros_stm32cubemx_utils/microros_static_library_ide/libmicroros/ for rebuild.
 
arm-none-eabi-gcc "../Core/Src/main.c" -mcpu=cortex-m4 -std=gnu11 -g3 -DDEBUG -DUSE_HAL_DRIVER -DSTM32G474xx -c -I../Core/Inc -I../MPU6050/Src -I../Drivers/STM32G4xx_HAL_Driver/Inc -I../micro_ros_stm32cubemx_utils/microros_static_library_ide/libmicroros/include -I../Drivers/STM32G4xx_HAL_Driver/Inc/Legacy -I../Drivers/CMSIS/Device/ST/STM32G4xx/Include -I../Drivers/CMSIS/Include -I../Middlewares/Third_Party/FreeRTOS/Source/include -I../Middlewares/Third_Party/FreeRTOS/Source/CMSIS_RTOS_V2 -I../Middlewares/Third_Party/FreeRTOS/Source/portable/GCC/ARM_CM4F -O0 -ffunction-sections -fdata-sections -Wall -fstack-usage -fcyclomatic-complexity -MMD -MP -MF"Core/Src/main.d" -MT"Core/Src/main.o" --specs=nano.specs -mfpu=fpv4-sp-d16 -mfloat-abi=hard -mthumb -o "Core/Src/main.o"
../Core/Src/main.c: In function 'timer_callback':
../Core/Src/main.c:180:39: error: incompatible types when assigning to type 'std_msgs__msg__UInt32' from type 'uint32_t' {aka 'long unsigned int'}
  180 |                 sensor_msg.encoder1 = encoder1;
      |                                       ^~~~~~~~
../Core/Src/main.c:181:39: error: incompatible types when assigning to type 'std_msgs__msg__UInt32' from type 'uint32_t' {aka 'long unsigned int'}
  181 |                 sensor_msg.encoder2 = encoder2;
      |                                       ^~~~~~~~
make[1]: *** [Core/Src/subdir.mk:70: Core/Src/main.o] Error 1
make: *** [makefile:63: all] Error 2
"make -j16 all" terminated with exit code 2. Build might be incomplete.
19:13:18 **** Incremental Build of configuration Debug for project sensor_fusion ****
make -j16 all 
docker pull microros/micro_ros_static_library_builder:humble && docker run --rm -v /home/natthanicha/FRA502_ROS2/ROS_PROJECT_WS/firmware/sensor_fusion:/project --env MICROROS_LIBRARY_FOLDER=micro_ros_stm32cubemx_utils/microros_static_library_ide microros/micro_ros_static_library_builder:humble
humble: Pulling from microros/micro_ros_static_library_builder
Digest: sha256:e291f74890e81b31eb1d70731cb79b2d767dd585269325031effc72952b24b9d
Status: Image is up to date for microros/micro_ros_static_library_builder:humble
docker.io/microros/micro_ros_static_library_builder:humble
dos2unix: converting file /project/micro_ros_stm32cubemx_utils/microros_static_library_ide/library_generation/library_generation.sh to Unix format...
micro-ROS library found. Skipping...
Delete micro_ros_stm32cubemx_utils/microros_static_library_ide/libmicroros/ for rebuild.
 
arm-none-eabi-gcc "../Core/Src/main.c" -mcpu=cortex-m4 -std=gnu11 -g3 -DDEBUG -DUSE_HAL_DRIVER -DSTM32G474xx -c -I../Core/Inc -I../MPU6050/Src -I../Drivers/STM32G4xx_HAL_Driver/Inc -I../micro_ros_stm32cubemx_utils/microros_static_library_ide/libmicroros/include -I../Drivers/STM32G4xx_HAL_Driver/Inc/Legacy -I../Drivers/CMSIS/Device/ST/STM32G4xx/Include -I../Drivers/CMSIS/Include -I../Middlewares/Third_Party/FreeRTOS/Source/include -I../Middlewares/Third_Party/FreeRTOS/Source/CMSIS_RTOS_V2 -I../Middlewares/Third_Party/FreeRTOS/Source/portable/GCC/ARM_CM4F -O0 -ffunction-sections -fdata-sections -Wall -fstack-usage -fcyclomatic-complexity -MMD -MP -MF"Core/Src/main.d" -MT"Core/Src/main.o" --specs=nano.specs -mfpu=fpv4-sp-d16 -mfloat-abi=hard -mthumb -o "Core/Src/main.o"
../Core/Src/main.c: In function 'timer_callback':
../Core/Src/main.c:180:39: error: incompatible types when assigning to type 'std_msgs__msg__UInt32' from type 'uint32_t' {aka 'long unsigned int'}
  180 |                 sensor_msg.encoder1 = encoder1;
      |                                       ^~~~~~~~
../Core/Src/main.c:181:39: error: incompatible types when assigning to type 'std_msgs__msg__UInt32' from type 'uint32_t' {aka 'long unsigned int'}
  181 |                 sensor_msg.encoder2 = encoder2;
      |                                       ^~~~~~~~
make[1]: *** [Core/Src/subdir.mk:70: Core/Src/main.o] Error 1
make: *** [makefile:63: all] Error 2
"make -j16 all" terminated with exit code 2. Build might be incomplete.
19:14:03 **** Incremental Build of configuration Debug for project sensor_fusion ****
make -j16 all 
docker pull microros/micro_ros_static_library_builder:humble && docker run --rm -v /home/natthanicha/FRA502_ROS2/ROS_PROJECT_WS/firmware/sensor_fusion:/project --env MICROROS_LIBRARY_FOLDER=micro_ros_stm32cubemx_utils/microros_static_library_ide microros/micro_ros_static_library_builder:humble
humble: Pulling from microros/micro_ros_static_library_builder
Digest: sha256:e291f74890e81b31eb1d70731cb79b2d767dd585269325031effc72952b24b9d
Status: Image is up to date for microros/micro_ros_static_library_builder:humble
docker.io/microros/micro_ros_static_library_builder:humble
dos2unix: converting file /project/micro_ros_stm32cubemx_utils/microros_static_library_ide/library_generation/library_generation.sh to Unix format...
micro-ROS library found. Skipping...
Delete micro_ros_stm32cubemx_utils/microros_static_library_ide/libmicroros/ for rebuild.
 
arm-none-eabi-gcc "../Core/Src/main.c" -mcpu=cortex-m4 -std=gnu11 -g3 -DDEBUG -DUSE_HAL_DRIVER -DSTM32G474xx -c -I../Core/Inc -I../MPU6050/Src -I../Drivers/STM32G4xx_HAL_Driver/Inc -I../micro_ros_stm32cubemx_utils/microros_static_library_ide/libmicroros/include -I../Drivers/STM32G4xx_HAL_Driver/Inc/Legacy -I../Drivers/CMSIS/Device/ST/STM32G4xx/Include -I../Drivers/CMSIS/Include -I../Middlewares/Third_Party/FreeRTOS/Source/include -I../Middlewares/Third_Party/FreeRTOS/Source/CMSIS_RTOS_V2 -I../Middlewares/Third_Party/FreeRTOS/Source/portable/GCC/ARM_CM4F -O0 -ffunction-sections -fdata-sections -Wall -fstack-usage -fcyclomatic-complexity -MMD -MP -MF"Core/Src/main.d" -MT"Core/Src/main.o" --specs=nano.specs -mfpu=fpv4-sp-d16 -mfloat-abi=hard -mthumb -o "Core/Src/main.o"
arm-none-eabi-gcc -o "sensor_fusion.elf" @"objects.list"  -lmicroros -mcpu=cortex-m4 -T"/home/natthanicha/FRA502_ROS2/ROS_PROJECT_WS/firmware/sensor_fusion/STM32G474RETX_FLASH.ld" --specs=nosys.specs -Wl,-Map="sensor_fusion.map" -Wl,--gc-sections -static -L../micro_ros_stm32cubemx_utils/microros_static_library_ide/libmicroros --specs=nano.specs -mfpu=fpv4-sp-d16 -mfloat-abi=hard -mthumb -Wl,--start-group -lc -lm -Wl,--end-group
/opt/st/stm32cubeide_1.19.0/plugins/com.st.stm32cube.ide.mcu.externaltools.gnu-tools-for-stm32.13.3.rel1.linux64_1.0.0.202410170706/tools/bin/../lib/gcc/arm-none-eabi/13.3.1/../../../../arm-none-eabi/bin/ld: /opt/st/stm32cubeide_1.19.0/plugins/com.st.stm32cube.ide.mcu.externaltools.gnu-tools-for-stm32.13.3.rel1.linux64_1.0.0.202410170706/tools/bin/../lib/gcc/arm-none-eabi/13.3.1/../../../../arm-none-eabi/lib/thumb/v7e-m+fp/hard/libc_nano.a(libc_a-gettimeofdayr.o): in function `_gettimeofday_r':
(.text._gettimeofday_r+0xe): warning: _gettimeofday is not implemented and will always fail
/opt/st/stm32cubeide_1.19.0/plugins/com.st.stm32cube.ide.mcu.externaltools.gnu-tools-for-stm32.13.3.rel1.linux64_1.0.0.202410170706/tools/bin/../lib/gcc/arm-none-eabi/13.3.1/../../../../arm-none-eabi/bin/ld: /opt/st/stm32cubeide_1.19.0/plugins/com.st.stm32cube.ide.mcu.externaltools.gnu-tools-for-stm32.13.3.rel1.linux64_1.0.0.202410170706/tools/bin/../lib/gcc/arm-none-eabi/13.3.1/../../../../arm-none-eabi/lib/thumb/v7e-m+fp/hard/libc_nano.a(libc_a-gettimeofdayr.o): note: the message above does not take linker garbage collection into account
Finished building target: sensor_fusion.elf
 
arm-none-eabi-size  sensor_fusion.elf 
arm-none-eabi-objdump -h -S sensor_fusion.elf  > "sensor_fusion.list"
   text	   data	    bss	    dec	    hex	filename
 110992	   1988	  46184	 159164	  26dbc	sensor_fusion.elf
Finished building: default.size.stdout
 
Finished building: sensor_fusion.list
 
19:17:06 **** Incremental Build of configuration Debug for project sensor_fusion ****
make -j16 all 
docker pull microros/micro_ros_static_library_builder:humble && docker run --rm -v /home/natthanicha/FRA502_ROS2/ROS_PROJECT_WS/firmware/sensor_fusion:/project --env MICROROS_LIBRARY_FOLDER=micro_ros_stm32cubemx_utils/microros_static_library_ide microros/micro_ros_static_library_builder:humble
humble: Pulling from microros/micro_ros_static_library_builder
Digest: sha256:e291f74890e81b31eb1d70731cb79b2d767dd585269325031effc72952b24b9d
Status: Image is up to date for microros/micro_ros_static_library_builder:humble
docker.io/microros/micro_ros_static_library_builder:humble
dos2unix: converting file /project/micro_ros_stm32cubemx_utils/microros_static_library_ide/library_generation/library_generation.sh to Unix format...
micro-ROS library found. Skipping...
Delete micro_ros_stm32cubemx_utils/microros_static_library_ide/libmicroros/ for rebuild.
 
arm-none-eabi-size  sensor_fusion.elf 
   text	   data	    bss	    dec	    hex	filename
 110992	   1988	  46184	 159164	  26dbc	sensor_fusion.elf
Finished building: default.size.stdout
 
16:33:28 **** Incremental Build of configuration Debug for project sensor_fusion ****
make -j16 all 
docker pull microros/micro_ros_static_library_builder:humble && docker run --rm -v /home/natthanicha/FRA502_ROS2/ROS_PROJECT_WS/firmware/sensor_fusion:/project --env MICROROS_LIBRARY_FOLDER=micro_ros_stm32cubemx_utils/microros_static_library_ide microros/micro_ros_static_library_builder:humble
humble: Pulling from microros/micro_ros_static_library_builder
Digest: sha256:e291f74890e81b31eb1d70731cb79b2d767dd585269325031effc72952b24b9d
Status: Image is up to date for microros/micro_ros_static_library_builder:humble
docker.io/microros/micro_ros_static_library_builder:humble
dos2unix: converting file /project/micro_ros_stm32cubemx_utils/microros_static_library_ide/library_generation/library_generation.sh to Unix format...
micro-ROS library found. Skipping...
Delete micro_ros_stm32cubemx_utils/microros_static_library_ide/libmicroros/ for rebuild.
 
arm-none-eabi-size  sensor_fusion.elf 
   text	   data	    bss	    dec	    hex	filename
 110992	   1988	  46184	 159164	  26dbc	sensor_fusion.elf
Finished building: default.size.stdout
 
14:45:53 **** Build of configuration Debug for project motor_ai_control ****
make -j16 all 
docker pull microros/micro_ros_static_library_builder:humble && docker run --rm -v /home/natthanicha/FRA502_ROS2/ROS_PROJECT_WS/firmware/motor_ai_control:/project --env MICROROS_LIBRARY_FOLDER=micro_ros_stm32cubemx_utils/microros_static_library_ide microros/micro_ros_static_library_builder:humble
humble: Pulling from microros/micro_ros_static_library_builder
Digest: sha256:e291f74890e81b31eb1d70731cb79b2d767dd585269325031effc72952b24b9d
Status: Image is up to date for microros/micro_ros_static_library_builder:humble
docker.io/microros/micro_ros_static_library_builder:humble
dos2unix: converting file /project/micro_ros_stm32cubemx_utils/microros_static_library_ide/library_generation/library_generation.sh to Unix format...
micro-ROS library found. Skipping...
Delete micro_ros_stm32cubemx_utils/microros_static_library_ide/libmicroros/ for rebuild.
 
arm-none-eabi-gcc "../Core/Src/main.c" -mcpu=cortex-m4 -std=gnu11 -g3 -DDEBUG -DUSE_HAL_DRIVER -DSTM32G474xx -c -I../Core/Inc -I../Drivers/STM32G4xx_HAL_Driver/Inc -I../micro_ros_stm32cubemx_utils/microros_static_library_ide/libmicroros/include -I../Drivers/STM32G4xx_HAL_Driver/Inc/Legacy -I../Drivers/CMSIS/Device/ST/STM32G4xx/Include -I../Drivers/CMSIS/Include -I../Middlewares/Third_Party/FreeRTOS/Source/include -I../Middlewares/Third_Party/FreeRTOS/Source/CMSIS_RTOS_V2 -I../Middlewares/Third_Party/FreeRTOS/Source/portable/GCC/ARM_CM4F -O0 -ffunction-sections -fdata-sections -Wall -fstack-usage -fcyclomatic-complexity -MMD -MP -MF"Core/Src/main.d" -MT"Core/Src/main.o" --specs=nano.specs -mfpu=fpv4-sp-d16 -mfloat-abi=hard -mthumb -o "Core/Src/main.o"
../Core/Src/main.c: In function 'MIT_Controller_Update':
../Core/Src/main.c:177:15: warning: unused variable 'R' [-Wunused-variable]
  177 |         float R = gain_sub_msg.data.data[4];
      |               ^
../Core/Src/main.c:176:15: warning: unused variable 'Ke' [-Wunused-variable]
  176 |         float Ke = gain_sub_msg.data.data[3];
      |               ^~
../Core/Src/main.c:174:15: warning: unused variable 'Kd' [-Wunused-variable]
  174 |         float Kd = gain_sub_msg.data.data[1];
      |               ^~
../Core/Src/main.c:173:15: warning: unused variable 'Kp' [-Wunused-variable]
  173 |         float Kp = gain_sub_msg.data.data[0];
      |               ^~
../Core/Src/main.c:170:15: warning: unused variable 'vel' [-Wunused-variable]
  170 |         float vel = QEIdata.QEIAngularVelocity;
      |               ^~~
../Core/Src/main.c:169:15: warning: unused variable 'pos' [-Wunused-variable]
  169 |         float pos = pos_rad_full;
      |               ^~~
../Core/Src/main.c:166:15: warning: unused variable 'torque_ref' [-Wunused-variable]
  166 |         float torque_ref = ref_sub_msg.data.data[2];
      |               ^~~~~~~~~~
../Core/Src/main.c:165:15: warning: unused variable 'vel_ref' [-Wunused-variable]
  165 |         float vel_ref = ref_sub_msg.data.data[1];
      |               ^~~~~~~
../Core/Src/main.c:164:15: warning: unused variable 'pos_ref' [-Wunused-variable]
  164 |         float pos_ref = ref_sub_msg.data.data[0];
      |               ^~~~~~~
../Core/Src/main.c: In function 'reference_subscription_callback':
../Core/Src/main.c:301:44: warning: unused variable 'ref_sub_msg' [-Wunused-variable]
  301 |   const std_msgs__msg__Float32MultiArray * ref_sub_msg = (const std_msgs__msg__Float32MultiArray *)msgin;
      |                                            ^~~~~~~~~~~
../Core/Src/main.c: In function 'gain_subscription_callback':
../Core/Src/main.c:309:44: warning: unused variable 'gain_sub_msg' [-Wunused-variable]
  309 |   const std_msgs__msg__Float32MultiArray * gain_sub_msg = (const std_msgs__msg__Float32MultiArray *)msgin;
      |                                            ^~~~~~~~~~~~
../Core/Src/main.c: In function 'rl_action_subscription_callback':
../Core/Src/main.c:317:44: warning: unused variable 'rl_action_msg' [-Wunused-variable]
  317 |   const std_msgs__msg__Float32MultiArray * rl_action_msg = (const std_msgs__msg__Float32MultiArray *)msgin;
      |                                            ^~~~~~~~~~~~~
../Core/Src/main.c: In function 'StartDefaultTask':
../Core/Src/main.c:443:13: warning: unused variable 'puku' [-Wunused-variable]
  443 |   rcl_ret_t puku = rclc_subscription_init_default(
      |             ^~~~
../Core/Src/main.c:434:13: warning: unused variable 'rl' [-Wunused-variable]
  434 |   rcl_ret_t rl = rclc_subscription_init_default(
      |             ^~
../Core/Src/main.c:401:13: warning: unused variable 'rc' [-Wunused-variable]
  401 |   rcl_ret_t rc = rclc_subscription_init_default(
      |             ^~
../Core/Src/main.c: At top level:
../Core/Src/main.c:98:26: warning: 'pwm_operated' defined but not used [-Wunused-const-variable=]
   98 |         static const int pwm_operated = PERIOD_CONST - MOTOR_INIT_PERIOD_CONST;
      |                          ^~~~~~~~~~~~
arm-none-eabi-gcc -o "motor_ai_control.elf" @"objects.list"  -lmicroros -mcpu=cortex-m4 -T"/home/natthanicha/FRA502_ROS2/ROS_PROJECT_WS/firmware/motor_ai_control/STM32G474RETX_FLASH.ld" --specs=nosys.specs -Wl,-Map="motor_ai_control.map" -Wl,--gc-sections -static -L../micro_ros_stm32cubemx_utils/microros_static_library_ide/libmicroros --specs=nano.specs -mfpu=fpv4-sp-d16 -mfloat-abi=hard -mthumb -Wl,--start-group -lc -lm -Wl,--end-group
/opt/st/stm32cubeide_1.19.0/plugins/com.st.stm32cube.ide.mcu.externaltools.gnu-tools-for-stm32.13.3.rel1.linux64_1.0.0.202410170706/tools/bin/../lib/gcc/arm-none-eabi/13.3.1/../../../../arm-none-eabi/bin/ld: /opt/st/stm32cubeide_1.19.0/plugins/com.st.stm32cube.ide.mcu.externaltools.gnu-tools-for-stm32.13.3.rel1.linux64_1.0.0.202410170706/tools/bin/../lib/gcc/arm-none-eabi/13.3.1/../../../../arm-none-eabi/lib/thumb/v7e-m+fp/hard/libc_nano.a(libc_a-gettimeofdayr.o): in function `_gettimeofday_r':
(.text._gettimeofday_r+0xe): warning: _gettimeofday is not implemented and will always fail
/opt/st/stm32cubeide_1.19.0/plugins/com.st.stm32cube.ide.mcu.externaltools.gnu-tools-for-stm32.13.3.rel1.linux64_1.0.0.202410170706/tools/bin/../lib/gcc/arm-none-eabi/13.3.1/../../../../arm-none-eabi/bin/ld: /opt/st/stm32cubeide_1.19.0/plugins/com.st.stm32cube.ide.mcu.externaltools.gnu-tools-for-stm32.13.3.rel1.linux64_1.0.0.202410170706/tools/bin/../lib/gcc/arm-none-eabi/13.3.1/../../../../arm-none-eabi/lib/thumb/v7e-m+fp/hard/libc_nano.a(libc_a-gettimeofdayr.o): note: the message above does not take linker garbage collection into account
Finished building target: motor_ai_control.elf
 
arm-none-eabi-size  motor_ai_control.elf 
arm-none-eabi-objdump -h -S motor_ai_control.elf  > "motor_ai_control.list"
   text	   data	    bss	    dec	    hex	filename
 109756	    736	  46152	 156644	  263e4	motor_ai_control.elf
Finished building: default.size.stdout
 
Finished building: motor_ai_control.list
 
14:59:19 **** Incremental Build of configuration Debug for project motor_ai_control ****
make -j16 all 
docker pull microros/micro_ros_static_library_builder:humble && docker run --rm -v /home/natthanicha/FRA502_ROS2/ROS_PROJECT_WS/firmware/motor_ai_control:/project --env MICROROS_LIBRARY_FOLDER=micro_ros_stm32cubemx_utils/microros_static_library_ide microros/micro_ros_static_library_builder:humble
humble: Pulling from microros/micro_ros_static_library_builder
Digest: sha256:e291f74890e81b31eb1d70731cb79b2d767dd585269325031effc72952b24b9d
Status: Image is up to date for microros/micro_ros_static_library_builder:humble
docker.io/microros/micro_ros_static_library_builder:humble
dos2unix: converting file /project/micro_ros_stm32cubemx_utils/microros_static_library_ide/library_generation/library_generation.sh to Unix format...
micro-ROS library found. Skipping...
Delete micro_ros_stm32cubemx_utils/microros_static_library_ide/libmicroros/ for rebuild.
 
arm-none-eabi-gcc "../Core/Src/main.c" -mcpu=cortex-m4 -std=gnu11 -g3 -DDEBUG -DUSE_HAL_DRIVER -DSTM32G474xx -c -I../Core/Inc -I../Drivers/STM32G4xx_HAL_Driver/Inc -I../micro_ros_stm32cubemx_utils/microros_static_library_ide/libmicroros/include -I../Drivers/STM32G4xx_HAL_Driver/Inc/Legacy -I../Drivers/CMSIS/Device/ST/STM32G4xx/Include -I../Drivers/CMSIS/Include -I../Middlewares/Third_Party/FreeRTOS/Source/include -I../Middlewares/Third_Party/FreeRTOS/Source/CMSIS_RTOS_V2 -I../Middlewares/Third_Party/FreeRTOS/Source/portable/GCC/ARM_CM4F -O0 -ffunction-sections -fdata-sections -Wall -fstack-usage -fcyclomatic-complexity -MMD -MP -MF"Core/Src/main.d" -MT"Core/Src/main.o" --specs=nano.specs -mfpu=fpv4-sp-d16 -mfloat-abi=hard -mthumb -o "Core/Src/main.o"
../Core/Src/main.c: In function 'MIT_Controller_Update':
../Core/Src/main.c:177:15: warning: unused variable 'R' [-Wunused-variable]
  177 |         float R = gain_sub_msg.data.data[4];
      |               ^
../Core/Src/main.c:176:15: warning: unused variable 'Ke' [-Wunused-variable]
  176 |         float Ke = gain_sub_msg.data.data[3];
      |               ^~
../Core/Src/main.c:174:15: warning: unused variable 'Kd' [-Wunused-variable]
  174 |         float Kd = gain_sub_msg.data.data[1];
      |               ^~
../Core/Src/main.c:173:15: warning: unused variable 'Kp' [-Wunused-variable]
  173 |         float Kp = gain_sub_msg.data.data[0];
      |               ^~
../Core/Src/main.c:170:15: warning: unused variable 'vel' [-Wunused-variable]
  170 |         float vel = QEIdata.QEIAngularVelocity;
      |               ^~~
../Core/Src/main.c:169:15: warning: unused variable 'pos' [-Wunused-variable]
  169 |         float pos = pos_rad_full;
      |               ^~~
../Core/Src/main.c:166:15: warning: unused variable 'torque_ref' [-Wunused-variable]
  166 |         float torque_ref = ref_sub_msg.data.data[2];
      |               ^~~~~~~~~~
../Core/Src/main.c:165:15: warning: unused variable 'vel_ref' [-Wunused-variable]
  165 |         float vel_ref = ref_sub_msg.data.data[1];
      |               ^~~~~~~
../Core/Src/main.c:164:15: warning: unused variable 'pos_ref' [-Wunused-variable]
  164 |         float pos_ref = ref_sub_msg.data.data[0];
      |               ^~~~~~~
../Core/Src/main.c: In function 'reference_subscription_callback':
../Core/Src/main.c:301:44: warning: unused variable 'ref_sub_msg' [-Wunused-variable]
  301 |   const std_msgs__msg__Float32MultiArray * ref_sub_msg = (const std_msgs__msg__Float32MultiArray *)msgin;
      |                                            ^~~~~~~~~~~
../Core/Src/main.c: In function 'gain_subscription_callback':
../Core/Src/main.c:309:44: warning: unused variable 'gain_sub_msg' [-Wunused-variable]
  309 |   const std_msgs__msg__Float32MultiArray * gain_sub_msg = (const std_msgs__msg__Float32MultiArray *)msgin;
      |                                            ^~~~~~~~~~~~
../Core/Src/main.c: In function 'rl_action_subscription_callback':
../Core/Src/main.c:317:44: warning: unused variable 'rl_action_msg' [-Wunused-variable]
  317 |   const std_msgs__msg__Float32MultiArray * rl_action_msg = (const std_msgs__msg__Float32MultiArray *)msgin;
      |                                            ^~~~~~~~~~~~~
../Core/Src/main.c: In function 'StartDefaultTask':
../Core/Src/main.c:443:13: warning: unused variable 'puku' [-Wunused-variable]
  443 |   rcl_ret_t puku = rclc_subscription_init_default(
      |             ^~~~
../Core/Src/main.c:434:13: warning: unused variable 'rl' [-Wunused-variable]
  434 |   rcl_ret_t rl = rclc_subscription_init_default(
      |             ^~
../Core/Src/main.c:401:13: warning: unused variable 'rc' [-Wunused-variable]
  401 |   rcl_ret_t rc = rclc_subscription_init_default(
      |             ^~
../Core/Src/main.c: At top level:
../Core/Src/main.c:98:26: warning: 'pwm_operated' defined but not used [-Wunused-const-variable=]
   98 |         static const int pwm_operated = PERIOD_CONST - MOTOR_INIT_PERIOD_CONST;
      |                          ^~~~~~~~~~~~
arm-none-eabi-gcc -o "motor_ai_control.elf" @"objects.list"  -lmicroros -mcpu=cortex-m4 -T"/home/natthanicha/FRA502_ROS2/ROS_PROJECT_WS/firmware/motor_ai_control/STM32G474RETX_FLASH.ld" --specs=nosys.specs -Wl,-Map="motor_ai_control.map" -Wl,--gc-sections -static -L../micro_ros_stm32cubemx_utils/microros_static_library_ide/libmicroros --specs=nano.specs -mfpu=fpv4-sp-d16 -mfloat-abi=hard -mthumb -Wl,--start-group -lc -lm -Wl,--end-group
/opt/st/stm32cubeide_1.19.0/plugins/com.st.stm32cube.ide.mcu.externaltools.gnu-tools-for-stm32.13.3.rel1.linux64_1.0.0.202410170706/tools/bin/../lib/gcc/arm-none-eabi/13.3.1/../../../../arm-none-eabi/bin/ld: /opt/st/stm32cubeide_1.19.0/plugins/com.st.stm32cube.ide.mcu.externaltools.gnu-tools-for-stm32.13.3.rel1.linux64_1.0.0.202410170706/tools/bin/../lib/gcc/arm-none-eabi/13.3.1/../../../../arm-none-eabi/lib/thumb/v7e-m+fp/hard/libc_nano.a(libc_a-gettimeofdayr.o): in function `_gettimeofday_r':
(.text._gettimeofday_r+0xe): warning: _gettimeofday is not implemented and will always fail
/opt/st/stm32cubeide_1.19.0/plugins/com.st.stm32cube.ide.mcu.externaltools.gnu-tools-for-stm32.13.3.rel1.linux64_1.0.0.202410170706/tools/bin/../lib/gcc/arm-none-eabi/13.3.1/../../../../arm-none-eabi/bin/ld: /opt/st/stm32cubeide_1.19.0/plugins/com.st.stm32cube.ide.mcu.externaltools.gnu-tools-for-stm32.13.3.rel1.linux64_1.0.0.202410170706/tools/bin/../lib/gcc/arm-none-eabi/13.3.1/../../../../arm-none-eabi/lib/thumb/v7e-m+fp/hard/libc_nano.a(libc_a-gettimeofdayr.o): note: the message above does not take linker garbage collection into account
Finished building target: motor_ai_control.elf
 
arm-none-eabi-size  motor_ai_control.elf 
arm-none-eabi-objdump -h -S motor_ai_control.elf  > "motor_ai_control.list"
   text	   data	    bss	    dec	    hex	filename
 109756	    736	  46152	 156644	  263e4	motor_ai_control.elf
Finished building: default.size.stdout
 
Finished building: motor_ai_control.list
 
15:05:48 **** Incremental Build of configuration Debug for project motor_ai_control ****
make -j16 all 
docker pull microros/micro_ros_static_library_builder:humble && docker run --rm -v /home/natthanicha/FRA502_ROS2/ROS_PROJECT_WS/firmware/motor_ai_control:/project --env MICROROS_LIBRARY_FOLDER=micro_ros_stm32cubemx_utils/microros_static_library_ide microros/micro_ros_static_library_builder:humble
humble: Pulling from microros/micro_ros_static_library_builder
Digest: sha256:e291f74890e81b31eb1d70731cb79b2d767dd585269325031effc72952b24b9d
Status: Image is up to date for microros/micro_ros_static_library_builder:humble
docker.io/microros/micro_ros_static_library_builder:humble
dos2unix: converting file /project/micro_ros_stm32cubemx_utils/microros_static_library_ide/library_generation/library_generation.sh to Unix format...
micro-ROS library found. Skipping...
Delete micro_ros_stm32cubemx_utils/microros_static_library_ide/libmicroros/ for rebuild.
 
arm-none-eabi-size  motor_ai_control.elf 
   text	   data	    bss	    dec	    hex	filename
 109756	    736	  46152	 156644	  263e4	motor_ai_control.elf
Finished building: default.size.stdout
 
15:24:06 **** Incremental Build of configuration Debug for project motor_ai_control ****
make -j16 all 
docker pull microros/micro_ros_static_library_builder:humble && docker run --rm -v /home/natthanicha/FRA502_ROS2/ROS_PROJECT_WS/firmware/motor_ai_control:/project --env MICROROS_LIBRARY_FOLDER=micro_ros_stm32cubemx_utils/microros_static_library_ide microros/micro_ros_static_library_builder:humble
humble: Pulling from microros/micro_ros_static_library_builder
Digest: sha256:e291f74890e81b31eb1d70731cb79b2d767dd585269325031effc72952b24b9d
Status: Image is up to date for microros/micro_ros_static_library_builder:humble
docker.io/microros/micro_ros_static_library_builder:humble
dos2unix: converting file /project/micro_ros_stm32cubemx_utils/microros_static_library_ide/library_generation/library_generation.sh to Unix format...
micro-ROS library found. Skipping...
Delete micro_ros_stm32cubemx_utils/microros_static_library_ide/libmicroros/ for rebuild.
 
arm-none-eabi-size  motor_ai_control.elf 
   text	   data	    bss	    dec	    hex	filename
 109756	    736	  46152	 156644	  263e4	motor_ai_control.elf
Finished building: default.size.stdout
 
15:47:33 **** Incremental Build of configuration Debug for project sensor_fusion ****
make -j16 all 
docker pull microros/micro_ros_static_library_builder:humble && docker run --rm -v /home/natthanicha/FRA502_ROS2/ROS_PROJECT_WS/firmware/sensor_fusion:/project --env MICROROS_LIBRARY_FOLDER=micro_ros_stm32cubemx_utils/microros_static_library_ide microros/micro_ros_static_library_builder:humble
humble: Pulling from microros/micro_ros_static_library_builder
Digest: sha256:e291f74890e81b31eb1d70731cb79b2d767dd585269325031effc72952b24b9d
Status: Image is up to date for microros/micro_ros_static_library_builder:humble
docker.io/microros/micro_ros_static_library_builder:humble
dos2unix: converting file /project/micro_ros_stm32cubemx_utils/microros_static_library_ide/library_generation/library_generation.sh to Unix format...
micro-ROS library found. Skipping...
Delete micro_ros_stm32cubemx_utils/microros_static_library_ide/libmicroros/ for rebuild.
 
arm-none-eabi-size  sensor_fusion.elf 
   text	   data	    bss	    dec	    hex	filename
 110992	   1988	  46184	 159164	  26dbc	sensor_fusion.elf
Finished building: default.size.stdout
 
15:53:11 **** Incremental Build of configuration Debug for project sensor_fusion ****
make -j16 all 
docker pull microros/micro_ros_static_library_builder:humble && docker run --rm -v /home/natthanicha/FRA502_ROS2/ROS_PROJECT_WS/firmware/sensor_fusion:/project --env MICROROS_LIBRARY_FOLDER=micro_ros_stm32cubemx_utils/microros_static_library_ide microros/micro_ros_static_library_builder:humble
humble: Pulling from microros/micro_ros_static_library_builder
Digest: sha256:e291f74890e81b31eb1d70731cb79b2d767dd585269325031effc72952b24b9d
Status: Image is up to date for microros/micro_ros_static_library_builder:humble
docker.io/microros/micro_ros_static_library_builder:humble
dos2unix: converting file /project/micro_ros_stm32cubemx_utils/microros_static_library_ide/library_generation/library_generation.sh to Unix format...
micro-ROS library found. Skipping...
Delete micro_ros_stm32cubemx_utils/microros_static_library_ide/libmicroros/ for rebuild.
 
arm-none-eabi-size  sensor_fusion.elf 
   text	   data	    bss	    dec	    hex	filename
 110992	   1988	  46184	 159164	  26dbc	sensor_fusion.elf
Finished building: default.size.stdout
 
15:58:45 **** Incremental Build of configuration Debug for project motor_ai_control ****
make -j16 all 
docker pull microros/micro_ros_static_library_builder:humble && docker run --rm -v /home/natthanicha/FRA502_ROS2/ROS_PROJECT_WS/firmware/motor_ai_control:/project --env MICROROS_LIBRARY_FOLDER=micro_ros_stm32cubemx_utils/microros_static_library_ide microros/micro_ros_static_library_builder:humble
humble: Pulling from microros/micro_ros_static_library_builder
Digest: sha256:e291f74890e81b31eb1d70731cb79b2d767dd585269325031effc72952b24b9d
Status: Image is up to date for microros/micro_ros_static_library_builder:humble
docker.io/microros/micro_ros_static_library_builder:humble
dos2unix: converting file /project/micro_ros_stm32cubemx_utils/microros_static_library_ide/library_generation/library_generation.sh to Unix format...
micro-ROS library found. Skipping...
Delete micro_ros_stm32cubemx_utils/microros_static_library_ide/libmicroros/ for rebuild.
 
arm-none-eabi-size  motor_ai_control.elf 
   text	   data	    bss	    dec	    hex	filename
 109756	    736	  46152	 156644	  263e4	motor_ai_control.elf
Finished building: default.size.stdout
 
16:05:31 **** Incremental Build of configuration Debug for project sensor_fusion ****
make -j16 all 
docker pull microros/micro_ros_static_library_builder:humble && docker run --rm -v /home/natthanicha/FRA502_ROS2/ROS_PROJECT_WS/firmware/sensor_fusion:/project --env MICROROS_LIBRARY_FOLDER=micro_ros_stm32cubemx_utils/microros_static_library_ide microros/micro_ros_static_library_builder:humble
humble: Pulling from microros/micro_ros_static_library_builder
Digest: sha256:e291f74890e81b31eb1d70731cb79b2d767dd585269325031effc72952b24b9d
Status: Image is up to date for microros/micro_ros_static_library_builder:humble
docker.io/microros/micro_ros_static_library_builder:humble
dos2unix: converting file /project/micro_ros_stm32cubemx_utils/microros_static_library_ide/library_generation/library_generation.sh to Unix format...
micro-ROS library found. Skipping...
Delete micro_ros_stm32cubemx_utils/microros_static_library_ide/libmicroros/ for rebuild.
 
arm-none-eabi-size  sensor_fusion.elf 
   text	   data	    bss	    dec	    hex	filename
 110992	   1988	  46184	 159164	  26dbc	sensor_fusion.elf
Finished building: default.size.stdout
 
16:05:59 **** Incremental Build of configuration Debug for project sensor_fusion ****
make -j16 all 
docker pull microros/micro_ros_static_library_builder:humble && docker run --rm -v /home/natthanicha/FRA502_ROS2/ROS_PROJECT_WS/firmware/sensor_fusion:/project --env MICROROS_LIBRARY_FOLDER=micro_ros_stm32cubemx_utils/microros_static_library_ide microros/micro_ros_static_library_builder:humble
humble: Pulling from microros/micro_ros_static_library_builder
Digest: sha256:e291f74890e81b31eb1d70731cb79b2d767dd585269325031effc72952b24b9d
Status: Image is up to date for microros/micro_ros_static_library_builder:humble
docker.io/microros/micro_ros_static_library_builder:humble
dos2unix: converting file /project/micro_ros_stm32cubemx_utils/microros_static_library_ide/library_generation/library_generation.sh to Unix format...
micro-ROS library found. Skipping...
Delete micro_ros_stm32cubemx_utils/microros_static_library_ide/libmicroros/ for rebuild.
 
arm-none-eabi-size  sensor_fusion.elf 
   text	   data	    bss	    dec	    hex	filename
 110992	   1988	  46184	 159164	  26dbc	sensor_fusion.elf
Finished building: default.size.stdout
 
16:06:53 **** Incremental Build of configuration Debug for project sensor_fusion ****
make -j16 all 
docker pull microros/micro_ros_static_library_builder:humble && docker run --rm -v /home/natthanicha/FRA502_ROS2/ROS_PROJECT_WS/firmware/sensor_fusion:/project --env MICROROS_LIBRARY_FOLDER=micro_ros_stm32cubemx_utils/microros_static_library_ide microros/micro_ros_static_library_builder:humble
humble: Pulling from microros/micro_ros_static_library_builder
Digest: sha256:e291f74890e81b31eb1d70731cb79b2d767dd585269325031effc72952b24b9d
Status: Image is up to date for microros/micro_ros_static_library_builder:humble
docker.io/microros/micro_ros_static_library_builder:humble
dos2unix: converting file /project/micro_ros_stm32cubemx_utils/microros_static_library_ide/library_generation/library_generation.sh to Unix format...
micro-ROS library found. Skipping...
Delete micro_ros_stm32cubemx_utils/microros_static_library_ide/libmicroros/ for rebuild.
 
arm-none-eabi-size  sensor_fusion.elf 
   text	   data	    bss	    dec	    hex	filename
 110992	   1988	  46184	 159164	  26dbc	sensor_fusion.elf
Finished building: default.size.stdout
 
00:37:29 **** Incremental Build of configuration Debug for project sensor_fusion ****
make -j16 all 
docker pull microros/micro_ros_static_library_builder:humble && docker run --rm -v /home/natthanicha/FRA502_ROS2/ROS_PROJECT_WS/firmware/sensor_fusion:/project --env MICROROS_LIBRARY_FOLDER=micro_ros_stm32cubemx_utils/microros_static_library_ide microros/micro_ros_static_library_builder:humble
humble: Pulling from microros/micro_ros_static_library_builder
Digest: sha256:e291f74890e81b31eb1d70731cb79b2d767dd585269325031effc72952b24b9d
Status: Image is up to date for microros/micro_ros_static_library_builder:humble
docker.io/microros/micro_ros_static_library_builder:humble
dos2unix: converting file /project/micro_ros_stm32cubemx_utils/microros_static_library_ide/library_generation/library_generation.sh to Unix format...
micro-ROS library found. Skipping...
Delete micro_ros_stm32cubemx_utils/microros_static_library_ide/libmicroros/ for rebuild.
 
arm-none-eabi-size  sensor_fusion.elf 
   text	   data	    bss	    dec	    hex	filename
 110992	   1988	  46184	 159164	  26dbc	sensor_fusion.elf
Finished building: default.size.stdout
 
00:39:34 **** Incremental Build of configuration Debug for project sensor_fusion ****
make -j16 all 
docker pull microros/micro_ros_static_library_builder:humble && docker run --rm -v /home/natthanicha/FRA502_ROS2/ROS_PROJECT_WS/firmware/sensor_fusion:/project --env MICROROS_LIBRARY_FOLDER=micro_ros_stm32cubemx_utils/microros_static_library_ide microros/micro_ros_static_library_builder:humble
humble: Pulling from microros/micro_ros_static_library_builder
Digest: sha256:e291f74890e81b31eb1d70731cb79b2d767dd585269325031effc72952b24b9d
Status: Image is up to date for microros/micro_ros_static_library_builder:humble
docker.io/microros/micro_ros_static_library_builder:humble
dos2unix: converting file /project/micro_ros_stm32cubemx_utils/microros_static_library_ide/library_generation/library_generation.sh to Unix format...
micro-ROS library found. Skipping...
Delete micro_ros_stm32cubemx_utils/microros_static_library_ide/libmicroros/ for rebuild.
 
arm-none-eabi-size  sensor_fusion.elf 
   text	   data	    bss	    dec	    hex	filename
 110992	   1988	  46184	 159164	  26dbc	sensor_fusion.elf
Finished building: default.size.stdout
 
00:42:53 **** Incremental Build of configuration Debug for project sensor_fusion ****
make -j16 all 
docker pull microros/micro_ros_static_library_builder:humble && docker run --rm -v /home/natthanicha/FRA502_ROS2/ROS_PROJECT_WS/firmware/sensor_fusion:/project --env MICROROS_LIBRARY_FOLDER=micro_ros_stm32cubemx_utils/microros_static_library_ide microros/micro_ros_static_library_builder:humble
humble: Pulling from microros/micro_ros_static_library_builder
Digest: sha256:e291f74890e81b31eb1d70731cb79b2d767dd585269325031effc72952b24b9d
Status: Image is up to date for microros/micro_ros_static_library_builder:humble
docker.io/microros/micro_ros_static_library_builder:humble
dos2unix: converting file /project/micro_ros_stm32cubemx_utils/microros_static_library_ide/library_generation/library_generation.sh to Unix format...
micro-ROS library found. Skipping...
Delete micro_ros_stm32cubemx_utils/microros_static_library_ide/libmicroros/ for rebuild.
 
arm-none-eabi-size  sensor_fusion.elf 
   text	   data	    bss	    dec	    hex	filename
 110992	   1988	  46184	 159164	  26dbc	sensor_fusion.elf
Finished building: default.size.stdout
 
14:03:07 **** Build of configuration Debug for project motor_ai_control ****
make -j16 all 
docker pull microros/micro_ros_static_library_builder:humble && docker run --rm -v /home/natthanicha/FRA502_ROS2/ROS_PROJECT_WS/firmware/motor_ai_control:/project --env MICROROS_LIBRARY_FOLDER=micro_ros_stm32cubemx_utils/microros_static_library_ide microros/micro_ros_static_library_builder:humble
humble: Pulling from microros/micro_ros_static_library_builder
Digest: sha256:e291f74890e81b31eb1d70731cb79b2d767dd585269325031effc72952b24b9d
Status: Image is up to date for microros/micro_ros_static_library_builder:humble
docker.io/microros/micro_ros_static_library_builder:humble
dos2unix: converting file /project/micro_ros_stm32cubemx_utils/microros_static_library_ide/library_generation/library_generation.sh to Unix format...
micro-ROS library found. Skipping...
Delete micro_ros_stm32cubemx_utils/microros_static_library_ide/libmicroros/ for rebuild.
 
arm-none-eabi-size  motor_ai_control.elf 
   text	   data	    bss	    dec	    hex	filename
 109756	    736	  46152	 156644	  263e4	motor_ai_control.elf
Finished building: default.size.stdout
 
14:06:50 **** Incremental Build of configuration Debug for project motor_ai_control ****
make -j16 all 
docker pull microros/micro_ros_static_library_builder:humble && docker run --rm -v /home/natthanicha/FRA502_ROS2/ROS_PROJECT_WS/firmware/motor_ai_control:/project --env MICROROS_LIBRARY_FOLDER=micro_ros_stm32cubemx_utils/microros_static_library_ide microros/micro_ros_static_library_builder:humble
humble: Pulling from microros/micro_ros_static_library_builder
Digest: sha256:e291f74890e81b31eb1d70731cb79b2d767dd585269325031effc72952b24b9d
Status: Image is up to date for microros/micro_ros_static_library_builder:humble
docker.io/microros/micro_ros_static_library_builder:humble
dos2unix: converting file /project/micro_ros_stm32cubemx_utils/microros_static_library_ide/library_generation/library_generation.sh to Unix format...
micro-ROS library found. Skipping...
Delete micro_ros_stm32cubemx_utils/microros_static_library_ide/libmicroros/ for rebuild.
 
arm-none-eabi-gcc "../Core/Src/main.c" -mcpu=cortex-m4 -std=gnu11 -g3 -DDEBUG -DUSE_HAL_DRIVER -DSTM32G474xx -c -I../Core/Inc -I../Drivers/STM32G4xx_HAL_Driver/Inc -I../micro_ros_stm32cubemx_utils/microros_static_library_ide/libmicroros/include -I../Drivers/STM32G4xx_HAL_Driver/Inc/Legacy -I../Drivers/CMSIS/Device/ST/STM32G4xx/Include -I../Drivers/CMSIS/Include -I../Middlewares/Third_Party/FreeRTOS/Source/include -I../Middlewares/Third_Party/FreeRTOS/Source/CMSIS_RTOS_V2 -I../Middlewares/Third_Party/FreeRTOS/Source/portable/GCC/ARM_CM4F -O0 -ffunction-sections -fdata-sections -Wall -fstack-usage -fcyclomatic-complexity -MMD -MP -MF"Core/Src/main.d" -MT"Core/Src/main.o" --specs=nano.specs -mfpu=fpv4-sp-d16 -mfloat-abi=hard -mthumb -o "Core/Src/main.o"
../Core/Src/main.c: In function 'MIT_Controller_Update':
../Core/Src/main.c:177:15: warning: unused variable 'R' [-Wunused-variable]
  177 |         float R = gain_sub_msg.data.data[4];
      |               ^
../Core/Src/main.c:176:15: warning: unused variable 'Ke' [-Wunused-variable]
  176 |         float Ke = gain_sub_msg.data.data[3];
      |               ^~
../Core/Src/main.c:174:15: warning: unused variable 'Kd' [-Wunused-variable]
  174 |         float Kd = gain_sub_msg.data.data[1];
      |               ^~
../Core/Src/main.c:173:15: warning: unused variable 'Kp' [-Wunused-variable]
  173 |         float Kp = gain_sub_msg.data.data[0];
      |               ^~
../Core/Src/main.c:170:15: warning: unused variable 'vel' [-Wunused-variable]
  170 |         float vel = QEIdata.QEIAngularVelocity;
      |               ^~~
../Core/Src/main.c:169:15: warning: unused variable 'pos' [-Wunused-variable]
  169 |         float pos = pos_rad_full;
      |               ^~~
../Core/Src/main.c:166:15: warning: unused variable 'torque_ref' [-Wunused-variable]
  166 |         float torque_ref = ref_sub_msg.data.data[2];
      |               ^~~~~~~~~~
../Core/Src/main.c:165:15: warning: unused variable 'vel_ref' [-Wunused-variable]
  165 |         float vel_ref = ref_sub_msg.data.data[1];
      |               ^~~~~~~
../Core/Src/main.c:164:15: warning: unused variable 'pos_ref' [-Wunused-variable]
  164 |         float pos_ref = ref_sub_msg.data.data[0];
      |               ^~~~~~~
../Core/Src/main.c: In function 'reference_subscription_callback':
../Core/Src/main.c:299:44: warning: unused variable 'ref_sub_msg' [-Wunused-variable]
  299 |   const std_msgs__msg__Float32MultiArray * ref_sub_msg = (const std_msgs__msg__Float32MultiArray *)msgin;
      |                                            ^~~~~~~~~~~
../Core/Src/main.c: In function 'gain_subscription_callback':
../Core/Src/main.c:307:44: warning: unused variable 'gain_sub_msg' [-Wunused-variable]
  307 |   const std_msgs__msg__Float32MultiArray * gain_sub_msg = (const std_msgs__msg__Float32MultiArray *)msgin;
      |                                            ^~~~~~~~~~~~
../Core/Src/main.c: In function 'rl_action_subscription_callback':
../Core/Src/main.c:315:44: warning: unused variable 'rl_action_msg' [-Wunused-variable]
  315 |   const std_msgs__msg__Float32MultiArray * rl_action_msg = (const std_msgs__msg__Float32MultiArray *)msgin;
      |                                            ^~~~~~~~~~~~~
../Core/Src/main.c: In function 'StartDefaultTask':
../Core/Src/main.c:441:13: warning: unused variable 'puku' [-Wunused-variable]
  441 |   rcl_ret_t puku = rclc_subscription_init_default(
      |             ^~~~
../Core/Src/main.c:432:13: warning: unused variable 'rl' [-Wunused-variable]
  432 |   rcl_ret_t rl = rclc_subscription_init_default(
      |             ^~
../Core/Src/main.c:399:13: warning: unused variable 'rc' [-Wunused-variable]
  399 |   rcl_ret_t rc = rclc_subscription_init_default(
      |             ^~
../Core/Src/main.c: At top level:
../Core/Src/main.c:98:26: warning: 'pwm_operated' defined but not used [-Wunused-const-variable=]
   98 |         static const int pwm_operated = PERIOD_CONST - MOTOR_INIT_PERIOD_CONST;
      |                          ^~~~~~~~~~~~
arm-none-eabi-gcc -o "motor_ai_control.elf" @"objects.list"  -lmicroros -mcpu=cortex-m4 -T"/home/natthanicha/FRA502_ROS2/ROS_PROJECT_WS/firmware/motor_ai_control/STM32G474RETX_FLASH.ld" --specs=nosys.specs -Wl,-Map="motor_ai_control.map" -Wl,--gc-sections -static -L../micro_ros_stm32cubemx_utils/microros_static_library_ide/libmicroros --specs=nano.specs -mfpu=fpv4-sp-d16 -mfloat-abi=hard -mthumb -Wl,--start-group -lc -lm -Wl,--end-group
/opt/st/stm32cubeide_1.19.0/plugins/com.st.stm32cube.ide.mcu.externaltools.gnu-tools-for-stm32.13.3.rel1.linux64_1.0.0.202410170706/tools/bin/../lib/gcc/arm-none-eabi/13.3.1/../../../../arm-none-eabi/bin/ld: /opt/st/stm32cubeide_1.19.0/plugins/com.st.stm32cube.ide.mcu.externaltools.gnu-tools-for-stm32.13.3.rel1.linux64_1.0.0.202410170706/tools/bin/../lib/gcc/arm-none-eabi/13.3.1/../../../../arm-none-eabi/lib/thumb/v7e-m+fp/hard/libc_nano.a(libc_a-gettimeofdayr.o): in function `_gettimeofday_r':
(.text._gettimeofday_r+0xe): warning: _gettimeofday is not implemented and will always fail
/opt/st/stm32cubeide_1.19.0/plugins/com.st.stm32cube.ide.mcu.externaltools.gnu-tools-for-stm32.13.3.rel1.linux64_1.0.0.202410170706/tools/bin/../lib/gcc/arm-none-eabi/13.3.1/../../../../arm-none-eabi/bin/ld: /opt/st/stm32cubeide_1.19.0/plugins/com.st.stm32cube.ide.mcu.externaltools.gnu-tools-for-stm32.13.3.rel1.linux64_1.0.0.202410170706/tools/bin/../lib/gcc/arm-none-eabi/13.3.1/../../../../arm-none-eabi/lib/thumb/v7e-m+fp/hard/libc_nano.a(libc_a-gettimeofdayr.o): note: the message above does not take linker garbage collection into account
Finished building target: motor_ai_control.elf
 
arm-none-eabi-size  motor_ai_control.elf 
arm-none-eabi-objdump -h -S motor_ai_control.elf  > "motor_ai_control.list"
   text	   data	    bss	    dec	    hex	filename
 109756	    736	  46152	 156644	  263e4	motor_ai_control.elf
Finished building: default.size.stdout
 
Finished building: motor_ai_control.list
 
17:58:26 **** Incremental Build of configuration Debug for project sensor_fusion ****
make -j16 all 
docker pull microros/micro_ros_static_library_builder:humble && docker run --rm -v /home/natthanicha/FRA502_ROS2/ROS_PROJECT_WS/firmware/sensor_fusion:/project --env MICROROS_LIBRARY_FOLDER=micro_ros_stm32cubemx_utils/microros_static_library_ide microros/micro_ros_static_library_builder:humble
humble: Pulling from microros/micro_ros_static_library_builder
Digest: sha256:e291f74890e81b31eb1d70731cb79b2d767dd585269325031effc72952b24b9d
Status: Image is up to date for microros/micro_ros_static_library_builder:humble
docker.io/microros/micro_ros_static_library_builder:humble
dos2unix: converting file /project/micro_ros_stm32cubemx_utils/microros_static_library_ide/library_generation/library_generation.sh to Unix format...
micro-ROS library found. Skipping...
Delete micro_ros_stm32cubemx_utils/microros_static_library_ide/libmicroros/ for rebuild.
 
arm-none-eabi-size  sensor_fusion.elf 
   text	   data	    bss	    dec	    hex	filename
 110992	   1988	  46184	 159164	  26dbc	sensor_fusion.elf
Finished building: default.size.stdout
 
00:46:46 **** Incremental Build of configuration Debug for project sensor_fusion ****
make -j16 all 
docker pull microros/micro_ros_static_library_builder:humble && docker run --rm -v /home/natthanicha/FRA502_ROS2/ROS_PROJECT_WS/firmware/sensor_fusion:/project --env MICROROS_LIBRARY_FOLDER=micro_ros_stm32cubemx_utils/microros_static_library_ide microros/micro_ros_static_library_builder:humble
humble: Pulling from microros/micro_ros_static_library_builder
Digest: sha256:e291f74890e81b31eb1d70731cb79b2d767dd585269325031effc72952b24b9d
Status: Image is up to date for microros/micro_ros_static_library_builder:humble
docker.io/microros/micro_ros_static_library_builder:humble
dos2unix: converting file /project/micro_ros_stm32cubemx_utils/microros_static_library_ide/library_generation/library_generation.sh to Unix format...
micro-ROS library found. Skipping...
Delete micro_ros_stm32cubemx_utils/microros_static_library_ide/libmicroros/ for rebuild.
 
arm-none-eabi-size  sensor_fusion.elf 
   text	   data	    bss	    dec	    hex	filename
 110992	   1988	  46184	 159164	  26dbc	sensor_fusion.elf
Finished building: default.size.stdout
 
01:30:39 **** Incremental Build of configuration Debug for project sensor_fusion ****
make -j16 all 
docker pull microros/micro_ros_static_library_builder:humble && docker run --rm -v /home/natthanicha/FRA502_ROS2/ROS_PROJECT_WS/firmware/sensor_fusion:/project --env MICROROS_LIBRARY_FOLDER=micro_ros_stm32cubemx_utils/microros_static_library_ide microros/micro_ros_static_library_builder:humble
humble: Pulling from microros/micro_ros_static_library_builder
Digest: sha256:e291f74890e81b31eb1d70731cb79b2d767dd585269325031effc72952b24b9d
Status: Image is up to date for microros/micro_ros_static_library_builder:humble
docker.io/microros/micro_ros_static_library_builder:humble
dos2unix: converting file /project/micro_ros_stm32cubemx_utils/microros_static_library_ide/library_generation/library_generation.sh to Unix format...
micro-ROS library found. Skipping...
Delete micro_ros_stm32cubemx_utils/microros_static_library_ide/libmicroros/ for rebuild.
 
arm-none-eabi-size  sensor_fusion.elf 
   text	   data	    bss	    dec	    hex	filename
 110992	   1988	  46184	 159164	  26dbc	sensor_fusion.elf
Finished building: default.size.stdout
 
06:00:52 **** Incremental Build of configuration Debug for project sensor_fusion ****
make -j16 all 
docker pull microros/micro_ros_static_library_builder:humble && docker run --rm -v /home/natthanicha/FRA502_ROS2/ROS_PROJECT_WS/firmware/sensor_fusion:/project --env MICROROS_LIBRARY_FOLDER=micro_ros_stm32cubemx_utils/microros_static_library_ide microros/micro_ros_static_library_builder:humble
humble: Pulling from microros/micro_ros_static_library_builder
Digest: sha256:e291f74890e81b31eb1d70731cb79b2d767dd585269325031effc72952b24b9d
Status: Image is up to date for microros/micro_ros_static_library_builder:humble
docker.io/microros/micro_ros_static_library_builder:humble
dos2unix: converting file /project/micro_ros_stm32cubemx_utils/microros_static_library_ide/library_generation/library_generation.sh to Unix format...
micro-ROS library found. Skipping...
Delete micro_ros_stm32cubemx_utils/microros_static_library_ide/libmicroros/ for rebuild.
 
arm-none-eabi-size  sensor_fusion.elf 
   text	   data	    bss	    dec	    hex	filename
 110992	   1988	  46184	 159164	  26dbc	sensor_fusion.elf
Finished building: default.size.stdout
 
00:40:21 **** Incremental Build of configuration Debug for project sensor_fusion ****
make -j16 all 
docker pull microros/micro_ros_static_library_builder:humble && docker run --rm -v /home/natthanicha/FRA502_ROS2/ROS_PROJECT_WS/firmware/sensor_fusion:/project --env MICROROS_LIBRARY_FOLDER=micro_ros_stm32cubemx_utils/microros_static_library_ide microros/micro_ros_static_library_builder:humble
humble: Pulling from microros/micro_ros_static_library_builder
Digest: sha256:e291f74890e81b31eb1d70731cb79b2d767dd585269325031effc72952b24b9d
Status: Image is up to date for microros/micro_ros_static_library_builder:humble
docker.io/microros/micro_ros_static_library_builder:humble
dos2unix: converting file /project/micro_ros_stm32cubemx_utils/microros_static_library_ide/library_generation/library_generation.sh to Unix format...
micro-ROS library found. Skipping...
Delete micro_ros_stm32cubemx_utils/microros_static_library_ide/libmicroros/ for rebuild.
 
arm-none-eabi-gcc "../Core/Src/main.c" -mcpu=cortex-m4 -std=gnu11 -g3 -DDEBUG -DUSE_HAL_DRIVER -DSTM32G474xx -c -I../Core/Inc -I../MPU6050/Src -I../Drivers/STM32G4xx_HAL_Driver/Inc -I../micro_ros_stm32cubemx_utils/microros_static_library_ide/libmicroros/include -I../Drivers/STM32G4xx_HAL_Driver/Inc/Legacy -I../Drivers/CMSIS/Device/ST/STM32G4xx/Include -I../Drivers/CMSIS/Include -I../Middlewares/Third_Party/FreeRTOS/Source/include -I../Middlewares/Third_Party/FreeRTOS/Source/CMSIS_RTOS_V2 -I../Middlewares/Third_Party/FreeRTOS/Source/portable/GCC/ARM_CM4F -O0 -ffunction-sections -fdata-sections -Wall -fstack-usage -fcyclomatic-complexity -MMD -MP -MF"Core/Src/main.d" -MT"Core/Src/main.o" --specs=nano.specs -mfpu=fpv4-sp-d16 -mfloat-abi=hard -mthumb -o "Core/Src/main.o"
arm-none-eabi-gcc -o "sensor_fusion.elf" @"objects.list"  -lmicroros -mcpu=cortex-m4 -T"/home/natthanicha/FRA502_ROS2/ROS_PROJECT_WS/firmware/sensor_fusion/STM32G474RETX_FLASH.ld" --specs=nosys.specs -Wl,-Map="sensor_fusion.map" -Wl,--gc-sections -static -L../micro_ros_stm32cubemx_utils/microros_static_library_ide/libmicroros --specs=nano.specs -mfpu=fpv4-sp-d16 -mfloat-abi=hard -mthumb -Wl,--start-group -lc -lm -Wl,--end-group
/opt/st/stm32cubeide_1.19.0/plugins/com.st.stm32cube.ide.mcu.externaltools.gnu-tools-for-stm32.13.3.rel1.linux64_1.0.0.202410170706/tools/bin/../lib/gcc/arm-none-eabi/13.3.1/../../../../arm-none-eabi/bin/ld: /opt/st/stm32cubeide_1.19.0/plugins/com.st.stm32cube.ide.mcu.externaltools.gnu-tools-for-stm32.13.3.rel1.linux64_1.0.0.202410170706/tools/bin/../lib/gcc/arm-none-eabi/13.3.1/../../../../arm-none-eabi/lib/thumb/v7e-m+fp/hard/libc_nano.a(libc_a-gettimeofdayr.o): in function `_gettimeofday_r':
(.text._gettimeofday_r+0xe): warning: _gettimeofday is not implemented and will always fail
/opt/st/stm32cubeide_1.19.0/plugins/com.st.stm32cube.ide.mcu.externaltools.gnu-tools-for-stm32.13.3.rel1.linux64_1.0.0.202410170706/tools/bin/../lib/gcc/arm-none-eabi/13.3.1/../../../../arm-none-eabi/bin/ld: /opt/st/stm32cubeide_1.19.0/plugins/com.st.stm32cube.ide.mcu.externaltools.gnu-tools-for-stm32.13.3.rel1.linux64_1.0.0.202410170706/tools/bin/../lib/gcc/arm-none-eabi/13.3.1/../../../../arm-none-eabi/lib/thumb/v7e-m+fp/hard/libc_nano.a(libc_a-gettimeofdayr.o): note: the message above does not take linker garbage collection into account
Finished building target: sensor_fusion.elf
 
arm-none-eabi-size  sensor_fusion.elf 
arm-none-eabi-objdump -h -S sensor_fusion.elf  > "sensor_fusion.list"
   text	   data	    bss	    dec	    hex	filename
 110992	   1988	  46184	 159164	  26dbc	sensor_fusion.elf
Finished building: default.size.stdout
 
Finished building: sensor_fusion.list
 
16:50:04 **** Build of configuration Debug for project motor_controller ****
make -j16 all 
docker pull microros/micro_ros_static_library_builder:humble && docker run --rm -v /home/natthanicha/FRA502_ROS2/ROS_PROJECT_WS/firmware/motor_controller:/project --env MICROROS_LIBRARY_FOLDER=micro_ros_stm32cubemx_utils/microros_static_library_ide microros/micro_ros_static_library_builder:humble
humble: Pulling from microros/micro_ros_static_library_builder
Digest: sha256:e291f74890e81b31eb1d70731cb79b2d767dd585269325031effc72952b24b9d
Status: Image is up to date for microros/micro_ros_static_library_builder:humble
docker.io/microros/micro_ros_static_library_builder:humble
dos2unix: converting file /project/micro_ros_stm32cubemx_utils/microros_static_library_ide/library_generation/library_generation.sh to Unix format...
micro-ROS library found. Skipping...
Delete micro_ros_stm32cubemx_utils/microros_static_library_ide/libmicroros/ for rebuild.
 
arm-none-eabi-gcc "../Core/Src/main.c" -mcpu=cortex-m4 -std=gnu11 -g3 -DDEBUG -DUSE_HAL_DRIVER -DSTM32G474xx -c -I../Core/Inc -I../micro_ros_stm32cubemx_utils/microros_static_library_ide/libmicroros/include -I../Drivers/STM32G4xx_HAL_Driver/Inc -I../Drivers/STM32G4xx_HAL_Driver/Inc/Legacy -I../Drivers/CMSIS/Device/ST/STM32G4xx/Include -I../Drivers/CMSIS/Include -I../Middlewares/Third_Party/FreeRTOS/Source/include -I../Middlewares/Third_Party/FreeRTOS/Source/CMSIS_RTOS_V2 -I../Middlewares/Third_Party/FreeRTOS/Source/portable/GCC/ARM_CM4F -O0 -ffunction-sections -fdata-sections -Wall -fstack-usage -fcyclomatic-complexity -MMD -MP -MF"Core/Src/main.d" -MT"Core/Src/main.o" --specs=nano.specs -mfpu=fpv4-sp-d16 -mfloat-abi=hard -mthumb -o "Core/Src/main.o"
../Core/Src/main.c: In function 'MIT_Controller_Update':
../Core/Src/main.c:183:15: warning: unused variable 'R' [-Wunused-variable]
  183 |         float R = gain_sub_msg.data.data[4];
      |               ^
../Core/Src/main.c:182:15: warning: unused variable 'Ke' [-Wunused-variable]
  182 |         float Ke = gain_sub_msg.data.data[3];
      |               ^~
../Core/Src/main.c:180:15: warning: unused variable 'Kd' [-Wunused-variable]
  180 |         float Kd = gain_sub_msg.data.data[1];
      |               ^~
../Core/Src/main.c:179:15: warning: unused variable 'Kp' [-Wunused-variable]
  179 |         float Kp = gain_sub_msg.data.data[0];
      |               ^~
../Core/Src/main.c:176:15: warning: unused variable 'vel' [-Wunused-variable]
  176 |         float vel = QEIdata.QEIAngularVelocity;
      |               ^~~
../Core/Src/main.c:175:15: warning: unused variable 'pos' [-Wunused-variable]
  175 |         float pos = pos_rad_full;
      |               ^~~
../Core/Src/main.c:167:15: warning: unused variable 'torque_ref' [-Wunused-variable]
  167 |         float torque_ref = ref_sub_msg.data.data[2];
      |               ^~~~~~~~~~
../Core/Src/main.c:166:15: warning: unused variable 'vel_ref' [-Wunused-variable]
  166 |         float vel_ref = ref_sub_msg.data.data[1];
      |               ^~~~~~~
../Core/Src/main.c:165:15: warning: unused variable 'pos_ref' [-Wunused-variable]
  165 |         float pos_ref = ref_sub_msg.data.data[0];
      |               ^~~~~~~
../Core/Src/main.c: In function 'reference_subscription_callback':
../Core/Src/main.c:344:44: warning: unused variable 'ref_sub_msg' [-Wunused-variable]
  344 |   const std_msgs__msg__Float32MultiArray * ref_sub_msg = (const std_msgs__msg__Float32MultiArray *)msgin;
      |                                            ^~~~~~~~~~~
../Core/Src/main.c: In function 'gain_subscription_callback':
../Core/Src/main.c:350:44: warning: unused variable 'gain_sub_msg' [-Wunused-variable]
  350 |   const std_msgs__msg__Float32MultiArray * gain_sub_msg = (const std_msgs__msg__Float32MultiArray *)msgin;
      |                                            ^~~~~~~~~~~~
../Core/Src/main.c: In function 'rl_action_subscription_callback':
../Core/Src/main.c:356:44: warning: unused variable 'rl_action_msg' [-Wunused-variable]
  356 |   const std_msgs__msg__Float32MultiArray * rl_action_msg = (const std_msgs__msg__Float32MultiArray *)msgin;
      |                                            ^~~~~~~~~~~~~
../Core/Src/main.c: In function 'StartDefaultTask':
../Core/Src/main.c:480:13: warning: unused variable 'puku' [-Wunused-variable]
  480 |   rcl_ret_t puku = rclc_subscription_init_default(
      |             ^~~~
../Core/Src/main.c:471:13: warning: unused variable 'rl' [-Wunused-variable]
  471 |   rcl_ret_t rl = rclc_subscription_init_default(
      |             ^~
../Core/Src/main.c:438:13: warning: unused variable 'rc' [-Wunused-variable]
  438 |   rcl_ret_t rc = rclc_subscription_init_default(
      |             ^~
../Core/Src/main.c: At top level:
../Core/Src/main.c:98:26: warning: 'pwm_operated' defined but not used [-Wunused-const-variable=]
   98 |         static const int pwm_operated = PERIOD_CONST - MOTOR_INIT_PERIOD_CONST;
      |                          ^~~~~~~~~~~~
arm-none-eabi-gcc -o "motor_controller.elf" @"objects.list"  -lmicroros -mcpu=cortex-m4 -T"/home/natthanicha/FRA502_ROS2/ROS_PROJECT_WS/firmware/motor_controller/STM32G474RETX_FLASH.ld" --specs=nosys.specs -Wl,-Map="motor_controller.map" -Wl,--gc-sections -static -L../micro_ros_stm32cubemx_utils/microros_static_library_ide/libmicroros --specs=nano.specs -mfpu=fpv4-sp-d16 -mfloat-abi=hard -mthumb -Wl,--start-group -lc -lm -Wl,--end-group
/opt/st/stm32cubeide_1.19.0/plugins/com.st.stm32cube.ide.mcu.externaltools.gnu-tools-for-stm32.13.3.rel1.linux64_1.0.0.202410170706/tools/bin/../lib/gcc/arm-none-eabi/13.3.1/../../../../arm-none-eabi/bin/ld: /opt/st/stm32cubeide_1.19.0/plugins/com.st.stm32cube.ide.mcu.externaltools.gnu-tools-for-stm32.13.3.rel1.linux64_1.0.0.202410170706/tools/bin/../lib/gcc/arm-none-eabi/13.3.1/../../../../arm-none-eabi/lib/thumb/v7e-m+fp/hard/libc_nano.a(libc_a-gettimeofdayr.o): in function `_gettimeofday_r':
(.text._gettimeofday_r+0xe): warning: _gettimeofday is not implemented and will always fail
/opt/st/stm32cubeide_1.19.0/plugins/com.st.stm32cube.ide.mcu.externaltools.gnu-tools-for-stm32.13.3.rel1.linux64_1.0.0.202410170706/tools/bin/../lib/gcc/arm-none-eabi/13.3.1/../../../../arm-none-eabi/bin/ld: /opt/st/stm32cubeide_1.19.0/plugins/com.st.stm32cube.ide.mcu.externaltools.gnu-tools-for-stm32.13.3.rel1.linux64_1.0.0.202410170706/tools/bin/../lib/gcc/arm-none-eabi/13.3.1/../../../../arm-none-eabi/lib/thumb/v7e-m+fp/hard/libc_nano.a(libc_a-gettimeofdayr.o): note: the message above does not take linker garbage collection into account
Finished building target: motor_controller.elf
 
arm-none-eabi-size  motor_controller.elf 
arm-none-eabi-objdump -h -S motor_controller.elf  > "motor_controller.list"
   text	   data	    bss	    dec	    hex	filename
 109084	    736	  46152	 155972	  26144	motor_controller.elf
Finished building: default.size.stdout
 
Finished building: motor_controller.list
 
16:51:09 **** Incremental Build of configuration Debug for project motor_controller ****
make -j16 all 
docker pull microros/micro_ros_static_library_builder:humble && docker run --rm -v /home/natthanicha/FRA502_ROS2/ROS_PROJECT_WS/firmware/motor_controller:/project --env MICROROS_LIBRARY_FOLDER=micro_ros_stm32cubemx_utils/microros_static_library_ide microros/micro_ros_static_library_builder:humble
humble: Pulling from microros/micro_ros_static_library_builder
Digest: sha256:e291f74890e81b31eb1d70731cb79b2d767dd585269325031effc72952b24b9d
Status: Image is up to date for microros/micro_ros_static_library_builder:humble
docker.io/microros/micro_ros_static_library_builder:humble
dos2unix: converting file /project/micro_ros_stm32cubemx_utils/microros_static_library_ide/library_generation/library_generation.sh to Unix format...
micro-ROS library found. Skipping...
Delete micro_ros_stm32cubemx_utils/microros_static_library_ide/libmicroros/ for rebuild.
 
arm-none-eabi-size  motor_controller.elf 
   text	   data	    bss	    dec	    hex	filename
 109084	    736	  46152	 155972	  26144	motor_controller.elf
Finished building: default.size.stdout
 
16:53:32 **** Incremental Build of configuration Debug for project motor_controller ****
make -j16 all 
docker pull microros/micro_ros_static_library_builder:humble && docker run --rm -v /home/natthanicha/FRA502_ROS2/ROS_PROJECT_WS/firmware/motor_controller:/project --env MICROROS_LIBRARY_FOLDER=micro_ros_stm32cubemx_utils/microros_static_library_ide microros/micro_ros_static_library_builder:humble
humble: Pulling from microros/micro_ros_static_library_builder
Digest: sha256:e291f74890e81b31eb1d70731cb79b2d767dd585269325031effc72952b24b9d
Status: Image is up to date for microros/micro_ros_static_library_builder:humble
docker.io/microros/micro_ros_static_library_builder:humble
dos2unix: converting file /project/micro_ros_stm32cubemx_utils/microros_static_library_ide/library_generation/library_generation.sh to Unix format...
micro-ROS library found. Skipping...
Delete micro_ros_stm32cubemx_utils/microros_static_library_ide/libmicroros/ for rebuild.
 
arm-none-eabi-gcc "../Core/Src/main.c" -mcpu=cortex-m4 -std=gnu11 -g3 -DDEBUG -DUSE_HAL_DRIVER -DSTM32G474xx -c -I../Core/Inc -I../micro_ros_stm32cubemx_utils/microros_static_library_ide/libmicroros/include -I../Drivers/STM32G4xx_HAL_Driver/Inc -I../Drivers/STM32G4xx_HAL_Driver/Inc/Legacy -I../Drivers/CMSIS/Device/ST/STM32G4xx/Include -I../Drivers/CMSIS/Include -I../Middlewares/Third_Party/FreeRTOS/Source/include -I../Middlewares/Third_Party/FreeRTOS/Source/CMSIS_RTOS_V2 -I../Middlewares/Third_Party/FreeRTOS/Source/portable/GCC/ARM_CM4F -O0 -ffunction-sections -fdata-sections -Wall -fstack-usage -fcyclomatic-complexity -MMD -MP -MF"Core/Src/main.d" -MT"Core/Src/main.o" --specs=nano.specs -mfpu=fpv4-sp-d16 -mfloat-abi=hard -mthumb -o "Core/Src/main.o"
../Core/Src/main.c: In function 'MIT_Controller_Update':
../Core/Src/main.c:183:15: warning: unused variable 'R' [-Wunused-variable]
  183 |         float R = gain_sub_msg.data.data[4];
      |               ^
../Core/Src/main.c:182:15: warning: unused variable 'Ke' [-Wunused-variable]
  182 |         float Ke = gain_sub_msg.data.data[3];
      |               ^~
../Core/Src/main.c:180:15: warning: unused variable 'Kd' [-Wunused-variable]
  180 |         float Kd = gain_sub_msg.data.data[1];
      |               ^~
../Core/Src/main.c:179:15: warning: unused variable 'Kp' [-Wunused-variable]
  179 |         float Kp = gain_sub_msg.data.data[0];
      |               ^~
../Core/Src/main.c:176:15: warning: unused variable 'vel' [-Wunused-variable]
  176 |         float vel = QEIdata.QEIAngularVelocity;
      |               ^~~
../Core/Src/main.c:175:15: warning: unused variable 'pos' [-Wunused-variable]
  175 |         float pos = pos_rad_full;
      |               ^~~
../Core/Src/main.c:167:15: warning: unused variable 'torque_ref' [-Wunused-variable]
  167 |         float torque_ref = ref_sub_msg.data.data[2];
      |               ^~~~~~~~~~
../Core/Src/main.c:166:15: warning: unused variable 'vel_ref' [-Wunused-variable]
  166 |         float vel_ref = ref_sub_msg.data.data[1];
      |               ^~~~~~~
../Core/Src/main.c:165:15: warning: unused variable 'pos_ref' [-Wunused-variable]
  165 |         float pos_ref = ref_sub_msg.data.data[0];
      |               ^~~~~~~
../Core/Src/main.c: In function 'reference_subscription_callback':
../Core/Src/main.c:344:44: warning: unused variable 'ref_sub_msg' [-Wunused-variable]
  344 |   const std_msgs__msg__Float32MultiArray * ref_sub_msg = (const std_msgs__msg__Float32MultiArray *)msgin;
      |                                            ^~~~~~~~~~~
../Core/Src/main.c: In function 'gain_subscription_callback':
../Core/Src/main.c:350:44: warning: unused variable 'gain_sub_msg' [-Wunused-variable]
  350 |   const std_msgs__msg__Float32MultiArray * gain_sub_msg = (const std_msgs__msg__Float32MultiArray *)msgin;
      |                                            ^~~~~~~~~~~~
../Core/Src/main.c: In function 'rl_action_subscription_callback':
../Core/Src/main.c:356:44: warning: unused variable 'rl_action_msg' [-Wunused-variable]
  356 |   const std_msgs__msg__Float32MultiArray * rl_action_msg = (const std_msgs__msg__Float32MultiArray *)msgin;
      |                                            ^~~~~~~~~~~~~
../Core/Src/main.c: In function 'StartDefaultTask':
../Core/Src/main.c:480:13: warning: unused variable 'puku' [-Wunused-variable]
  480 |   rcl_ret_t puku = rclc_subscription_init_default(
      |             ^~~~
../Core/Src/main.c:471:13: warning: unused variable 'rl' [-Wunused-variable]
  471 |   rcl_ret_t rl = rclc_subscription_init_default(
      |             ^~
../Core/Src/main.c:438:13: warning: unused variable 'rc' [-Wunused-variable]
  438 |   rcl_ret_t rc = rclc_subscription_init_default(
      |             ^~
../Core/Src/main.c: At top level:
../Core/Src/main.c:98:26: warning: 'pwm_operated' defined but not used [-Wunused-const-variable=]
   98 |         static const int pwm_operated = PERIOD_CONST - MOTOR_INIT_PERIOD_CONST;
      |                          ^~~~~~~~~~~~
arm-none-eabi-gcc -o "motor_controller.elf" @"objects.list"  -lmicroros -mcpu=cortex-m4 -T"/home/natthanicha/FRA502_ROS2/ROS_PROJECT_WS/firmware/motor_controller/STM32G474RETX_FLASH.ld" --specs=nosys.specs -Wl,-Map="motor_controller.map" -Wl,--gc-sections -static -L../micro_ros_stm32cubemx_utils/microros_static_library_ide/libmicroros --specs=nano.specs -mfpu=fpv4-sp-d16 -mfloat-abi=hard -mthumb -Wl,--start-group -lc -lm -Wl,--end-group
/opt/st/stm32cubeide_1.19.0/plugins/com.st.stm32cube.ide.mcu.externaltools.gnu-tools-for-stm32.13.3.rel1.linux64_1.0.0.202410170706/tools/bin/../lib/gcc/arm-none-eabi/13.3.1/../../../../arm-none-eabi/bin/ld: /opt/st/stm32cubeide_1.19.0/plugins/com.st.stm32cube.ide.mcu.externaltools.gnu-tools-for-stm32.13.3.rel1.linux64_1.0.0.202410170706/tools/bin/../lib/gcc/arm-none-eabi/13.3.1/../../../../arm-none-eabi/lib/thumb/v7e-m+fp/hard/libc_nano.a(libc_a-gettimeofdayr.o): in function `_gettimeofday_r':
(.text._gettimeofday_r+0xe): warning: _gettimeofday is not implemented and will always fail
/opt/st/stm32cubeide_1.19.0/plugins/com.st.stm32cube.ide.mcu.externaltools.gnu-tools-for-stm32.13.3.rel1.linux64_1.0.0.202410170706/tools/bin/../lib/gcc/arm-none-eabi/13.3.1/../../../../arm-none-eabi/bin/ld: /opt/st/stm32cubeide_1.19.0/plugins/com.st.stm32cube.ide.mcu.externaltools.gnu-tools-for-stm32.13.3.rel1.linux64_1.0.0.202410170706/tools/bin/../lib/gcc/arm-none-eabi/13.3.1/../../../../arm-none-eabi/lib/thumb/v7e-m+fp/hard/libc_nano.a(libc_a-gettimeofdayr.o): note: the message above does not take linker garbage collection into account
Finished building target: motor_controller.elf
 
arm-none-eabi-size  motor_controller.elf 
arm-none-eabi-objdump -h -S motor_controller.elf  > "motor_controller.list"
   text	   data	    bss	    dec	    hex	filename
 109068	    736	  46152	 155956	  26134	motor_controller.elf
Finished building: default.size.stdout
 
Finished building: motor_controller.list
 
16:54:00 **** Incremental Build of configuration Debug for project motor_controller ****
make -j16 all 
docker pull microros/micro_ros_static_library_builder:humble && docker run --rm -v /home/natthanicha/FRA502_ROS2/ROS_PROJECT_WS/firmware/motor_controller:/project --env MICROROS_LIBRARY_FOLDER=micro_ros_stm32cubemx_utils/microros_static_library_ide microros/micro_ros_static_library_builder:humble
humble: Pulling from microros/micro_ros_static_library_builder
Digest: sha256:e291f74890e81b31eb1d70731cb79b2d767dd585269325031effc72952b24b9d
Status: Image is up to date for microros/micro_ros_static_library_builder:humble
docker.io/microros/micro_ros_static_library_builder:humble
dos2unix: converting file /project/micro_ros_stm32cubemx_utils/microros_static_library_ide/library_generation/library_generation.sh to Unix format...
micro-ROS library found. Skipping...
Delete micro_ros_stm32cubemx_utils/microros_static_library_ide/libmicroros/ for rebuild.
 
arm-none-eabi-size  motor_controller.elf 
   text	   data	    bss	    dec	    hex	filename
 109068	    736	  46152	 155956	  26134	motor_controller.elf
Finished building: default.size.stdout
 
16:54:21 **** Incremental Build of configuration Debug for project motor_controller ****
make -j16 all 
docker pull microros/micro_ros_static_library_builder:humble && docker run --rm -v /home/natthanicha/FRA502_ROS2/ROS_PROJECT_WS/firmware/motor_controller:/project --env MICROROS_LIBRARY_FOLDER=micro_ros_stm32cubemx_utils/microros_static_library_ide microros/micro_ros_static_library_builder:humble
humble: Pulling from microros/micro_ros_static_library_builder
Digest: sha256:e291f74890e81b31eb1d70731cb79b2d767dd585269325031effc72952b24b9d
Status: Image is up to date for microros/micro_ros_static_library_builder:humble
docker.io/microros/micro_ros_static_library_builder:humble
dos2unix: converting file /project/micro_ros_stm32cubemx_utils/microros_static_library_ide/library_generation/library_generation.sh to Unix format...
micro-ROS library found. Skipping...
Delete micro_ros_stm32cubemx_utils/microros_static_library_ide/libmicroros/ for rebuild.
 
arm-none-eabi-size  motor_controller.elf 
   text	   data	    bss	    dec	    hex	filename
 109068	    736	  46152	 155956	  26134	motor_controller.elf
Finished building: default.size.stdout
 
16:54:46 **** Incremental Build of configuration Debug for project motor_controller ****
make -j16 all 
docker pull microros/micro_ros_static_library_builder:humble && docker run --rm -v /home/natthanicha/FRA502_ROS2/ROS_PROJECT_WS/firmware/motor_controller:/project --env MICROROS_LIBRARY_FOLDER=micro_ros_stm32cubemx_utils/microros_static_library_ide microros/micro_ros_static_library_builder:humble
humble: Pulling from microros/micro_ros_static_library_builder
Digest: sha256:e291f74890e81b31eb1d70731cb79b2d767dd585269325031effc72952b24b9d
Status: Image is up to date for microros/micro_ros_static_library_builder:humble
docker.io/microros/micro_ros_static_library_builder:humble
dos2unix: converting file /project/micro_ros_stm32cubemx_utils/microros_static_library_ide/library_generation/library_generation.sh to Unix format...
micro-ROS library found. Skipping...
Delete micro_ros_stm32cubemx_utils/microros_static_library_ide/libmicroros/ for rebuild.
 
arm-none-eabi-size  motor_controller.elf 
   text	   data	    bss	    dec	    hex	filename
 109068	    736	  46152	 155956	  26134	motor_controller.elf
Finished building: default.size.stdout
 
16:55:07 **** Incremental Build of configuration Debug for project motor_controller ****
make -j16 all 
docker pull microros/micro_ros_static_library_builder:humble && docker run --rm -v /home/natthanicha/FRA502_ROS2/ROS_PROJECT_WS/firmware/motor_controller:/project --env MICROROS_LIBRARY_FOLDER=micro_ros_stm32cubemx_utils/microros_static_library_ide microros/micro_ros_static_library_builder:humble
humble: Pulling from microros/micro_ros_static_library_builder
Digest: sha256:e291f74890e81b31eb1d70731cb79b2d767dd585269325031effc72952b24b9d
Status: Image is up to date for microros/micro_ros_static_library_builder:humble
docker.io/microros/micro_ros_static_library_builder:humble
dos2unix: converting file /project/micro_ros_stm32cubemx_utils/microros_static_library_ide/library_generation/library_generation.sh to Unix format...
micro-ROS library found. Skipping...
Delete micro_ros_stm32cubemx_utils/microros_static_library_ide/libmicroros/ for rebuild.
 
arm-none-eabi-size  motor_controller.elf 
   text	   data	    bss	    dec	    hex	filename
 109068	    736	  46152	 155956	  26134	motor_controller.elf
Finished building: default.size.stdout
 
16:56:39 **** Incremental Build of configuration Debug for project motor_controller ****
make -j16 all 
docker pull microros/micro_ros_static_library_builder:humble && docker run --rm -v /home/natthanicha/FRA502_ROS2/ROS_PROJECT_WS/firmware/motor_controller:/project --env MICROROS_LIBRARY_FOLDER=micro_ros_stm32cubemx_utils/microros_static_library_ide microros/micro_ros_static_library_builder:humble
humble: Pulling from microros/micro_ros_static_library_builder
Digest: sha256:e291f74890e81b31eb1d70731cb79b2d767dd585269325031effc72952b24b9d
Status: Image is up to date for microros/micro_ros_static_library_builder:humble
docker.io/microros/micro_ros_static_library_builder:humble
dos2unix: converting file /project/micro_ros_stm32cubemx_utils/microros_static_library_ide/library_generation/library_generation.sh to Unix format...
micro-ROS library found. Skipping...
Delete micro_ros_stm32cubemx_utils/microros_static_library_ide/libmicroros/ for rebuild.
 
arm-none-eabi-size  motor_controller.elf 
   text	   data	    bss	    dec	    hex	filename
 109068	    736	  46152	 155956	  26134	motor_controller.elf
Finished building: default.size.stdout
 
16:57:05 **** Incremental Build of configuration Debug for project motor_controller ****
make -j16 all 
docker pull microros/micro_ros_static_library_builder:humble && docker run --rm -v /home/natthanicha/FRA502_ROS2/ROS_PROJECT_WS/firmware/motor_controller:/project --env MICROROS_LIBRARY_FOLDER=micro_ros_stm32cubemx_utils/microros_static_library_ide microros/micro_ros_static_library_builder:humble
humble: Pulling from microros/micro_ros_static_library_builder
Digest: sha256:e291f74890e81b31eb1d70731cb79b2d767dd585269325031effc72952b24b9d
Status: Image is up to date for microros/micro_ros_static_library_builder:humble
docker.io/microros/micro_ros_static_library_builder:humble
dos2unix: converting file /project/micro_ros_stm32cubemx_utils/microros_static_library_ide/library_generation/library_generation.sh to Unix format...
micro-ROS library found. Skipping...
Delete micro_ros_stm32cubemx_utils/microros_static_library_ide/libmicroros/ for rebuild.
 
arm-none-eabi-gcc "../Middlewares/Third_Party/FreeRTOS/Source/portable/MemMang/heap_4.c" -mcpu=cortex-m4 -std=gnu11 -g3 -DDEBUG -DUSE_HAL_DRIVER -DSTM32G474xx -c -I../Core/Inc -I../micro_ros_stm32cubemx_utils/microros_static_library_ide/libmicroros/include -I../Drivers/STM32G4xx_HAL_Driver/Inc -I../Drivers/STM32G4xx_HAL_Driver/Inc/Legacy -I../Drivers/CMSIS/Device/ST/STM32G4xx/Include -I../Drivers/CMSIS/Include -I../Middlewares/Third_Party/FreeRTOS/Source/include -I../Middlewares/Third_Party/FreeRTOS/Source/CMSIS_RTOS_V2 -I../Middlewares/Third_Party/FreeRTOS/Source/portable/GCC/ARM_CM4F -O0 -ffunction-sections -fdata-sections -Wall -fstack-usage -fcyclomatic-complexity -MMD -MP -MF"Middlewares/Third_Party/FreeRTOS/Source/portable/MemMang/heap_4.d" -MT"Middlewares/Third_Party/FreeRTOS/Source/portable/MemMang/heap_4.o" --specs=nano.specs -mfpu=fpv4-sp-d16 -mfloat-abi=hard -mthumb -o "Middlewares/Third_Party/FreeRTOS/Source/portable/MemMang/heap_4.o"
arm-none-eabi-gcc "../Middlewares/Third_Party/FreeRTOS/Source/portable/GCC/ARM_CM4F/port.c" -mcpu=cortex-m4 -std=gnu11 -g3 -DDEBUG -DUSE_HAL_DRIVER -DSTM32G474xx -c -I../Core/Inc -I../micro_ros_stm32cubemx_utils/microros_static_library_ide/libmicroros/include -I../Drivers/STM32G4xx_HAL_Driver/Inc -I../Drivers/STM32G4xx_HAL_Driver/Inc/Legacy -I../Drivers/CMSIS/Device/ST/STM32G4xx/Include -I../Drivers/CMSIS/Include -I../Middlewares/Third_Party/FreeRTOS/Source/include -I../Middlewares/Third_Party/FreeRTOS/Source/CMSIS_RTOS_V2 -I../Middlewares/Third_Party/FreeRTOS/Source/portable/GCC/ARM_CM4F -O0 -ffunction-sections -fdata-sections -Wall -fstack-usage -fcyclomatic-complexity -MMD -MP -MF"Middlewares/Third_Party/FreeRTOS/Source/portable/GCC/ARM_CM4F/port.d" -MT"Middlewares/Third_Party/FreeRTOS/Source/portable/GCC/ARM_CM4F/port.o" --specs=nano.specs -mfpu=fpv4-sp-d16 -mfloat-abi=hard -mthumb -o "Middlewares/Third_Party/FreeRTOS/Source/portable/GCC/ARM_CM4F/port.o"
arm-none-eabi-gcc "../Middlewares/Third_Party/FreeRTOS/Source/CMSIS_RTOS_V2/cmsis_os2.c" -mcpu=cortex-m4 -std=gnu11 -g3 -DDEBUG -DUSE_HAL_DRIVER -DSTM32G474xx -c -I../Core/Inc -I../micro_ros_stm32cubemx_utils/microros_static_library_ide/libmicroros/include -I../Drivers/STM32G4xx_HAL_Driver/Inc -I../Drivers/STM32G4xx_HAL_Driver/Inc/Legacy -I../Drivers/CMSIS/Device/ST/STM32G4xx/Include -I../Drivers/CMSIS/Include -I../Middlewares/Third_Party/FreeRTOS/Source/include -I../Middlewares/Third_Party/FreeRTOS/Source/CMSIS_RTOS_V2 -I../Middlewares/Third_Party/FreeRTOS/Source/portable/GCC/ARM_CM4F -O0 -ffunction-sections -fdata-sections -Wall -fstack-usage -fcyclomatic-complexity -MMD -MP -MF"Middlewares/Third_Party/FreeRTOS/Source/CMSIS_RTOS_V2/cmsis_os2.d" -MT"Middlewares/Third_Party/FreeRTOS/Source/CMSIS_RTOS_V2/cmsis_os2.o" --specs=nano.specs -mfpu=fpv4-sp-d16 -mfloat-abi=hard -mthumb -o "Middlewares/Third_Party/FreeRTOS/Source/CMSIS_RTOS_V2/cmsis_os2.o"
arm-none-eabi-gcc "../Middlewares/Third_Party/FreeRTOS/Source/croutine.c" -mcpu=cortex-m4 -std=gnu11 -g3 -DDEBUG -DUSE_HAL_DRIVER -DSTM32G474xx -c -I../Core/Inc -I../micro_ros_stm32cubemx_utils/microros_static_library_ide/libmicroros/include -I../Drivers/STM32G4xx_HAL_Driver/Inc -I../Drivers/STM32G4xx_HAL_Driver/Inc/Legacy -I../Drivers/CMSIS/Device/ST/STM32G4xx/Include -I../Drivers/CMSIS/Include -I../Middlewares/Third_Party/FreeRTOS/Source/include -I../Middlewares/Third_Party/FreeRTOS/Source/CMSIS_RTOS_V2 -I../Middlewares/Third_Party/FreeRTOS/Source/portable/GCC/ARM_CM4F -O0 -ffunction-sections -fdata-sections -Wall -fstack-usage -fcyclomatic-complexity -MMD -MP -MF"Middlewares/Third_Party/FreeRTOS/Source/croutine.d" -MT"Middlewares/Third_Party/FreeRTOS/Source/croutine.o" --specs=nano.specs -mfpu=fpv4-sp-d16 -mfloat-abi=hard -mthumb -o "Middlewares/Third_Party/FreeRTOS/Source/croutine.o"
arm-none-eabi-gcc "../Middlewares/Third_Party/FreeRTOS/Source/event_groups.c" -mcpu=cortex-m4 -std=gnu11 -g3 -DDEBUG -DUSE_HAL_DRIVER -DSTM32G474xx -c -I../Core/Inc -I../micro_ros_stm32cubemx_utils/microros_static_library_ide/libmicroros/include -I../Drivers/STM32G4xx_HAL_Driver/Inc -I../Drivers/STM32G4xx_HAL_Driver/Inc/Legacy -I../Drivers/CMSIS/Device/ST/STM32G4xx/Include -I../Drivers/CMSIS/Include -I../Middlewares/Third_Party/FreeRTOS/Source/include -I../Middlewares/Third_Party/FreeRTOS/Source/CMSIS_RTOS_V2 -I../Middlewares/Third_Party/FreeRTOS/Source/portable/GCC/ARM_CM4F -O0 -ffunction-sections -fdata-sections -Wall -fstack-usage -fcyclomatic-complexity -MMD -MP -MF"Middlewares/Third_Party/FreeRTOS/Source/event_groups.d" -MT"Middlewares/Third_Party/FreeRTOS/Source/event_groups.o" --specs=nano.specs -mfpu=fpv4-sp-d16 -mfloat-abi=hard -mthumb -o "Middlewares/Third_Party/FreeRTOS/Source/event_groups.o"
arm-none-eabi-gcc "../Middlewares/Third_Party/FreeRTOS/Source/list.c" -mcpu=cortex-m4 -std=gnu11 -g3 -DDEBUG -DUSE_HAL_DRIVER -DSTM32G474xx -c -I../Core/Inc -I../micro_ros_stm32cubemx_utils/microros_static_library_ide/libmicroros/include -I../Drivers/STM32G4xx_HAL_Driver/Inc -I../Drivers/STM32G4xx_HAL_Driver/Inc/Legacy -I../Drivers/CMSIS/Device/ST/STM32G4xx/Include -I../Drivers/CMSIS/Include -I../Middlewares/Third_Party/FreeRTOS/Source/include -I../Middlewares/Third_Party/FreeRTOS/Source/CMSIS_RTOS_V2 -I../Middlewares/Third_Party/FreeRTOS/Source/portable/GCC/ARM_CM4F -O0 -ffunction-sections -fdata-sections -Wall -fstack-usage -fcyclomatic-complexity -MMD -MP -MF"Middlewares/Third_Party/FreeRTOS/Source/list.d" -MT"Middlewares/Third_Party/FreeRTOS/Source/list.o" --specs=nano.specs -mfpu=fpv4-sp-d16 -mfloat-abi=hard -mthumb -o "Middlewares/Third_Party/FreeRTOS/Source/list.o"
arm-none-eabi-gcc "../Middlewares/Third_Party/FreeRTOS/Source/queue.c" -mcpu=cortex-m4 -std=gnu11 -g3 -DDEBUG -DUSE_HAL_DRIVER -DSTM32G474xx -c -I../Core/Inc -I../micro_ros_stm32cubemx_utils/microros_static_library_ide/libmicroros/include -I../Drivers/STM32G4xx_HAL_Driver/Inc -I../Drivers/STM32G4xx_HAL_Driver/Inc/Legacy -I../Drivers/CMSIS/Device/ST/STM32G4xx/Include -I../Drivers/CMSIS/Include -I../Middlewares/Third_Party/FreeRTOS/Source/include -I../Middlewares/Third_Party/FreeRTOS/Source/CMSIS_RTOS_V2 -I../Middlewares/Third_Party/FreeRTOS/Source/portable/GCC/ARM_CM4F -O0 -ffunction-sections -fdata-sections -Wall -fstack-usage -fcyclomatic-complexity -MMD -MP -MF"Middlewares/Third_Party/FreeRTOS/Source/queue.d" -MT"Middlewares/Third_Party/FreeRTOS/Source/queue.o" --specs=nano.specs -mfpu=fpv4-sp-d16 -mfloat-abi=hard -mthumb -o "Middlewares/Third_Party/FreeRTOS/Source/queue.o"
arm-none-eabi-gcc "../Middlewares/Third_Party/FreeRTOS/Source/stream_buffer.c" -mcpu=cortex-m4 -std=gnu11 -g3 -DDEBUG -DUSE_HAL_DRIVER -DSTM32G474xx -c -I../Core/Inc -I../micro_ros_stm32cubemx_utils/microros_static_library_ide/libmicroros/include -I../Drivers/STM32G4xx_HAL_Driver/Inc -I../Drivers/STM32G4xx_HAL_Driver/Inc/Legacy -I../Drivers/CMSIS/Device/ST/STM32G4xx/Include -I../Drivers/CMSIS/Include -I../Middlewares/Third_Party/FreeRTOS/Source/include -I../Middlewares/Third_Party/FreeRTOS/Source/CMSIS_RTOS_V2 -I../Middlewares/Third_Party/FreeRTOS/Source/portable/GCC/ARM_CM4F -O0 -ffunction-sections -fdata-sections -Wall -fstack-usage -fcyclomatic-complexity -MMD -MP -MF"Middlewares/Third_Party/FreeRTOS/Source/stream_buffer.d" -MT"Middlewares/Third_Party/FreeRTOS/Source/stream_buffer.o" --specs=nano.specs -mfpu=fpv4-sp-d16 -mfloat-abi=hard -mthumb -o "Middlewares/Third_Party/FreeRTOS/Source/stream_buffer.o"
arm-none-eabi-gcc "../Middlewares/Third_Party/FreeRTOS/Source/tasks.c" -mcpu=cortex-m4 -std=gnu11 -g3 -DDEBUG -DUSE_HAL_DRIVER -DSTM32G474xx -c -I../Core/Inc -I../micro_ros_stm32cubemx_utils/microros_static_library_ide/libmicroros/include -I../Drivers/STM32G4xx_HAL_Driver/Inc -I../Drivers/STM32G4xx_HAL_Driver/Inc/Legacy -I../Drivers/CMSIS/Device/ST/STM32G4xx/Include -I../Drivers/CMSIS/Include -I../Middlewares/Third_Party/FreeRTOS/Source/include -I../Middlewares/Third_Party/FreeRTOS/Source/CMSIS_RTOS_V2 -I../Middlewares/Third_Party/FreeRTOS/Source/portable/GCC/ARM_CM4F -O0 -ffunction-sections -fdata-sections -Wall -fstack-usage -fcyclomatic-complexity -MMD -MP -MF"Middlewares/Third_Party/FreeRTOS/Source/tasks.d" -MT"Middlewares/Third_Party/FreeRTOS/Source/tasks.o" --specs=nano.specs -mfpu=fpv4-sp-d16 -mfloat-abi=hard -mthumb -o "Middlewares/Third_Party/FreeRTOS/Source/tasks.o"
arm-none-eabi-gcc "../Middlewares/Third_Party/FreeRTOS/Source/timers.c" -mcpu=cortex-m4 -std=gnu11 -g3 -DDEBUG -DUSE_HAL_DRIVER -DSTM32G474xx -c -I../Core/Inc -I../micro_ros_stm32cubemx_utils/microros_static_library_ide/libmicroros/include -I../Drivers/STM32G4xx_HAL_Driver/Inc -I../Drivers/STM32G4xx_HAL_Driver/Inc/Legacy -I../Drivers/CMSIS/Device/ST/STM32G4xx/Include -I../Drivers/CMSIS/Include -I../Middlewares/Third_Party/FreeRTOS/Source/include -I../Middlewares/Third_Party/FreeRTOS/Source/CMSIS_RTOS_V2 -I../Middlewares/Third_Party/FreeRTOS/Source/portable/GCC/ARM_CM4F -O0 -ffunction-sections -fdata-sections -Wall -fstack-usage -fcyclomatic-complexity -MMD -MP -MF"Middlewares/Third_Party/FreeRTOS/Source/timers.d" -MT"Middlewares/Third_Party/FreeRTOS/Source/timers.o" --specs=nano.specs -mfpu=fpv4-sp-d16 -mfloat-abi=hard -mthumb -o "Middlewares/Third_Party/FreeRTOS/Source/timers.o"
arm-none-eabi-gcc "../Drivers/STM32G4xx_HAL_Driver/Src/stm32g4xx_hal.c" -mcpu=cortex-m4 -std=gnu11 -g3 -DDEBUG -DUSE_HAL_DRIVER -DSTM32G474xx -c -I../Core/Inc -I../micro_ros_stm32cubemx_utils/microros_static_library_ide/libmicroros/include -I../Drivers/STM32G4xx_HAL_Driver/Inc -I../Drivers/STM32G4xx_HAL_Driver/Inc/Legacy -I../Drivers/CMSIS/Device/ST/STM32G4xx/Include -I../Drivers/CMSIS/Include -I../Middlewares/Third_Party/FreeRTOS/Source/include -I../Middlewares/Third_Party/FreeRTOS/Source/CMSIS_RTOS_V2 -I../Middlewares/Third_Party/FreeRTOS/Source/portable/GCC/ARM_CM4F -O0 -ffunction-sections -fdata-sections -Wall -fstack-usage -fcyclomatic-complexity -MMD -MP -MF"Drivers/STM32G4xx_HAL_Driver/Src/stm32g4xx_hal.d" -MT"Drivers/STM32G4xx_HAL_Driver/Src/stm32g4xx_hal.o" --specs=nano.specs -mfpu=fpv4-sp-d16 -mfloat-abi=hard -mthumb -o "Drivers/STM32G4xx_HAL_Driver/Src/stm32g4xx_hal.o"
arm-none-eabi-gcc "../Drivers/STM32G4xx_HAL_Driver/Src/stm32g4xx_hal_cortex.c" -mcpu=cortex-m4 -std=gnu11 -g3 -DDEBUG -DUSE_HAL_DRIVER -DSTM32G474xx -c -I../Core/Inc -I../micro_ros_stm32cubemx_utils/microros_static_library_ide/libmicroros/include -I../Drivers/STM32G4xx_HAL_Driver/Inc -I../Drivers/STM32G4xx_HAL_Driver/Inc/Legacy -I../Drivers/CMSIS/Device/ST/STM32G4xx/Include -I../Drivers/CMSIS/Include -I../Middlewares/Third_Party/FreeRTOS/Source/include -I../Middlewares/Third_Party/FreeRTOS/Source/CMSIS_RTOS_V2 -I../Middlewares/Third_Party/FreeRTOS/Source/portable/GCC/ARM_CM4F -O0 -ffunction-sections -fdata-sections -Wall -fstack-usage -fcyclomatic-complexity -MMD -MP -MF"Drivers/STM32G4xx_HAL_Driver/Src/stm32g4xx_hal_cortex.d" -MT"Drivers/STM32G4xx_HAL_Driver/Src/stm32g4xx_hal_cortex.o" --specs=nano.specs -mfpu=fpv4-sp-d16 -mfloat-abi=hard -mthumb -o "Drivers/STM32G4xx_HAL_Driver/Src/stm32g4xx_hal_cortex.o"
arm-none-eabi-gcc "../Drivers/STM32G4xx_HAL_Driver/Src/stm32g4xx_hal_dma.c" -mcpu=cortex-m4 -std=gnu11 -g3 -DDEBUG -DUSE_HAL_DRIVER -DSTM32G474xx -c -I../Core/Inc -I../micro_ros_stm32cubemx_utils/microros_static_library_ide/libmicroros/include -I../Drivers/STM32G4xx_HAL_Driver/Inc -I../Drivers/STM32G4xx_HAL_Driver/Inc/Legacy -I../Drivers/CMSIS/Device/ST/STM32G4xx/Include -I../Drivers/CMSIS/Include -I../Middlewares/Third_Party/FreeRTOS/Source/include -I../Middlewares/Third_Party/FreeRTOS/Source/CMSIS_RTOS_V2 -I../Middlewares/Third_Party/FreeRTOS/Source/portable/GCC/ARM_CM4F -O0 -ffunction-sections -fdata-sections -Wall -fstack-usage -fcyclomatic-complexity -MMD -MP -MF"Drivers/STM32G4xx_HAL_Driver/Src/stm32g4xx_hal_dma.d" -MT"Drivers/STM32G4xx_HAL_Driver/Src/stm32g4xx_hal_dma.o" --specs=nano.specs -mfpu=fpv4-sp-d16 -mfloat-abi=hard -mthumb -o "Drivers/STM32G4xx_HAL_Driver/Src/stm32g4xx_hal_dma.o"
arm-none-eabi-gcc "../Drivers/STM32G4xx_HAL_Driver/Src/stm32g4xx_hal_dma_ex.c" -mcpu=cortex-m4 -std=gnu11 -g3 -DDEBUG -DUSE_HAL_DRIVER -DSTM32G474xx -c -I../Core/Inc -I../micro_ros_stm32cubemx_utils/microros_static_library_ide/libmicroros/include -I../Drivers/STM32G4xx_HAL_Driver/Inc -I../Drivers/STM32G4xx_HAL_Driver/Inc/Legacy -I../Drivers/CMSIS/Device/ST/STM32G4xx/Include -I../Drivers/CMSIS/Include -I../Middlewares/Third_Party/FreeRTOS/Source/include -I../Middlewares/Third_Party/FreeRTOS/Source/CMSIS_RTOS_V2 -I../Middlewares/Third_Party/FreeRTOS/Source/portable/GCC/ARM_CM4F -O0 -ffunction-sections -fdata-sections -Wall -fstack-usage -fcyclomatic-complexity -MMD -MP -MF"Drivers/STM32G4xx_HAL_Driver/Src/stm32g4xx_hal_dma_ex.d" -MT"Drivers/STM32G4xx_HAL_Driver/Src/stm32g4xx_hal_dma_ex.o" --specs=nano.specs -mfpu=fpv4-sp-d16 -mfloat-abi=hard -mthumb -o "Drivers/STM32G4xx_HAL_Driver/Src/stm32g4xx_hal_dma_ex.o"
arm-none-eabi-gcc "../Drivers/STM32G4xx_HAL_Driver/Src/stm32g4xx_hal_exti.c" -mcpu=cortex-m4 -std=gnu11 -g3 -DDEBUG -DUSE_HAL_DRIVER -DSTM32G474xx -c -I../Core/Inc -I../micro_ros_stm32cubemx_utils/microros_static_library_ide/libmicroros/include -I../Drivers/STM32G4xx_HAL_Driver/Inc -I../Drivers/STM32G4xx_HAL_Driver/Inc/Legacy -I../Drivers/CMSIS/Device/ST/STM32G4xx/Include -I../Drivers/CMSIS/Include -I../Middlewares/Third_Party/FreeRTOS/Source/include -I../Middlewares/Third_Party/FreeRTOS/Source/CMSIS_RTOS_V2 -I../Middlewares/Third_Party/FreeRTOS/Source/portable/GCC/ARM_CM4F -O0 -ffunction-sections -fdata-sections -Wall -fstack-usage -fcyclomatic-complexity -MMD -MP -MF"Drivers/STM32G4xx_HAL_Driver/Src/stm32g4xx_hal_exti.d" -MT"Drivers/STM32G4xx_HAL_Driver/Src/stm32g4xx_hal_exti.o" --specs=nano.specs -mfpu=fpv4-sp-d16 -mfloat-abi=hard -mthumb -o "Drivers/STM32G4xx_HAL_Driver/Src/stm32g4xx_hal_exti.o"
arm-none-eabi-gcc "../Drivers/STM32G4xx_HAL_Driver/Src/stm32g4xx_hal_flash.c" -mcpu=cortex-m4 -std=gnu11 -g3 -DDEBUG -DUSE_HAL_DRIVER -DSTM32G474xx -c -I../Core/Inc -I../micro_ros_stm32cubemx_utils/microros_static_library_ide/libmicroros/include -I../Drivers/STM32G4xx_HAL_Driver/Inc -I../Drivers/STM32G4xx_HAL_Driver/Inc/Legacy -I../Drivers/CMSIS/Device/ST/STM32G4xx/Include -I../Drivers/CMSIS/Include -I../Middlewares/Third_Party/FreeRTOS/Source/include -I../Middlewares/Third_Party/FreeRTOS/Source/CMSIS_RTOS_V2 -I../Middlewares/Third_Party/FreeRTOS/Source/portable/GCC/ARM_CM4F -O0 -ffunction-sections -fdata-sections -Wall -fstack-usage -fcyclomatic-complexity -MMD -MP -MF"Drivers/STM32G4xx_HAL_Driver/Src/stm32g4xx_hal_flash.d" -MT"Drivers/STM32G4xx_HAL_Driver/Src/stm32g4xx_hal_flash.o" --specs=nano.specs -mfpu=fpv4-sp-d16 -mfloat-abi=hard -mthumb -o "Drivers/STM32G4xx_HAL_Driver/Src/stm32g4xx_hal_flash.o"
arm-none-eabi-gcc "../Drivers/STM32G4xx_HAL_Driver/Src/stm32g4xx_hal_flash_ex.c" -mcpu=cortex-m4 -std=gnu11 -g3 -DDEBUG -DUSE_HAL_DRIVER -DSTM32G474xx -c -I../Core/Inc -I../micro_ros_stm32cubemx_utils/microros_static_library_ide/libmicroros/include -I../Drivers/STM32G4xx_HAL_Driver/Inc -I../Drivers/STM32G4xx_HAL_Driver/Inc/Legacy -I../Drivers/CMSIS/Device/ST/STM32G4xx/Include -I../Drivers/CMSIS/Include -I../Middlewares/Third_Party/FreeRTOS/Source/include -I../Middlewares/Third_Party/FreeRTOS/Source/CMSIS_RTOS_V2 -I../Middlewares/Third_Party/FreeRTOS/Source/portable/GCC/ARM_CM4F -O0 -ffunction-sections -fdata-sections -Wall -fstack-usage -fcyclomatic-complexity -MMD -MP -MF"Drivers/STM32G4xx_HAL_Driver/Src/stm32g4xx_hal_flash_ex.d" -MT"Drivers/STM32G4xx_HAL_Driver/Src/stm32g4xx_hal_flash_ex.o" --specs=nano.specs -mfpu=fpv4-sp-d16 -mfloat-abi=hard -mthumb -o "Drivers/STM32G4xx_HAL_Driver/Src/stm32g4xx_hal_flash_ex.o"
arm-none-eabi-gcc "../Drivers/STM32G4xx_HAL_Driver/Src/stm32g4xx_hal_flash_ramfunc.c" -mcpu=cortex-m4 -std=gnu11 -g3 -DDEBUG -DUSE_HAL_DRIVER -DSTM32G474xx -c -I../Core/Inc -I../micro_ros_stm32cubemx_utils/microros_static_library_ide/libmicroros/include -I../Drivers/STM32G4xx_HAL_Driver/Inc -I../Drivers/STM32G4xx_HAL_Driver/Inc/Legacy -I../Drivers/CMSIS/Device/ST/STM32G4xx/Include -I../Drivers/CMSIS/Include -I../Middlewares/Third_Party/FreeRTOS/Source/include -I../Middlewares/Third_Party/FreeRTOS/Source/CMSIS_RTOS_V2 -I../Middlewares/Third_Party/FreeRTOS/Source/portable/GCC/ARM_CM4F -O0 -ffunction-sections -fdata-sections -Wall -fstack-usage -fcyclomatic-complexity -MMD -MP -MF"Drivers/STM32G4xx_HAL_Driver/Src/stm32g4xx_hal_flash_ramfunc.d" -MT"Drivers/STM32G4xx_HAL_Driver/Src/stm32g4xx_hal_flash_ramfunc.o" --specs=nano.specs -mfpu=fpv4-sp-d16 -mfloat-abi=hard -mthumb -o "Drivers/STM32G4xx_HAL_Driver/Src/stm32g4xx_hal_flash_ramfunc.o"
arm-none-eabi-gcc "../Drivers/STM32G4xx_HAL_Driver/Src/stm32g4xx_hal_gpio.c" -mcpu=cortex-m4 -std=gnu11 -g3 -DDEBUG -DUSE_HAL_DRIVER -DSTM32G474xx -c -I../Core/Inc -I../micro_ros_stm32cubemx_utils/microros_static_library_ide/libmicroros/include -I../Drivers/STM32G4xx_HAL_Driver/Inc -I../Drivers/STM32G4xx_HAL_Driver/Inc/Legacy -I../Drivers/CMSIS/Device/ST/STM32G4xx/Include -I../Drivers/CMSIS/Include -I../Middlewares/Third_Party/FreeRTOS/Source/include -I../Middlewares/Third_Party/FreeRTOS/Source/CMSIS_RTOS_V2 -I../Middlewares/Third_Party/FreeRTOS/Source/portable/GCC/ARM_CM4F -O0 -ffunction-sections -fdata-sections -Wall -fstack-usage -fcyclomatic-complexity -MMD -MP -MF"Drivers/STM32G4xx_HAL_Driver/Src/stm32g4xx_hal_gpio.d" -MT"Drivers/STM32G4xx_HAL_Driver/Src/stm32g4xx_hal_gpio.o" --specs=nano.specs -mfpu=fpv4-sp-d16 -mfloat-abi=hard -mthumb -o "Drivers/STM32G4xx_HAL_Driver/Src/stm32g4xx_hal_gpio.o"
arm-none-eabi-gcc "../Drivers/STM32G4xx_HAL_Driver/Src/stm32g4xx_hal_pwr.c" -mcpu=cortex-m4 -std=gnu11 -g3 -DDEBUG -DUSE_HAL_DRIVER -DSTM32G474xx -c -I../Core/Inc -I../micro_ros_stm32cubemx_utils/microros_static_library_ide/libmicroros/include -I../Drivers/STM32G4xx_HAL_Driver/Inc -I../Drivers/STM32G4xx_HAL_Driver/Inc/Legacy -I../Drivers/CMSIS/Device/ST/STM32G4xx/Include -I../Drivers/CMSIS/Include -I../Middlewares/Third_Party/FreeRTOS/Source/include -I../Middlewares/Third_Party/FreeRTOS/Source/CMSIS_RTOS_V2 -I../Middlewares/Third_Party/FreeRTOS/Source/portable/GCC/ARM_CM4F -O0 -ffunction-sections -fdata-sections -Wall -fstack-usage -fcyclomatic-complexity -MMD -MP -MF"Drivers/STM32G4xx_HAL_Driver/Src/stm32g4xx_hal_pwr.d" -MT"Drivers/STM32G4xx_HAL_Driver/Src/stm32g4xx_hal_pwr.o" --specs=nano.specs -mfpu=fpv4-sp-d16 -mfloat-abi=hard -mthumb -o "Drivers/STM32G4xx_HAL_Driver/Src/stm32g4xx_hal_pwr.o"
arm-none-eabi-gcc "../Drivers/STM32G4xx_HAL_Driver/Src/stm32g4xx_hal_pwr_ex.c" -mcpu=cortex-m4 -std=gnu11 -g3 -DDEBUG -DUSE_HAL_DRIVER -DSTM32G474xx -c -I../Core/Inc -I../micro_ros_stm32cubemx_utils/microros_static_library_ide/libmicroros/include -I../Drivers/STM32G4xx_HAL_Driver/Inc -I../Drivers/STM32G4xx_HAL_Driver/Inc/Legacy -I../Drivers/CMSIS/Device/ST/STM32G4xx/Include -I../Drivers/CMSIS/Include -I../Middlewares/Third_Party/FreeRTOS/Source/include -I../Middlewares/Third_Party/FreeRTOS/Source/CMSIS_RTOS_V2 -I../Middlewares/Third_Party/FreeRTOS/Source/portable/GCC/ARM_CM4F -O0 -ffunction-sections -fdata-sections -Wall -fstack-usage -fcyclomatic-complexity -MMD -MP -MF"Drivers/STM32G4xx_HAL_Driver/Src/stm32g4xx_hal_pwr_ex.d" -MT"Drivers/STM32G4xx_HAL_Driver/Src/stm32g4xx_hal_pwr_ex.o" --specs=nano.specs -mfpu=fpv4-sp-d16 -mfloat-abi=hard -mthumb -o "Drivers/STM32G4xx_HAL_Driver/Src/stm32g4xx_hal_pwr_ex.o"
arm-none-eabi-gcc "../Drivers/STM32G4xx_HAL_Driver/Src/stm32g4xx_hal_rcc.c" -mcpu=cortex-m4 -std=gnu11 -g3 -DDEBUG -DUSE_HAL_DRIVER -DSTM32G474xx -c -I../Core/Inc -I../micro_ros_stm32cubemx_utils/microros_static_library_ide/libmicroros/include -I../Drivers/STM32G4xx_HAL_Driver/Inc -I../Drivers/STM32G4xx_HAL_Driver/Inc/Legacy -I../Drivers/CMSIS/Device/ST/STM32G4xx/Include -I../Drivers/CMSIS/Include -I../Middlewares/Third_Party/FreeRTOS/Source/include -I../Middlewares/Third_Party/FreeRTOS/Source/CMSIS_RTOS_V2 -I../Middlewares/Third_Party/FreeRTOS/Source/portable/GCC/ARM_CM4F -O0 -ffunction-sections -fdata-sections -Wall -fstack-usage -fcyclomatic-complexity -MMD -MP -MF"Drivers/STM32G4xx_HAL_Driver/Src/stm32g4xx_hal_rcc.d" -MT"Drivers/STM32G4xx_HAL_Driver/Src/stm32g4xx_hal_rcc.o" --specs=nano.specs -mfpu=fpv4-sp-d16 -mfloat-abi=hard -mthumb -o "Drivers/STM32G4xx_HAL_Driver/Src/stm32g4xx_hal_rcc.o"
arm-none-eabi-gcc "../Drivers/STM32G4xx_HAL_Driver/Src/stm32g4xx_hal_rcc_ex.c" -mcpu=cortex-m4 -std=gnu11 -g3 -DDEBUG -DUSE_HAL_DRIVER -DSTM32G474xx -c -I../Core/Inc -I../micro_ros_stm32cubemx_utils/microros_static_library_ide/libmicroros/include -I../Drivers/STM32G4xx_HAL_Driver/Inc -I../Drivers/STM32G4xx_HAL_Driver/Inc/Legacy -I../Drivers/CMSIS/Device/ST/STM32G4xx/Include -I../Drivers/CMSIS/Include -I../Middlewares/Third_Party/FreeRTOS/Source/include -I../Middlewares/Third_Party/FreeRTOS/Source/CMSIS_RTOS_V2 -I../Middlewares/Third_Party/FreeRTOS/Source/portable/GCC/ARM_CM4F -O0 -ffunction-sections -fdata-sections -Wall -fstack-usage -fcyclomatic-complexity -MMD -MP -MF"Drivers/STM32G4xx_HAL_Driver/Src/stm32g4xx_hal_rcc_ex.d" -MT"Drivers/STM32G4xx_HAL_Driver/Src/stm32g4xx_hal_rcc_ex.o" --specs=nano.specs -mfpu=fpv4-sp-d16 -mfloat-abi=hard -mthumb -o "Drivers/STM32G4xx_HAL_Driver/Src/stm32g4xx_hal_rcc_ex.o"
arm-none-eabi-gcc "../Drivers/STM32G4xx_HAL_Driver/Src/stm32g4xx_hal_tim.c" -mcpu=cortex-m4 -std=gnu11 -g3 -DDEBUG -DUSE_HAL_DRIVER -DSTM32G474xx -c -I../Core/Inc -I../micro_ros_stm32cubemx_utils/microros_static_library_ide/libmicroros/include -I../Drivers/STM32G4xx_HAL_Driver/Inc -I../Drivers/STM32G4xx_HAL_Driver/Inc/Legacy -I../Drivers/CMSIS/Device/ST/STM32G4xx/Include -I../Drivers/CMSIS/Include -I../Middlewares/Third_Party/FreeRTOS/Source/include -I../Middlewares/Third_Party/FreeRTOS/Source/CMSIS_RTOS_V2 -I../Middlewares/Third_Party/FreeRTOS/Source/portable/GCC/ARM_CM4F -O0 -ffunction-sections -fdata-sections -Wall -fstack-usage -fcyclomatic-complexity -MMD -MP -MF"Drivers/STM32G4xx_HAL_Driver/Src/stm32g4xx_hal_tim.d" -MT"Drivers/STM32G4xx_HAL_Driver/Src/stm32g4xx_hal_tim.o" --specs=nano.specs -mfpu=fpv4-sp-d16 -mfloat-abi=hard -mthumb -o "Drivers/STM32G4xx_HAL_Driver/Src/stm32g4xx_hal_tim.o"
arm-none-eabi-gcc "../Drivers/STM32G4xx_HAL_Driver/Src/stm32g4xx_hal_tim_ex.c" -mcpu=cortex-m4 -std=gnu11 -g3 -DDEBUG -DUSE_HAL_DRIVER -DSTM32G474xx -c -I../Core/Inc -I../micro_ros_stm32cubemx_utils/microros_static_library_ide/libmicroros/include -I../Drivers/STM32G4xx_HAL_Driver/Inc -I../Drivers/STM32G4xx_HAL_Driver/Inc/Legacy -I../Drivers/CMSIS/Device/ST/STM32G4xx/Include -I../Drivers/CMSIS/Include -I../Middlewares/Third_Party/FreeRTOS/Source/include -I../Middlewares/Third_Party/FreeRTOS/Source/CMSIS_RTOS_V2 -I../Middlewares/Third_Party/FreeRTOS/Source/portable/GCC/ARM_CM4F -O0 -ffunction-sections -fdata-sections -Wall -fstack-usage -fcyclomatic-complexity -MMD -MP -MF"Drivers/STM32G4xx_HAL_Driver/Src/stm32g4xx_hal_tim_ex.d" -MT"Drivers/STM32G4xx_HAL_Driver/Src/stm32g4xx_hal_tim_ex.o" --specs=nano.specs -mfpu=fpv4-sp-d16 -mfloat-abi=hard -mthumb -o "Drivers/STM32G4xx_HAL_Driver/Src/stm32g4xx_hal_tim_ex.o"
arm-none-eabi-gcc "../Drivers/STM32G4xx_HAL_Driver/Src/stm32g4xx_hal_uart.c" -mcpu=cortex-m4 -std=gnu11 -g3 -DDEBUG -DUSE_HAL_DRIVER -DSTM32G474xx -c -I../Core/Inc -I../micro_ros_stm32cubemx_utils/microros_static_library_ide/libmicroros/include -I../Drivers/STM32G4xx_HAL_Driver/Inc -I../Drivers/STM32G4xx_HAL_Driver/Inc/Legacy -I../Drivers/CMSIS/Device/ST/STM32G4xx/Include -I../Drivers/CMSIS/Include -I../Middlewares/Third_Party/FreeRTOS/Source/include -I../Middlewares/Third_Party/FreeRTOS/Source/CMSIS_RTOS_V2 -I../Middlewares/Third_Party/FreeRTOS/Source/portable/GCC/ARM_CM4F -O0 -ffunction-sections -fdata-sections -Wall -fstack-usage -fcyclomatic-complexity -MMD -MP -MF"Drivers/STM32G4xx_HAL_Driver/Src/stm32g4xx_hal_uart.d" -MT"Drivers/STM32G4xx_HAL_Driver/Src/stm32g4xx_hal_uart.o" --specs=nano.specs -mfpu=fpv4-sp-d16 -mfloat-abi=hard -mthumb -o "Drivers/STM32G4xx_HAL_Driver/Src/stm32g4xx_hal_uart.o"
arm-none-eabi-gcc "../Drivers/STM32G4xx_HAL_Driver/Src/stm32g4xx_hal_uart_ex.c" -mcpu=cortex-m4 -std=gnu11 -g3 -DDEBUG -DUSE_HAL_DRIVER -DSTM32G474xx -c -I../Core/Inc -I../micro_ros_stm32cubemx_utils/microros_static_library_ide/libmicroros/include -I../Drivers/STM32G4xx_HAL_Driver/Inc -I../Drivers/STM32G4xx_HAL_Driver/Inc/Legacy -I../Drivers/CMSIS/Device/ST/STM32G4xx/Include -I../Drivers/CMSIS/Include -I../Middlewares/Third_Party/FreeRTOS/Source/include -I../Middlewares/Third_Party/FreeRTOS/Source/CMSIS_RTOS_V2 -I../Middlewares/Third_Party/FreeRTOS/Source/portable/GCC/ARM_CM4F -O0 -ffunction-sections -fdata-sections -Wall -fstack-usage -fcyclomatic-complexity -MMD -MP -MF"Drivers/STM32G4xx_HAL_Driver/Src/stm32g4xx_hal_uart_ex.d" -MT"Drivers/STM32G4xx_HAL_Driver/Src/stm32g4xx_hal_uart_ex.o" --specs=nano.specs -mfpu=fpv4-sp-d16 -mfloat-abi=hard -mthumb -o "Drivers/STM32G4xx_HAL_Driver/Src/stm32g4xx_hal_uart_ex.o"
arm-none-eabi-gcc "../Core/Src/app_freertos.c" -mcpu=cortex-m4 -std=gnu11 -g3 -DDEBUG -DUSE_HAL_DRIVER -DSTM32G474xx -c -I../Core/Inc -I../micro_ros_stm32cubemx_utils/microros_static_library_ide/libmicroros/include -I../Drivers/STM32G4xx_HAL_Driver/Inc -I../Drivers/STM32G4xx_HAL_Driver/Inc/Legacy -I../Drivers/CMSIS/Device/ST/STM32G4xx/Include -I../Drivers/CMSIS/Include -I../Middlewares/Third_Party/FreeRTOS/Source/include -I../Middlewares/Third_Party/FreeRTOS/Source/CMSIS_RTOS_V2 -I../Middlewares/Third_Party/FreeRTOS/Source/portable/GCC/ARM_CM4F -O0 -ffunction-sections -fdata-sections -Wall -fstack-usage -fcyclomatic-complexity -MMD -MP -MF"Core/Src/app_freertos.d" -MT"Core/Src/app_freertos.o" --specs=nano.specs -mfpu=fpv4-sp-d16 -mfloat-abi=hard -mthumb -o "Core/Src/app_freertos.o"
arm-none-eabi-gcc "../Core/Src/custom_memory_manager.c" -mcpu=cortex-m4 -std=gnu11 -g3 -DDEBUG -DUSE_HAL_DRIVER -DSTM32G474xx -c -I../Core/Inc -I../micro_ros_stm32cubemx_utils/microros_static_library_ide/libmicroros/include -I../Drivers/STM32G4xx_HAL_Driver/Inc -I../Drivers/STM32G4xx_HAL_Driver/Inc/Legacy -I../Drivers/CMSIS/Device/ST/STM32G4xx/Include -I../Drivers/CMSIS/Include -I../Middlewares/Third_Party/FreeRTOS/Source/include -I../Middlewares/Third_Party/FreeRTOS/Source/CMSIS_RTOS_V2 -I../Middlewares/Third_Party/FreeRTOS/Source/portable/GCC/ARM_CM4F -O0 -ffunction-sections -fdata-sections -Wall -fstack-usage -fcyclomatic-complexity -MMD -MP -MF"Core/Src/custom_memory_manager.d" -MT"Core/Src/custom_memory_manager.o" --specs=nano.specs -mfpu=fpv4-sp-d16 -mfloat-abi=hard -mthumb -o "Core/Src/custom_memory_manager.o"
arm-none-eabi-gcc "../Core/Src/dma.c" -mcpu=cortex-m4 -std=gnu11 -g3 -DDEBUG -DUSE_HAL_DRIVER -DSTM32G474xx -c -I../Core/Inc -I../micro_ros_stm32cubemx_utils/microros_static_library_ide/libmicroros/include -I../Drivers/STM32G4xx_HAL_Driver/Inc -I../Drivers/STM32G4xx_HAL_Driver/Inc/Legacy -I../Drivers/CMSIS/Device/ST/STM32G4xx/Include -I../Drivers/CMSIS/Include -I../Middlewares/Third_Party/FreeRTOS/Source/include -I../Middlewares/Third_Party/FreeRTOS/Source/CMSIS_RTOS_V2 -I../Middlewares/Third_Party/FreeRTOS/Source/portable/GCC/ARM_CM4F -O0 -ffunction-sections -fdata-sections -Wall -fstack-usage -fcyclomatic-complexity -MMD -MP -MF"Core/Src/dma.d" -MT"Core/Src/dma.o" --specs=nano.specs -mfpu=fpv4-sp-d16 -mfloat-abi=hard -mthumb -o "Core/Src/dma.o"
arm-none-eabi-gcc "../Core/Src/dma_transport.c" -mcpu=cortex-m4 -std=gnu11 -g3 -DDEBUG -DUSE_HAL_DRIVER -DSTM32G474xx -c -I../Core/Inc -I../micro_ros_stm32cubemx_utils/microros_static_library_ide/libmicroros/include -I../Drivers/STM32G4xx_HAL_Driver/Inc -I../Drivers/STM32G4xx_HAL_Driver/Inc/Legacy -I../Drivers/CMSIS/Device/ST/STM32G4xx/Include -I../Drivers/CMSIS/Include -I../Middlewares/Third_Party/FreeRTOS/Source/include -I../Middlewares/Third_Party/FreeRTOS/Source/CMSIS_RTOS_V2 -I../Middlewares/Third_Party/FreeRTOS/Source/portable/GCC/ARM_CM4F -O0 -ffunction-sections -fdata-sections -Wall -fstack-usage -fcyclomatic-complexity -MMD -MP -MF"Core/Src/dma_transport.d" -MT"Core/Src/dma_transport.o" --specs=nano.specs -mfpu=fpv4-sp-d16 -mfloat-abi=hard -mthumb -o "Core/Src/dma_transport.o"
arm-none-eabi-gcc "../Core/Src/gpio.c" -mcpu=cortex-m4 -std=gnu11 -g3 -DDEBUG -DUSE_HAL_DRIVER -DSTM32G474xx -c -I../Core/Inc -I../micro_ros_stm32cubemx_utils/microros_static_library_ide/libmicroros/include -I../Drivers/STM32G4xx_HAL_Driver/Inc -I../Drivers/STM32G4xx_HAL_Driver/Inc/Legacy -I../Drivers/CMSIS/Device/ST/STM32G4xx/Include -I../Drivers/CMSIS/Include -I../Middlewares/Third_Party/FreeRTOS/Source/include -I../Middlewares/Third_Party/FreeRTOS/Source/CMSIS_RTOS_V2 -I../Middlewares/Third_Party/FreeRTOS/Source/portable/GCC/ARM_CM4F -O0 -ffunction-sections -fdata-sections -Wall -fstack-usage -fcyclomatic-complexity -MMD -MP -MF"Core/Src/gpio.d" -MT"Core/Src/gpio.o" --specs=nano.specs -mfpu=fpv4-sp-d16 -mfloat-abi=hard -mthumb -o "Core/Src/gpio.o"
arm-none-eabi-gcc "../Core/Src/main.c" -mcpu=cortex-m4 -std=gnu11 -g3 -DDEBUG -DUSE_HAL_DRIVER -DSTM32G474xx -c -I../Core/Inc -I../micro_ros_stm32cubemx_utils/microros_static_library_ide/libmicroros/include -I../Drivers/STM32G4xx_HAL_Driver/Inc -I../Drivers/STM32G4xx_HAL_Driver/Inc/Legacy -I../Drivers/CMSIS/Device/ST/STM32G4xx/Include -I../Drivers/CMSIS/Include -I../Middlewares/Third_Party/FreeRTOS/Source/include -I../Middlewares/Third_Party/FreeRTOS/Source/CMSIS_RTOS_V2 -I../Middlewares/Third_Party/FreeRTOS/Source/portable/GCC/ARM_CM4F -O0 -ffunction-sections -fdata-sections -Wall -fstack-usage -fcyclomatic-complexity -MMD -MP -MF"Core/Src/main.d" -MT"Core/Src/main.o" --specs=nano.specs -mfpu=fpv4-sp-d16 -mfloat-abi=hard -mthumb -o "Core/Src/main.o"
arm-none-eabi-gcc "../Core/Src/microros_allocators.c" -mcpu=cortex-m4 -std=gnu11 -g3 -DDEBUG -DUSE_HAL_DRIVER -DSTM32G474xx -c -I../Core/Inc -I../micro_ros_stm32cubemx_utils/microros_static_library_ide/libmicroros/include -I../Drivers/STM32G4xx_HAL_Driver/Inc -I../Drivers/STM32G4xx_HAL_Driver/Inc/Legacy -I../Drivers/CMSIS/Device/ST/STM32G4xx/Include -I../Drivers/CMSIS/Include -I../Middlewares/Third_Party/FreeRTOS/Source/include -I../Middlewares/Third_Party/FreeRTOS/Source/CMSIS_RTOS_V2 -I../Middlewares/Third_Party/FreeRTOS/Source/portable/GCC/ARM_CM4F -O0 -ffunction-sections -fdata-sections -Wall -fstack-usage -fcyclomatic-complexity -MMD -MP -MF"Core/Src/microros_allocators.d" -MT"Core/Src/microros_allocators.o" --specs=nano.specs -mfpu=fpv4-sp-d16 -mfloat-abi=hard -mthumb -o "Core/Src/microros_allocators.o"
arm-none-eabi-gcc "../Core/Src/microros_time.c" -mcpu=cortex-m4 -std=gnu11 -g3 -DDEBUG -DUSE_HAL_DRIVER -DSTM32G474xx -c -I../Core/Inc -I../micro_ros_stm32cubemx_utils/microros_static_library_ide/libmicroros/include -I../Drivers/STM32G4xx_HAL_Driver/Inc -I../Drivers/STM32G4xx_HAL_Driver/Inc/Legacy -I../Drivers/CMSIS/Device/ST/STM32G4xx/Include -I../Drivers/CMSIS/Include -I../Middlewares/Third_Party/FreeRTOS/Source/include -I../Middlewares/Third_Party/FreeRTOS/Source/CMSIS_RTOS_V2 -I../Middlewares/Third_Party/FreeRTOS/Source/portable/GCC/ARM_CM4F -O0 -ffunction-sections -fdata-sections -Wall -fstack-usage -fcyclomatic-complexity -MMD -MP -MF"Core/Src/microros_time.d" -MT"Core/Src/microros_time.o" --specs=nano.specs -mfpu=fpv4-sp-d16 -mfloat-abi=hard -mthumb -o "Core/Src/microros_time.o"
arm-none-eabi-gcc "../Core/Src/stm32g4xx_hal_msp.c" -mcpu=cortex-m4 -std=gnu11 -g3 -DDEBUG -DUSE_HAL_DRIVER -DSTM32G474xx -c -I../Core/Inc -I../micro_ros_stm32cubemx_utils/microros_static_library_ide/libmicroros/include -I../Drivers/STM32G4xx_HAL_Driver/Inc -I../Drivers/STM32G4xx_HAL_Driver/Inc/Legacy -I../Drivers/CMSIS/Device/ST/STM32G4xx/Include -I../Drivers/CMSIS/Include -I../Middlewares/Third_Party/FreeRTOS/Source/include -I../Middlewares/Third_Party/FreeRTOS/Source/CMSIS_RTOS_V2 -I../Middlewares/Third_Party/FreeRTOS/Source/portable/GCC/ARM_CM4F -O0 -ffunction-sections -fdata-sections -Wall -fstack-usage -fcyclomatic-complexity -MMD -MP -MF"Core/Src/stm32g4xx_hal_msp.d" -MT"Core/Src/stm32g4xx_hal_msp.o" --specs=nano.specs -mfpu=fpv4-sp-d16 -mfloat-abi=hard -mthumb -o "Core/Src/stm32g4xx_hal_msp.o"
arm-none-eabi-gcc "../Core/Src/stm32g4xx_hal_timebase_tim.c" -mcpu=cortex-m4 -std=gnu11 -g3 -DDEBUG -DUSE_HAL_DRIVER -DSTM32G474xx -c -I../Core/Inc -I../micro_ros_stm32cubemx_utils/microros_static_library_ide/libmicroros/include -I../Drivers/STM32G4xx_HAL_Driver/Inc -I../Drivers/STM32G4xx_HAL_Driver/Inc/Legacy -I../Drivers/CMSIS/Device/ST/STM32G4xx/Include -I../Drivers/CMSIS/Include -I../Middlewares/Third_Party/FreeRTOS/Source/include -I../Middlewares/Third_Party/FreeRTOS/Source/CMSIS_RTOS_V2 -I../Middlewares/Third_Party/FreeRTOS/Source/portable/GCC/ARM_CM4F -O0 -ffunction-sections -fdata-sections -Wall -fstack-usage -fcyclomatic-complexity -MMD -MP -MF"Core/Src/stm32g4xx_hal_timebase_tim.d" -MT"Core/Src/stm32g4xx_hal_timebase_tim.o" --specs=nano.specs -mfpu=fpv4-sp-d16 -mfloat-abi=hard -mthumb -o "Core/Src/stm32g4xx_hal_timebase_tim.o"
arm-none-eabi-gcc "../Core/Src/stm32g4xx_it.c" -mcpu=cortex-m4 -std=gnu11 -g3 -DDEBUG -DUSE_HAL_DRIVER -DSTM32G474xx -c -I../Core/Inc -I../micro_ros_stm32cubemx_utils/microros_static_library_ide/libmicroros/include -I../Drivers/STM32G4xx_HAL_Driver/Inc -I../Drivers/STM32G4xx_HAL_Driver/Inc/Legacy -I../Drivers/CMSIS/Device/ST/STM32G4xx/Include -I../Drivers/CMSIS/Include -I../Middlewares/Third_Party/FreeRTOS/Source/include -I../Middlewares/Third_Party/FreeRTOS/Source/CMSIS_RTOS_V2 -I../Middlewares/Third_Party/FreeRTOS/Source/portable/GCC/ARM_CM4F -O0 -ffunction-sections -fdata-sections -Wall -fstack-usage -fcyclomatic-complexity -MMD -MP -MF"Core/Src/stm32g4xx_it.d" -MT"Core/Src/stm32g4xx_it.o" --specs=nano.specs -mfpu=fpv4-sp-d16 -mfloat-abi=hard -mthumb -o "Core/Src/stm32g4xx_it.o"
arm-none-eabi-gcc "../Core/Src/system_stm32g4xx.c" -mcpu=cortex-m4 -std=gnu11 -g3 -DDEBUG -DUSE_HAL_DRIVER -DSTM32G474xx -c -I../Core/Inc -I../micro_ros_stm32cubemx_utils/microros_static_library_ide/libmicroros/include -I../Drivers/STM32G4xx_HAL_Driver/Inc -I../Drivers/STM32G4xx_HAL_Driver/Inc/Legacy -I../Drivers/CMSIS/Device/ST/STM32G4xx/Include -I../Drivers/CMSIS/Include -I../Middlewares/Third_Party/FreeRTOS/Source/include -I../Middlewares/Third_Party/FreeRTOS/Source/CMSIS_RTOS_V2 -I../Middlewares/Third_Party/FreeRTOS/Source/portable/GCC/ARM_CM4F -O0 -ffunction-sections -fdata-sections -Wall -fstack-usage -fcyclomatic-complexity -MMD -MP -MF"Core/Src/system_stm32g4xx.d" -MT"Core/Src/system_stm32g4xx.o" --specs=nano.specs -mfpu=fpv4-sp-d16 -mfloat-abi=hard -mthumb -o "Core/Src/system_stm32g4xx.o"
../Core/Src/main.c: In function 'MIT_Controller_Update':
../Core/Src/main.c:181:15: warning: unused variable 'R' [-Wunused-variable]
  181 |         float R = gain_sub_msg.data.data[4];
      |               ^
../Core/Src/main.c:180:15: warning: unused variable 'Ke' [-Wunused-variable]
  180 |         float Ke = gain_sub_msg.data.data[3];
      |               ^~
../Core/Src/main.c:178:15: warning: unused variable 'Kd' [-Wunused-variable]
  178 |         float Kd = gain_sub_msg.data.data[1];
      |               ^~
../Core/Src/main.c:177:15: warning: unused variable 'Kp' [-Wunused-variable]
  177 |         float Kp = gain_sub_msg.data.data[0];
      |               ^~
../Core/Src/main.c:174:15: warning: unused variable 'vel' [-Wunused-variable]
  174 |         float vel = QEIdata.QEIAngularVelocity;
      |               ^~~
../Core/Src/main.c:173:15: warning: unused variable 'pos' [-Wunused-variable]
  173 |         float pos = pos_rad_full;
      |               ^~~
../Core/Src/main.c:165:15: warning: unused variable 'torque_ref' [-Wunused-variable]
  165 |         float torque_ref = ref_sub_msg.data.data[2];
      |               ^~~~~~~~~~
../Core/Src/main.c:164:15: warning: unused variable 'vel_ref' [-Wunused-variable]
  164 |         float vel_ref = ref_sub_msg.data.data[1];
      |               ^~~~~~~
../Core/Src/main.c:163:15: warning: unused variable 'pos_ref' [-Wunused-variable]
  163 |         float pos_ref = ref_sub_msg.data.data[0];
      |               ^~~~~~~
../Core/Src/main.c: In function 'reference_subscription_callback':
../Core/Src/main.c:342:44: warning: unused variable 'ref_sub_msg' [-Wunused-variable]
  342 |   const std_msgs__msg__Float32MultiArray * ref_sub_msg = (const std_msgs__msg__Float32MultiArray *)msgin;
      |                                            ^~~~~~~~~~~
../Core/Src/main.c: In function 'gain_subscription_callback':
../Core/Src/main.c:348:44: warning: unused variable 'gain_sub_msg' [-Wunused-variable]
  348 |   const std_msgs__msg__Float32MultiArray * gain_sub_msg = (const std_msgs__msg__Float32MultiArray *)msgin;
      |                                            ^~~~~~~~~~~~
../Core/Src/main.c: In function 'rl_action_subscription_callback':
../Core/Src/main.c:354:44: warning: unused variable 'rl_action_msg' [-Wunused-variable]
  354 |   const std_msgs__msg__Float32MultiArray * rl_action_msg = (const std_msgs__msg__Float32MultiArray *)msgin;
      |                                            ^~~~~~~~~~~~~
../Core/Src/main.c: In function 'StartDefaultTask':
../Core/Src/main.c:478:13: warning: unused variable 'puku' [-Wunused-variable]
  478 |   rcl_ret_t puku = rclc_subscription_init_default(
      |             ^~~~
../Core/Src/main.c:469:13: warning: unused variable 'rl' [-Wunused-variable]
  469 |   rcl_ret_t rl = rclc_subscription_init_default(
      |             ^~
../Core/Src/main.c:436:13: warning: unused variable 'rc' [-Wunused-variable]
  436 |   rcl_ret_t rc = rclc_subscription_init_default(
      |             ^~
../Core/Src/main.c: At top level:
../Core/Src/main.c:97:26: warning: 'pwm_operated' defined but not used [-Wunused-const-variable=]
   97 |         static const int pwm_operated = PERIOD_CONST - MOTOR_INIT_PERIOD_CONST;
      |                          ^~~~~~~~~~~~
arm-none-eabi-gcc "../Core/Src/tim.c" -mcpu=cortex-m4 -std=gnu11 -g3 -DDEBUG -DUSE_HAL_DRIVER -DSTM32G474xx -c -I../Core/Inc -I../micro_ros_stm32cubemx_utils/microros_static_library_ide/libmicroros/include -I../Drivers/STM32G4xx_HAL_Driver/Inc -I../Drivers/STM32G4xx_HAL_Driver/Inc/Legacy -I../Drivers/CMSIS/Device/ST/STM32G4xx/Include -I../Drivers/CMSIS/Include -I../Middlewares/Third_Party/FreeRTOS/Source/include -I../Middlewares/Third_Party/FreeRTOS/Source/CMSIS_RTOS_V2 -I../Middlewares/Third_Party/FreeRTOS/Source/portable/GCC/ARM_CM4F -O0 -ffunction-sections -fdata-sections -Wall -fstack-usage -fcyclomatic-complexity -MMD -MP -MF"Core/Src/tim.d" -MT"Core/Src/tim.o" --specs=nano.specs -mfpu=fpv4-sp-d16 -mfloat-abi=hard -mthumb -o "Core/Src/tim.o"
arm-none-eabi-gcc "../Core/Src/usart.c" -mcpu=cortex-m4 -std=gnu11 -g3 -DDEBUG -DUSE_HAL_DRIVER -DSTM32G474xx -c -I../Core/Inc -I../micro_ros_stm32cubemx_utils/microros_static_library_ide/libmicroros/include -I../Drivers/STM32G4xx_HAL_Driver/Inc -I../Drivers/STM32G4xx_HAL_Driver/Inc/Legacy -I../Drivers/CMSIS/Device/ST/STM32G4xx/Include -I../Drivers/CMSIS/Include -I../Middlewares/Third_Party/FreeRTOS/Source/include -I../Middlewares/Third_Party/FreeRTOS/Source/CMSIS_RTOS_V2 -I../Middlewares/Third_Party/FreeRTOS/Source/portable/GCC/ARM_CM4F -O0 -ffunction-sections -fdata-sections -Wall -fstack-usage -fcyclomatic-complexity -MMD -MP -MF"Core/Src/usart.d" -MT"Core/Src/usart.o" --specs=nano.specs -mfpu=fpv4-sp-d16 -mfloat-abi=hard -mthumb -o "Core/Src/usart.o"
arm-none-eabi-gcc -o "motor_controller.elf" @"objects.list"  -lmicroros -mcpu=cortex-m4 -T"/home/natthanicha/FRA502_ROS2/ROS_PROJECT_WS/firmware/motor_controller/STM32G474RETX_FLASH.ld" --specs=nosys.specs -Wl,-Map="motor_controller.map" -Wl,--gc-sections -static -L../micro_ros_stm32cubemx_utils/microros_static_library_ide/libmicroros --specs=nano.specs -mfpu=fpv4-sp-d16 -mfloat-abi=hard -mthumb -Wl,--start-group -lc -lm -Wl,--end-group
/opt/st/stm32cubeide_1.19.0/plugins/com.st.stm32cube.ide.mcu.externaltools.gnu-tools-for-stm32.13.3.rel1.linux64_1.0.0.202410170706/tools/bin/../lib/gcc/arm-none-eabi/13.3.1/../../../../arm-none-eabi/bin/ld: /opt/st/stm32cubeide_1.19.0/plugins/com.st.stm32cube.ide.mcu.externaltools.gnu-tools-for-stm32.13.3.rel1.linux64_1.0.0.202410170706/tools/bin/../lib/gcc/arm-none-eabi/13.3.1/../../../../arm-none-eabi/lib/thumb/v7e-m+fp/hard/libc_nano.a(libc_a-gettimeofdayr.o): in function `_gettimeofday_r':
(.text._gettimeofday_r+0xe): warning: _gettimeofday is not implemented and will always fail
/opt/st/stm32cubeide_1.19.0/plugins/com.st.stm32cube.ide.mcu.externaltools.gnu-tools-for-stm32.13.3.rel1.linux64_1.0.0.202410170706/tools/bin/../lib/gcc/arm-none-eabi/13.3.1/../../../../arm-none-eabi/bin/ld: /opt/st/stm32cubeide_1.19.0/plugins/com.st.stm32cube.ide.mcu.externaltools.gnu-tools-for-stm32.13.3.rel1.linux64_1.0.0.202410170706/tools/bin/../lib/gcc/arm-none-eabi/13.3.1/../../../../arm-none-eabi/lib/thumb/v7e-m+fp/hard/libc_nano.a(libc_a-gettimeofdayr.o): note: the message above does not take linker garbage collection into account
Finished building target: motor_controller.elf
 
arm-none-eabi-size  motor_controller.elf 
arm-none-eabi-objdump -h -S motor_controller.elf  > "motor_controller.list"
   text	   data	    bss	    dec	    hex	filename
 109068	    736	  46152	 155956	  26134	motor_controller.elf
Finished building: default.size.stdout
 
Finished building: motor_controller.list
 
16:57:30 **** Incremental Build of configuration Debug for project motor_controller ****
make -j16 all 
docker pull microros/micro_ros_static_library_builder:humble && docker run --rm -v /home/natthanicha/FRA502_ROS2/ROS_PROJECT_WS/firmware/motor_controller:/project --env MICROROS_LIBRARY_FOLDER=micro_ros_stm32cubemx_utils/microros_static_library_ide microros/micro_ros_static_library_builder:humble
humble: Pulling from microros/micro_ros_static_library_builder
Digest: sha256:e291f74890e81b31eb1d70731cb79b2d767dd585269325031effc72952b24b9d
Status: Image is up to date for microros/micro_ros_static_library_builder:humble
docker.io/microros/micro_ros_static_library_builder:humble
dos2unix: converting file /project/micro_ros_stm32cubemx_utils/microros_static_library_ide/library_generation/library_generation.sh to Unix format...
micro-ROS library found. Skipping...
Delete micro_ros_stm32cubemx_utils/microros_static_library_ide/libmicroros/ for rebuild.
 
arm-none-eabi-size  motor_controller.elf 
   text	   data	    bss	    dec	    hex	filename
 109068	    736	  46152	 155956	  26134	motor_controller.elf
Finished building: default.size.stdout
 
16:58:18 **** Incremental Build of configuration Debug for project motor_controller ****
make -j16 all 
docker pull microros/micro_ros_static_library_builder:humble && docker run --rm -v /home/natthanicha/FRA502_ROS2/ROS_PROJECT_WS/firmware/motor_controller:/project --env MICROROS_LIBRARY_FOLDER=micro_ros_stm32cubemx_utils/microros_static_library_ide microros/micro_ros_static_library_builder:humble
humble: Pulling from microros/micro_ros_static_library_builder
Digest: sha256:e291f74890e81b31eb1d70731cb79b2d767dd585269325031effc72952b24b9d
Status: Image is up to date for microros/micro_ros_static_library_builder:humble
docker.io/microros/micro_ros_static_library_builder:humble
dos2unix: converting file /project/micro_ros_stm32cubemx_utils/microros_static_library_ide/library_generation/library_generation.sh to Unix format...
micro-ROS library found. Skipping...
Delete micro_ros_stm32cubemx_utils/microros_static_library_ide/libmicroros/ for rebuild.
 
arm-none-eabi-size  motor_controller.elf 
   text	   data	    bss	    dec	    hex	filename
 109068	    736	  46152	 155956	  26134	motor_controller.elf
Finished building: default.size.stdout
 
17:04:07 **** Incremental Build of configuration Debug for project motor_controller ****
make -j16 all 
docker pull microros/micro_ros_static_library_builder:humble && docker run --rm -v /home/natthanicha/FRA502_ROS2/ROS_PROJECT_WS/firmware/motor_controller:/project --env MICROROS_LIBRARY_FOLDER=micro_ros_stm32cubemx_utils/microros_static_library_ide microros/micro_ros_static_library_builder:humble
humble: Pulling from microros/micro_ros_static_library_builder
Digest: sha256:e291f74890e81b31eb1d70731cb79b2d767dd585269325031effc72952b24b9d
Status: Image is up to date for microros/micro_ros_static_library_builder:humble
docker.io/microros/micro_ros_static_library_builder:humble
dos2unix: converting file /project/micro_ros_stm32cubemx_utils/microros_static_library_ide/library_generation/library_generation.sh to Unix format...
micro-ROS library found. Skipping...
Delete micro_ros_stm32cubemx_utils/microros_static_library_ide/libmicroros/ for rebuild.
 
arm-none-eabi-size  motor_controller.elf 
   text	   data	    bss	    dec	    hex	filename
 109068	    736	  46152	 155956	  26134	motor_controller.elf
Finished building: default.size.stdout
 
17:09:29 **** Incremental Build of configuration Debug for project motor_controller ****
make -j16 all 
docker pull microros/micro_ros_static_library_builder:humble && docker run --rm -v /home/natthanicha/FRA502_ROS2/ROS_PROJECT_WS/firmware/motor_controller:/project --env MICROROS_LIBRARY_FOLDER=micro_ros_stm32cubemx_utils/microros_static_library_ide microros/micro_ros_static_library_builder:humble
humble: Pulling from microros/micro_ros_static_library_builder
Digest: sha256:e291f74890e81b31eb1d70731cb79b2d767dd585269325031effc72952b24b9d
Status: Image is up to date for microros/micro_ros_static_library_builder:humble
docker.io/microros/micro_ros_static_library_builder:humble
dos2unix: converting file /project/micro_ros_stm32cubemx_utils/microros_static_library_ide/library_generation/library_generation.sh to Unix format...
micro-ROS library found. Skipping...
Delete micro_ros_stm32cubemx_utils/microros_static_library_ide/libmicroros/ for rebuild.
 
arm-none-eabi-size  motor_controller.elf 
   text	   data	    bss	    dec	    hex	filename
 109068	    736	  46152	 155956	  26134	motor_controller.elf
Finished building: default.size.stdout
 
17:13:55 **** Incremental Build of configuration Debug for project motor_controller ****
make -j16 all 
docker pull microros/micro_ros_static_library_builder:humble && docker run --rm -v /home/natthanicha/FRA502_ROS2/ROS_PROJECT_WS/firmware/motor_controller:/project --env MICROROS_LIBRARY_FOLDER=micro_ros_stm32cubemx_utils/microros_static_library_ide microros/micro_ros_static_library_builder:humble
humble: Pulling from microros/micro_ros_static_library_builder
Digest: sha256:e291f74890e81b31eb1d70731cb79b2d767dd585269325031effc72952b24b9d
Status: Image is up to date for microros/micro_ros_static_library_builder:humble
docker.io/microros/micro_ros_static_library_builder:humble
dos2unix: converting file /project/micro_ros_stm32cubemx_utils/microros_static_library_ide/library_generation/library_generation.sh to Unix format...
micro-ROS library found. Skipping...
Delete micro_ros_stm32cubemx_utils/microros_static_library_ide/libmicroros/ for rebuild.
 
arm-none-eabi-gcc "../Core/Src/main.c" -mcpu=cortex-m4 -std=gnu11 -g3 -DDEBUG -DUSE_HAL_DRIVER -DSTM32G474xx -c -I../Core/Inc -I../micro_ros_stm32cubemx_utils/microros_static_library_ide/libmicroros/include -I../Drivers/STM32G4xx_HAL_Driver/Inc -I../Drivers/STM32G4xx_HAL_Driver/Inc/Legacy -I../Drivers/CMSIS/Device/ST/STM32G4xx/Include -I../Drivers/CMSIS/Include -I../Middlewares/Third_Party/FreeRTOS/Source/include -I../Middlewares/Third_Party/FreeRTOS/Source/CMSIS_RTOS_V2 -I../Middlewares/Third_Party/FreeRTOS/Source/portable/GCC/ARM_CM4F -O0 -ffunction-sections -fdata-sections -Wall -fstack-usage -fcyclomatic-complexity -MMD -MP -MF"Core/Src/main.d" -MT"Core/Src/main.o" --specs=nano.specs -mfpu=fpv4-sp-d16 -mfloat-abi=hard -mthumb -o "Core/Src/main.o"
../Core/Src/main.c: In function 'MIT_Controller_Update':
../Core/Src/main.c:181:15: warning: unused variable 'R' [-Wunused-variable]
  181 |         float R = gain_sub_msg.data.data[4];
      |               ^
../Core/Src/main.c:180:15: warning: unused variable 'Ke' [-Wunused-variable]
  180 |         float Ke = gain_sub_msg.data.data[3];
      |               ^~
../Core/Src/main.c:178:15: warning: unused variable 'Kd' [-Wunused-variable]
  178 |         float Kd = gain_sub_msg.data.data[1];
      |               ^~
../Core/Src/main.c:177:15: warning: unused variable 'Kp' [-Wunused-variable]
  177 |         float Kp = gain_sub_msg.data.data[0];
      |               ^~
../Core/Src/main.c:174:15: warning: unused variable 'vel' [-Wunused-variable]
  174 |         float vel = QEIdata.QEIAngularVelocity;
      |               ^~~
../Core/Src/main.c:173:15: warning: unused variable 'pos' [-Wunused-variable]
  173 |         float pos = pos_rad_full;
      |               ^~~
../Core/Src/main.c:165:15: warning: unused variable 'torque_ref' [-Wunused-variable]
  165 |         float torque_ref = ref_sub_msg.data.data[2];
      |               ^~~~~~~~~~
../Core/Src/main.c:164:15: warning: unused variable 'vel_ref' [-Wunused-variable]
  164 |         float vel_ref = ref_sub_msg.data.data[1];
      |               ^~~~~~~
../Core/Src/main.c:163:15: warning: unused variable 'pos_ref' [-Wunused-variable]
  163 |         float pos_ref = ref_sub_msg.data.data[0];
      |               ^~~~~~~
../Core/Src/main.c: In function 'reference_subscription_callback':
../Core/Src/main.c:342:44: warning: unused variable 'ref_sub_msg' [-Wunused-variable]
  342 |   const std_msgs__msg__Float32MultiArray * ref_sub_msg = (const std_msgs__msg__Float32MultiArray *)msgin;
      |                                            ^~~~~~~~~~~
../Core/Src/main.c: In function 'gain_subscription_callback':
../Core/Src/main.c:348:44: warning: unused variable 'gain_sub_msg' [-Wunused-variable]
  348 |   const std_msgs__msg__Float32MultiArray * gain_sub_msg = (const std_msgs__msg__Float32MultiArray *)msgin;
      |                                            ^~~~~~~~~~~~
../Core/Src/main.c: In function 'rl_action_subscription_callback':
../Core/Src/main.c:354:44: warning: unused variable 'rl_action_msg' [-Wunused-variable]
  354 |   const std_msgs__msg__Float32MultiArray * rl_action_msg = (const std_msgs__msg__Float32MultiArray *)msgin;
      |                                            ^~~~~~~~~~~~~
../Core/Src/main.c: In function 'StartDefaultTask':
../Core/Src/main.c:436:13: warning: unused variable 'rc' [-Wunused-variable]
  436 |   rcl_ret_t rc = rclc_subscription_init_default(
      |             ^~
../Core/Src/main.c: At top level:
../Core/Src/main.c:455:16: error: expected '=', ',', ';', 'asm' or '__attribute__' before '.' token
  455 |   rl_action_msg.data.capacity = 1;  // จำนวนข้อมูลสูงสุด ['pos', 'vel', 'torque']
      |                ^
../Core/Src/main.c:456:16: error: expected '=', ',', ';', 'asm' or '__attribute__' before '.' token
  456 |   rl_action_msg.data.size = 1;      // จำนวนข้อมูลที่จะส่ง
      |                ^
../Core/Src/main.c:457:16: error: expected '=', ',', ';', 'asm' or '__attribute__' before '.' token
  457 |   rl_action_msg.data.data = (float*) malloc(rl_action_msg.data.capacity * sizeof(float));
      |                ^
../Core/Src/main.c:459:3: error: expected identifier or '(' before 'if'
  459 |   if (rl_action_msg.data.data != NULL) {
      |   ^~
../Core/Src/main.c:463:18: error: initializer element is not constant
  463 |   rcl_ret_t rl = rclc_subscription_init_default(
      |                  ^~~~~~~~~~~~~~~~~~~~~~~~~~~~~~
../Core/Src/main.c:472:20: error: initializer element is not constant
  472 |   rcl_ret_t puku = rclc_subscription_init_default(
      |                    ^~~~~~~~~~~~~~~~~~~~~~~~~~~~~~
../Core/Src/main.c:480:3: warning: data definition has no type or storage class
  480 |   executor = rclc_executor_get_zero_initialized_executor();
      |   ^~~~~~~~
../Core/Src/main.c:480:3: warning: type defaults to 'int' in declaration of 'executor' [-Wimplicit-int]
../Core/Src/main.c:480:3: error: conflicting types for 'executor'; have 'int'
../Core/Src/main.c:70:25: note: previous declaration of 'executor' with type 'rclc_executor_t'
   70 |         rclc_executor_t executor;
      |                         ^~~~~~~~
../Core/Src/main.c:481:22: error: expected declaration specifiers or '...' before '&' token
  481 |   rclc_executor_init(&executor, &support.context, 5, &allocator);
      |                      ^
../Core/Src/main.c:481:33: error: expected declaration specifiers or '...' before '&' token
  481 |   rclc_executor_init(&executor, &support.context, 5, &allocator);
      |                                 ^
../Core/Src/main.c:481:51: error: expected declaration specifiers or '...' before numeric constant
  481 |   rclc_executor_init(&executor, &support.context, 5, &allocator);
      |                                                   ^
../Core/Src/main.c:481:54: error: expected declaration specifiers or '...' before '&' token
  481 |   rclc_executor_init(&executor, &support.context, 5, &allocator);
      |                                                      ^
../Core/Src/main.c:482:29: error: expected declaration specifiers or '...' before '&' token
  482 |   rclc_executor_set_timeout(&executor, RCL_MS_TO_NS(1));
      |                             ^
In file included from ../micro_ros_stm32cubemx_utils/microros_static_library_ide/libmicroros/include/rcutils/logging.h:27,
                 from ../micro_ros_stm32cubemx_utils/microros_static_library_ide/libmicroros/include/rmw/types.h:28,
                 from ../micro_ros_stm32cubemx_utils/microros_static_library_ide/libmicroros/include/rcl/types.h:20,
                 from ../micro_ros_stm32cubemx_utils/microros_static_library_ide/libmicroros/include/rcl/init_options.h:29,
                 from ../micro_ros_stm32cubemx_utils/microros_static_library_ide/libmicroros/include/rcl/context.h:31,
                 from ../micro_ros_stm32cubemx_utils/microros_static_library_ide/libmicroros/include/rcl/init.h:26,
                 from ../micro_ros_stm32cubemx_utils/microros_static_library_ide/libmicroros/include/rcl/rcl.h:76,
                 from ../Core/Src/main.c:29:
../micro_ros_stm32cubemx_utils/microros_static_library_ide/libmicroros/include/rcutils/time.h:34:40: error: expected declaration specifiers or '...' before '(' token
   34 | #define RCUTILS_MS_TO_NS(milliseconds) ((milliseconds) * (1000LL * 1000LL))
      |                                        ^
../micro_ros_stm32cubemx_utils/microros_static_library_ide/libmicroros/include/rcl/time.h:34:22: note: in expansion of macro 'RCUTILS_MS_TO_NS'
   34 | #define RCL_MS_TO_NS RCUTILS_MS_TO_NS
      |                      ^~~~~~~~~~~~~~~~
../Core/Src/main.c:482:40: note: in expansion of macro 'RCL_MS_TO_NS'
  482 |   rclc_executor_set_timeout(&executor, RCL_MS_TO_NS(1));
      |                                        ^~~~~~~~~~~~
../Core/Src/main.c:483:27: error: expected declaration specifiers or '...' before '&' token
  483 |   rclc_executor_add_timer(&executor, &timer);
      |                           ^
../Core/Src/main.c:483:38: error: expected declaration specifiers or '...' before '&' token
  483 |   rclc_executor_add_timer(&executor, &timer);
      |                                      ^
../Core/Src/main.c:484:27: error: expected declaration specifiers or '...' before '&' token
  484 |   rclc_executor_add_timer(&executor, &timer1);
      |                           ^
../Core/Src/main.c:484:38: error: expected declaration specifiers or '...' before '&' token
  484 |   rclc_executor_add_timer(&executor, &timer1);
      |                                      ^
../Core/Src/main.c:489:11: error: expected declaration specifiers or '...' before '&' token
  489 |           &executor,
      |           ^
../Core/Src/main.c:490:11: error: expected declaration specifiers or '...' before '&' token
  490 |           &ref_sub,
      |           ^
../Core/Src/main.c:491:11: error: expected declaration specifiers or '...' before '&' token
  491 |           &ref_sub_msg,
      |           ^
../Core/Src/main.c:492:11: error: expected declaration specifiers or '...' before '&' token
  492 |           &reference_subscription_callback,
      |           ^
../Core/Src/main.c:493:11: error: expected declaration specifiers or '...' before 'ON_NEW_DATA'
  493 |           ON_NEW_DATA
      |           ^~~~~~~~~~~
../Core/Src/main.c:498:11: error: expected declaration specifiers or '...' before '&' token
  498 |           &executor,
      |           ^
../Core/Src/main.c:499:11: error: expected declaration specifiers or '...' before '&' token
  499 |           &gain_sub,
      |           ^
../Core/Src/main.c:500:11: error: expected declaration specifiers or '...' before '&' token
  500 |           &gain_sub_msg,
      |           ^
../Core/Src/main.c:501:11: error: expected declaration specifiers or '...' before '&' token
  501 |           &gain_subscription_callback,
      |           ^
../Core/Src/main.c:502:11: error: expected declaration specifiers or '...' before 'ON_NEW_DATA'
  502 |           ON_NEW_DATA
      |           ^~~~~~~~~~~
../Core/Src/main.c:507:11: error: expected declaration specifiers or '...' before '&' token
  507 |           &executor,
      |           ^
../Core/Src/main.c:508:11: error: expected declaration specifiers or '...' before '&' token
  508 |           &rl_action_sub,
      |           ^
../Core/Src/main.c:509:11: error: expected declaration specifiers or '...' before '&' token
  509 |           &rl_action_msg,
      |           ^
../Core/Src/main.c:510:11: error: expected declaration specifiers or '...' before '&' token
  510 |           &rl_action_subscription_callback,
      |           ^
../Core/Src/main.c:511:11: error: expected declaration specifiers or '...' before 'ON_NEW_DATA'
  511 |           ON_NEW_DATA
      |           ^~~~~~~~~~~
../Core/Src/main.c:516:22: error: expected declaration specifiers or '...' before '&' token
  516 |   rclc_executor_spin(&executor);
      |                      ^
../Core/Src/main.c:518:3: error: expected identifier or '(' before 'for'
  518 |   for(;;)
      |   ^~~
../Core/Src/main.c:518:9: error: expected identifier or '(' before ')' token
  518 |   for(;;)
      |         ^
../Core/Src/main.c:525:1: error: expected identifier or '(' before '}' token
  525 | }
      | ^
../Core/Src/main.c:97:26: warning: 'pwm_operated' defined but not used [-Wunused-const-variable=]
   97 |         static const int pwm_operated = PERIOD_CONST - MOTOR_INIT_PERIOD_CONST;
      |                          ^~~~~~~~~~~~
make[1]: *** [Core/Src/subdir.mk:64: Core/Src/main.o] Error 1
make: *** [makefile:62: all] Error 2
"make -j16 all" terminated with exit code 2. Build might be incomplete.
17:14:32 **** Incremental Build of configuration Debug for project motor_controller ****
make -j16 all 
docker pull microros/micro_ros_static_library_builder:humble && docker run --rm -v /home/natthanicha/FRA502_ROS2/ROS_PROJECT_WS/firmware/motor_controller:/project --env MICROROS_LIBRARY_FOLDER=micro_ros_stm32cubemx_utils/microros_static_library_ide microros/micro_ros_static_library_builder:humble
humble: Pulling from microros/micro_ros_static_library_builder
Digest: sha256:e291f74890e81b31eb1d70731cb79b2d767dd585269325031effc72952b24b9d
Status: Image is up to date for microros/micro_ros_static_library_builder:humble
docker.io/microros/micro_ros_static_library_builder:humble
dos2unix: converting file /project/micro_ros_stm32cubemx_utils/microros_static_library_ide/library_generation/library_generation.sh to Unix format...
micro-ROS library found. Skipping...
Delete micro_ros_stm32cubemx_utils/microros_static_library_ide/libmicroros/ for rebuild.
 
arm-none-eabi-gcc "../Core/Src/main.c" -mcpu=cortex-m4 -std=gnu11 -g3 -DDEBUG -DUSE_HAL_DRIVER -DSTM32G474xx -c -I../Core/Inc -I../micro_ros_stm32cubemx_utils/microros_static_library_ide/libmicroros/include -I../Drivers/STM32G4xx_HAL_Driver/Inc -I../Drivers/STM32G4xx_HAL_Driver/Inc/Legacy -I../Drivers/CMSIS/Device/ST/STM32G4xx/Include -I../Drivers/CMSIS/Include -I../Middlewares/Third_Party/FreeRTOS/Source/include -I../Middlewares/Third_Party/FreeRTOS/Source/CMSIS_RTOS_V2 -I../Middlewares/Third_Party/FreeRTOS/Source/portable/GCC/ARM_CM4F -O0 -ffunction-sections -fdata-sections -Wall -fstack-usage -fcyclomatic-complexity -MMD -MP -MF"Core/Src/main.d" -MT"Core/Src/main.o" --specs=nano.specs -mfpu=fpv4-sp-d16 -mfloat-abi=hard -mthumb -o "Core/Src/main.o"
../Core/Src/main.c: In function 'MIT_Controller_Update':
../Core/Src/main.c:181:15: warning: unused variable 'R' [-Wunused-variable]
  181 |         float R = gain_sub_msg.data.data[4];
      |               ^
../Core/Src/main.c:180:15: warning: unused variable 'Ke' [-Wunused-variable]
  180 |         float Ke = gain_sub_msg.data.data[3];
      |               ^~
../Core/Src/main.c:178:15: warning: unused variable 'Kd' [-Wunused-variable]
  178 |         float Kd = gain_sub_msg.data.data[1];
      |               ^~
../Core/Src/main.c:177:15: warning: unused variable 'Kp' [-Wunused-variable]
  177 |         float Kp = gain_sub_msg.data.data[0];
      |               ^~
../Core/Src/main.c:174:15: warning: unused variable 'vel' [-Wunused-variable]
  174 |         float vel = QEIdata.QEIAngularVelocity;
      |               ^~~
../Core/Src/main.c:173:15: warning: unused variable 'pos' [-Wunused-variable]
  173 |         float pos = pos_rad_full;
      |               ^~~
../Core/Src/main.c:165:15: warning: unused variable 'torque_ref' [-Wunused-variable]
  165 |         float torque_ref = ref_sub_msg.data.data[2];
      |               ^~~~~~~~~~
../Core/Src/main.c:164:15: warning: unused variable 'vel_ref' [-Wunused-variable]
  164 |         float vel_ref = ref_sub_msg.data.data[1];
      |               ^~~~~~~
../Core/Src/main.c:163:15: warning: unused variable 'pos_ref' [-Wunused-variable]
  163 |         float pos_ref = ref_sub_msg.data.data[0];
      |               ^~~~~~~
../Core/Src/main.c: In function 'reference_subscription_callback':
../Core/Src/main.c:342:44: warning: unused variable 'ref_sub_msg' [-Wunused-variable]
  342 |   const std_msgs__msg__Float32MultiArray * ref_sub_msg = (const std_msgs__msg__Float32MultiArray *)msgin;
      |                                            ^~~~~~~~~~~
../Core/Src/main.c: In function 'gain_subscription_callback':
../Core/Src/main.c:348:44: warning: unused variable 'gain_sub_msg' [-Wunused-variable]
  348 |   const std_msgs__msg__Float32MultiArray * gain_sub_msg = (const std_msgs__msg__Float32MultiArray *)msgin;
      |                                            ^~~~~~~~~~~~
../Core/Src/main.c: In function 'rl_action_subscription_callback':
../Core/Src/main.c:354:44: warning: unused variable 'rl_action_msg' [-Wunused-variable]
  354 |   const std_msgs__msg__Float32MultiArray * rl_action_msg = (const std_msgs__msg__Float32MultiArray *)msgin;
      |                                            ^~~~~~~~~~~~~
../Core/Src/main.c: In function 'StartDefaultTask':
../Core/Src/main.c:436:13: warning: unused variable 'rc' [-Wunused-variable]
  436 |   rcl_ret_t rc = rclc_subscription_init_default(
      |             ^~
../Core/Src/main.c: At top level:
../Core/Src/main.c:455:16: error: expected '=', ',', ';', 'asm' or '__attribute__' before '.' token
  455 |   rl_action_msg.data.capacity = 1;  // จำนวนข้อมูลสูงสุด ['pos', 'vel', 'torque']
      |                ^
../Core/Src/main.c:456:16: error: expected '=', ',', ';', 'asm' or '__attribute__' before '.' token
  456 |   rl_action_msg.data.size = 1;      // จำนวนข้อมูลที่จะส่ง
      |                ^
../Core/Src/main.c:457:16: error: expected '=', ',', ';', 'asm' or '__attribute__' before '.' token
  457 |   rl_action_msg.data.data = (float*) malloc(rl_action_msg.data.capacity * sizeof(float));
      |                ^
../Core/Src/main.c:459:3: error: expected identifier or '(' before 'if'
  459 |   if (rl_action_msg.data.data != NULL) {
      |   ^~
../Core/Src/main.c:463:18: error: initializer element is not constant
  463 |   rcl_ret_t rl = rclc_subscription_init_default(
      |                  ^~~~~~~~~~~~~~~~~~~~~~~~~~~~~~
../Core/Src/main.c:472:20: error: initializer element is not constant
  472 |   rcl_ret_t puku = rclc_subscription_init_default(
      |                    ^~~~~~~~~~~~~~~~~~~~~~~~~~~~~~
../Core/Src/main.c:480:3: warning: data definition has no type or storage class
  480 |   executor = rclc_executor_get_zero_initialized_executor();
      |   ^~~~~~~~
../Core/Src/main.c:480:3: warning: type defaults to 'int' in declaration of 'executor' [-Wimplicit-int]
../Core/Src/main.c:480:3: error: conflicting types for 'executor'; have 'int'
../Core/Src/main.c:70:25: note: previous declaration of 'executor' with type 'rclc_executor_t'
   70 |         rclc_executor_t executor;
      |                         ^~~~~~~~
../Core/Src/main.c:481:22: error: expected declaration specifiers or '...' before '&' token
  481 |   rclc_executor_init(&executor, &support.context, 5, &allocator);
      |                      ^
../Core/Src/main.c:481:33: error: expected declaration specifiers or '...' before '&' token
  481 |   rclc_executor_init(&executor, &support.context, 5, &allocator);
      |                                 ^
../Core/Src/main.c:481:51: error: expected declaration specifiers or '...' before numeric constant
  481 |   rclc_executor_init(&executor, &support.context, 5, &allocator);
      |                                                   ^
../Core/Src/main.c:481:54: error: expected declaration specifiers or '...' before '&' token
  481 |   rclc_executor_init(&executor, &support.context, 5, &allocator);
      |                                                      ^
../Core/Src/main.c:482:29: error: expected declaration specifiers or '...' before '&' token
  482 |   rclc_executor_set_timeout(&executor, RCL_MS_TO_NS(1));
      |                             ^
In file included from ../micro_ros_stm32cubemx_utils/microros_static_library_ide/libmicroros/include/rcutils/logging.h:27,
                 from ../micro_ros_stm32cubemx_utils/microros_static_library_ide/libmicroros/include/rmw/types.h:28,
                 from ../micro_ros_stm32cubemx_utils/microros_static_library_ide/libmicroros/include/rcl/types.h:20,
                 from ../micro_ros_stm32cubemx_utils/microros_static_library_ide/libmicroros/include/rcl/init_options.h:29,
                 from ../micro_ros_stm32cubemx_utils/microros_static_library_ide/libmicroros/include/rcl/context.h:31,
                 from ../micro_ros_stm32cubemx_utils/microros_static_library_ide/libmicroros/include/rcl/init.h:26,
                 from ../micro_ros_stm32cubemx_utils/microros_static_library_ide/libmicroros/include/rcl/rcl.h:76,
                 from ../Core/Src/main.c:29:
../micro_ros_stm32cubemx_utils/microros_static_library_ide/libmicroros/include/rcutils/time.h:34:40: error: expected declaration specifiers or '...' before '(' token
   34 | #define RCUTILS_MS_TO_NS(milliseconds) ((milliseconds) * (1000LL * 1000LL))
      |                                        ^
../micro_ros_stm32cubemx_utils/microros_static_library_ide/libmicroros/include/rcl/time.h:34:22: note: in expansion of macro 'RCUTILS_MS_TO_NS'
   34 | #define RCL_MS_TO_NS RCUTILS_MS_TO_NS
      |                      ^~~~~~~~~~~~~~~~
../Core/Src/main.c:482:40: note: in expansion of macro 'RCL_MS_TO_NS'
  482 |   rclc_executor_set_timeout(&executor, RCL_MS_TO_NS(1));
      |                                        ^~~~~~~~~~~~
../Core/Src/main.c:483:27: error: expected declaration specifiers or '...' before '&' token
  483 |   rclc_executor_add_timer(&executor, &timer);
      |                           ^
../Core/Src/main.c:483:38: error: expected declaration specifiers or '...' before '&' token
  483 |   rclc_executor_add_timer(&executor, &timer);
      |                                      ^
../Core/Src/main.c:484:27: error: expected declaration specifiers or '...' before '&' token
  484 |   rclc_executor_add_timer(&executor, &timer1);
      |                           ^
../Core/Src/main.c:484:38: error: expected declaration specifiers or '...' before '&' token
  484 |   rclc_executor_add_timer(&executor, &timer1);
      |                                      ^
../Core/Src/main.c:489:11: error: expected declaration specifiers or '...' before '&' token
  489 |           &executor,
      |           ^
../Core/Src/main.c:490:11: error: expected declaration specifiers or '...' before '&' token
  490 |           &ref_sub,
      |           ^
../Core/Src/main.c:491:11: error: expected declaration specifiers or '...' before '&' token
  491 |           &ref_sub_msg,
      |           ^
../Core/Src/main.c:492:11: error: expected declaration specifiers or '...' before '&' token
  492 |           &reference_subscription_callback,
      |           ^
../Core/Src/main.c:493:11: error: expected declaration specifiers or '...' before 'ON_NEW_DATA'
  493 |           ON_NEW_DATA
      |           ^~~~~~~~~~~
../Core/Src/main.c:498:11: error: expected declaration specifiers or '...' before '&' token
  498 |           &executor,
      |           ^
../Core/Src/main.c:499:11: error: expected declaration specifiers or '...' before '&' token
  499 |           &gain_sub,
      |           ^
../Core/Src/main.c:500:11: error: expected declaration specifiers or '...' before '&' token
  500 |           &gain_sub_msg,
      |           ^
../Core/Src/main.c:501:11: error: expected declaration specifiers or '...' before '&' token
  501 |           &gain_subscription_callback,
      |           ^
../Core/Src/main.c:502:11: error: expected declaration specifiers or '...' before 'ON_NEW_DATA'
  502 |           ON_NEW_DATA
      |           ^~~~~~~~~~~
../Core/Src/main.c:507:11: error: expected declaration specifiers or '...' before '&' token
  507 |           &executor,
      |           ^
../Core/Src/main.c:508:11: error: expected declaration specifiers or '...' before '&' token
  508 |           &rl_action_sub,
      |           ^
../Core/Src/main.c:509:11: error: expected declaration specifiers or '...' before '&' token
  509 |           &rl_action_msg,
      |           ^
../Core/Src/main.c:510:11: error: expected declaration specifiers or '...' before '&' token
  510 |           &rl_action_subscription_callback,
      |           ^
../Core/Src/main.c:511:11: error: expected declaration specifiers or '...' before 'ON_NEW_DATA'
  511 |           ON_NEW_DATA
      |           ^~~~~~~~~~~
../Core/Src/main.c:516:22: error: expected declaration specifiers or '...' before '&' token
  516 |   rclc_executor_spin(&executor);
      |                      ^
../Core/Src/main.c:518:3: error: expected identifier or '(' before 'for'
  518 |   for(;;)
      |   ^~~
../Core/Src/main.c:518:9: error: expected identifier or '(' before ')' token
  518 |   for(;;)
      |         ^
../Core/Src/main.c:525:1: error: expected identifier or '(' before '}' token
  525 | }
      | ^
../Core/Src/main.c:97:26: warning: 'pwm_operated' defined but not used [-Wunused-const-variable=]
   97 |         static const int pwm_operated = PERIOD_CONST - MOTOR_INIT_PERIOD_CONST;
      |                          ^~~~~~~~~~~~
make[1]: *** [Core/Src/subdir.mk:64: Core/Src/main.o] Error 1
make: *** [makefile:62: all] Error 2
"make -j16 all" terminated with exit code 2. Build might be incomplete.
17:14:50 **** Incremental Build of configuration Debug for project motor_controller ****
make -j16 all 
docker pull microros/micro_ros_static_library_builder:humble && docker run --rm -v /home/natthanicha/FRA502_ROS2/ROS_PROJECT_WS/firmware/motor_controller:/project --env MICROROS_LIBRARY_FOLDER=micro_ros_stm32cubemx_utils/microros_static_library_ide microros/micro_ros_static_library_builder:humble
humble: Pulling from microros/micro_ros_static_library_builder
Digest: sha256:e291f74890e81b31eb1d70731cb79b2d767dd585269325031effc72952b24b9d
Status: Image is up to date for microros/micro_ros_static_library_builder:humble
docker.io/microros/micro_ros_static_library_builder:humble
dos2unix: converting file /project/micro_ros_stm32cubemx_utils/microros_static_library_ide/library_generation/library_generation.sh to Unix format...
micro-ROS library found. Skipping...
Delete micro_ros_stm32cubemx_utils/microros_static_library_ide/libmicroros/ for rebuild.
 
arm-none-eabi-gcc "../Core/Src/main.c" -mcpu=cortex-m4 -std=gnu11 -g3 -DDEBUG -DUSE_HAL_DRIVER -DSTM32G474xx -c -I../Core/Inc -I../micro_ros_stm32cubemx_utils/microros_static_library_ide/libmicroros/include -I../Drivers/STM32G4xx_HAL_Driver/Inc -I../Drivers/STM32G4xx_HAL_Driver/Inc/Legacy -I../Drivers/CMSIS/Device/ST/STM32G4xx/Include -I../Drivers/CMSIS/Include -I../Middlewares/Third_Party/FreeRTOS/Source/include -I../Middlewares/Third_Party/FreeRTOS/Source/CMSIS_RTOS_V2 -I../Middlewares/Third_Party/FreeRTOS/Source/portable/GCC/ARM_CM4F -O0 -ffunction-sections -fdata-sections -Wall -fstack-usage -fcyclomatic-complexity -MMD -MP -MF"Core/Src/main.d" -MT"Core/Src/main.o" --specs=nano.specs -mfpu=fpv4-sp-d16 -mfloat-abi=hard -mthumb -o "Core/Src/main.o"
../Core/Src/main.c: In function 'MIT_Controller_Update':
../Core/Src/main.c:181:15: warning: unused variable 'R' [-Wunused-variable]
  181 |         float R = gain_sub_msg.data.data[4];
      |               ^
../Core/Src/main.c:180:15: warning: unused variable 'Ke' [-Wunused-variable]
  180 |         float Ke = gain_sub_msg.data.data[3];
      |               ^~
../Core/Src/main.c:178:15: warning: unused variable 'Kd' [-Wunused-variable]
  178 |         float Kd = gain_sub_msg.data.data[1];
      |               ^~
../Core/Src/main.c:177:15: warning: unused variable 'Kp' [-Wunused-variable]
  177 |         float Kp = gain_sub_msg.data.data[0];
      |               ^~
../Core/Src/main.c:174:15: warning: unused variable 'vel' [-Wunused-variable]
  174 |         float vel = QEIdata.QEIAngularVelocity;
      |               ^~~
../Core/Src/main.c:173:15: warning: unused variable 'pos' [-Wunused-variable]
  173 |         float pos = pos_rad_full;
      |               ^~~
../Core/Src/main.c:165:15: warning: unused variable 'torque_ref' [-Wunused-variable]
  165 |         float torque_ref = ref_sub_msg.data.data[2];
      |               ^~~~~~~~~~
../Core/Src/main.c:164:15: warning: unused variable 'vel_ref' [-Wunused-variable]
  164 |         float vel_ref = ref_sub_msg.data.data[1];
      |               ^~~~~~~
../Core/Src/main.c:163:15: warning: unused variable 'pos_ref' [-Wunused-variable]
  163 |         float pos_ref = ref_sub_msg.data.data[0];
      |               ^~~~~~~
../Core/Src/main.c: In function 'reference_subscription_callback':
../Core/Src/main.c:342:44: warning: unused variable 'ref_sub_msg' [-Wunused-variable]
  342 |   const std_msgs__msg__Float32MultiArray * ref_sub_msg = (const std_msgs__msg__Float32MultiArray *)msgin;
      |                                            ^~~~~~~~~~~
../Core/Src/main.c: In function 'gain_subscription_callback':
../Core/Src/main.c:348:44: warning: unused variable 'gain_sub_msg' [-Wunused-variable]
  348 |   const std_msgs__msg__Float32MultiArray * gain_sub_msg = (const std_msgs__msg__Float32MultiArray *)msgin;
      |                                            ^~~~~~~~~~~~
../Core/Src/main.c: In function 'rl_action_subscription_callback':
../Core/Src/main.c:354:44: warning: unused variable 'rl_action_msg' [-Wunused-variable]
  354 |   const std_msgs__msg__Float32MultiArray * rl_action_msg = (const std_msgs__msg__Float32MultiArray *)msgin;
      |                                            ^~~~~~~~~~~~~
../Core/Src/main.c: In function 'StartDefaultTask':
../Core/Src/main.c:436:13: warning: unused variable 'rc' [-Wunused-variable]
  436 |   rcl_ret_t rc = rclc_subscription_init_default(
      |             ^~
../Core/Src/main.c: At top level:
../Core/Src/main.c:455:16: error: expected '=', ',', ';', 'asm' or '__attribute__' before '.' token
  455 |   rl_action_msg.data.capacity = 1;  // จำนวนข้อมูลสูงสุด ['pos', 'vel', 'torque']
      |                ^
../Core/Src/main.c:456:16: error: expected '=', ',', ';', 'asm' or '__attribute__' before '.' token
  456 |   rl_action_msg.data.size = 1;      // จำนวนข้อมูลที่จะส่ง
      |                ^
../Core/Src/main.c:457:16: error: expected '=', ',', ';', 'asm' or '__attribute__' before '.' token
  457 |   rl_action_msg.data.data = (float*) malloc(rl_action_msg.data.capacity * sizeof(float));
      |                ^
../Core/Src/main.c:459:3: error: expected identifier or '(' before 'if'
  459 |   if (rl_action_msg.data.data != NULL) {
      |   ^~
../Core/Src/main.c:463:18: error: initializer element is not constant
  463 |   rcl_ret_t rl = rclc_subscription_init_default(
      |                  ^~~~~~~~~~~~~~~~~~~~~~~~~~~~~~
../Core/Src/main.c:472:20: error: initializer element is not constant
  472 |   rcl_ret_t puku = rclc_subscription_init_default(
      |                    ^~~~~~~~~~~~~~~~~~~~~~~~~~~~~~
../Core/Src/main.c:480:3: warning: data definition has no type or storage class
  480 |   executor = rclc_executor_get_zero_initialized_executor();
      |   ^~~~~~~~
../Core/Src/main.c:480:3: warning: type defaults to 'int' in declaration of 'executor' [-Wimplicit-int]
../Core/Src/main.c:480:3: error: conflicting types for 'executor'; have 'int'
../Core/Src/main.c:70:25: note: previous declaration of 'executor' with type 'rclc_executor_t'
   70 |         rclc_executor_t executor;
      |                         ^~~~~~~~
../Core/Src/main.c:481:22: error: expected declaration specifiers or '...' before '&' token
  481 |   rclc_executor_init(&executor, &support.context, 5, &allocator);
      |                      ^
../Core/Src/main.c:481:33: error: expected declaration specifiers or '...' before '&' token
  481 |   rclc_executor_init(&executor, &support.context, 5, &allocator);
      |                                 ^
../Core/Src/main.c:481:51: error: expected declaration specifiers or '...' before numeric constant
  481 |   rclc_executor_init(&executor, &support.context, 5, &allocator);
      |                                                   ^
../Core/Src/main.c:481:54: error: expected declaration specifiers or '...' before '&' token
  481 |   rclc_executor_init(&executor, &support.context, 5, &allocator);
      |                                                      ^
../Core/Src/main.c:482:29: error: expected declaration specifiers or '...' before '&' token
  482 |   rclc_executor_set_timeout(&executor, RCL_MS_TO_NS(1));
      |                             ^
In file included from ../micro_ros_stm32cubemx_utils/microros_static_library_ide/libmicroros/include/rcutils/logging.h:27,
                 from ../micro_ros_stm32cubemx_utils/microros_static_library_ide/libmicroros/include/rmw/types.h:28,
                 from ../micro_ros_stm32cubemx_utils/microros_static_library_ide/libmicroros/include/rcl/types.h:20,
                 from ../micro_ros_stm32cubemx_utils/microros_static_library_ide/libmicroros/include/rcl/init_options.h:29,
                 from ../micro_ros_stm32cubemx_utils/microros_static_library_ide/libmicroros/include/rcl/context.h:31,
                 from ../micro_ros_stm32cubemx_utils/microros_static_library_ide/libmicroros/include/rcl/init.h:26,
                 from ../micro_ros_stm32cubemx_utils/microros_static_library_ide/libmicroros/include/rcl/rcl.h:76,
                 from ../Core/Src/main.c:29:
../micro_ros_stm32cubemx_utils/microros_static_library_ide/libmicroros/include/rcutils/time.h:34:40: error: expected declaration specifiers or '...' before '(' token
   34 | #define RCUTILS_MS_TO_NS(milliseconds) ((milliseconds) * (1000LL * 1000LL))
      |                                        ^
../micro_ros_stm32cubemx_utils/microros_static_library_ide/libmicroros/include/rcl/time.h:34:22: note: in expansion of macro 'RCUTILS_MS_TO_NS'
   34 | #define RCL_MS_TO_NS RCUTILS_MS_TO_NS
      |                      ^~~~~~~~~~~~~~~~
../Core/Src/main.c:482:40: note: in expansion of macro 'RCL_MS_TO_NS'
  482 |   rclc_executor_set_timeout(&executor, RCL_MS_TO_NS(1));
      |                                        ^~~~~~~~~~~~
../Core/Src/main.c:483:27: error: expected declaration specifiers or '...' before '&' token
  483 |   rclc_executor_add_timer(&executor, &timer);
      |                           ^
../Core/Src/main.c:483:38: error: expected declaration specifiers or '...' before '&' token
  483 |   rclc_executor_add_timer(&executor, &timer);
      |                                      ^
../Core/Src/main.c:484:27: error: expected declaration specifiers or '...' before '&' token
  484 |   rclc_executor_add_timer(&executor, &timer1);
      |                           ^
../Core/Src/main.c:484:38: error: expected declaration specifiers or '...' before '&' token
  484 |   rclc_executor_add_timer(&executor, &timer1);
      |                                      ^
../Core/Src/main.c:489:11: error: expected declaration specifiers or '...' before '&' token
  489 |           &executor,
      |           ^
../Core/Src/main.c:490:11: error: expected declaration specifiers or '...' before '&' token
  490 |           &ref_sub,
      |           ^
../Core/Src/main.c:491:11: error: expected declaration specifiers or '...' before '&' token
  491 |           &ref_sub_msg,
      |           ^
../Core/Src/main.c:492:11: error: expected declaration specifiers or '...' before '&' token
  492 |           &reference_subscription_callback,
      |           ^
../Core/Src/main.c:493:11: error: expected declaration specifiers or '...' before 'ON_NEW_DATA'
  493 |           ON_NEW_DATA
      |           ^~~~~~~~~~~
../Core/Src/main.c:498:11: error: expected declaration specifiers or '...' before '&' token
  498 |           &executor,
      |           ^
../Core/Src/main.c:499:11: error: expected declaration specifiers or '...' before '&' token
  499 |           &gain_sub,
      |           ^
../Core/Src/main.c:500:11: error: expected declaration specifiers or '...' before '&' token
  500 |           &gain_sub_msg,
      |           ^
../Core/Src/main.c:501:11: error: expected declaration specifiers or '...' before '&' token
  501 |           &gain_subscription_callback,
      |           ^
../Core/Src/main.c:502:11: error: expected declaration specifiers or '...' before 'ON_NEW_DATA'
  502 |           ON_NEW_DATA
      |           ^~~~~~~~~~~
../Core/Src/main.c:507:11: error: expected declaration specifiers or '...' before '&' token
  507 |           &executor,
      |           ^
../Core/Src/main.c:508:11: error: expected declaration specifiers or '...' before '&' token
  508 |           &rl_action_sub,
      |           ^
../Core/Src/main.c:509:11: error: expected declaration specifiers or '...' before '&' token
  509 |           &rl_action_msg,
      |           ^
../Core/Src/main.c:510:11: error: expected declaration specifiers or '...' before '&' token
  510 |           &rl_action_subscription_callback,
      |           ^
../Core/Src/main.c:511:11: error: expected declaration specifiers or '...' before 'ON_NEW_DATA'
  511 |           ON_NEW_DATA
      |           ^~~~~~~~~~~
../Core/Src/main.c:516:22: error: expected declaration specifiers or '...' before '&' token
  516 |   rclc_executor_spin(&executor);
      |                      ^
../Core/Src/main.c:518:3: error: expected identifier or '(' before 'for'
  518 |   for(;;)
      |   ^~~
../Core/Src/main.c:518:9: error: expected identifier or '(' before ')' token
  518 |   for(;;)
      |         ^
../Core/Src/main.c:525:1: error: expected identifier or '(' before '}' token
  525 | }
      | ^
../Core/Src/main.c:97:26: warning: 'pwm_operated' defined but not used [-Wunused-const-variable=]
   97 |         static const int pwm_operated = PERIOD_CONST - MOTOR_INIT_PERIOD_CONST;
      |                          ^~~~~~~~~~~~
make[1]: *** [Core/Src/subdir.mk:64: Core/Src/main.o] Error 1
make: *** [makefile:62: all] Error 2
"make -j16 all" terminated with exit code 2. Build might be incomplete.
17:15:14 **** Incremental Build of configuration Debug for project motor_controller ****
make -j16 all 
docker pull microros/micro_ros_static_library_builder:humble && docker run --rm -v /home/natthanicha/FRA502_ROS2/ROS_PROJECT_WS/firmware/motor_controller:/project --env MICROROS_LIBRARY_FOLDER=micro_ros_stm32cubemx_utils/microros_static_library_ide microros/micro_ros_static_library_builder:humble
humble: Pulling from microros/micro_ros_static_library_builder
Digest: sha256:e291f74890e81b31eb1d70731cb79b2d767dd585269325031effc72952b24b9d
Status: Image is up to date for microros/micro_ros_static_library_builder:humble
docker.io/microros/micro_ros_static_library_builder:humble
dos2unix: converting file /project/micro_ros_stm32cubemx_utils/microros_static_library_ide/library_generation/library_generation.sh to Unix format...
micro-ROS library found. Skipping...
Delete micro_ros_stm32cubemx_utils/microros_static_library_ide/libmicroros/ for rebuild.
 
arm-none-eabi-gcc "../Core/Src/main.c" -mcpu=cortex-m4 -std=gnu11 -g3 -DDEBUG -DUSE_HAL_DRIVER -DSTM32G474xx -c -I../Core/Inc -I../micro_ros_stm32cubemx_utils/microros_static_library_ide/libmicroros/include -I../Drivers/STM32G4xx_HAL_Driver/Inc -I../Drivers/STM32G4xx_HAL_Driver/Inc/Legacy -I../Drivers/CMSIS/Device/ST/STM32G4xx/Include -I../Drivers/CMSIS/Include -I../Middlewares/Third_Party/FreeRTOS/Source/include -I../Middlewares/Third_Party/FreeRTOS/Source/CMSIS_RTOS_V2 -I../Middlewares/Third_Party/FreeRTOS/Source/portable/GCC/ARM_CM4F -O0 -ffunction-sections -fdata-sections -Wall -fstack-usage -fcyclomatic-complexity -MMD -MP -MF"Core/Src/main.d" -MT"Core/Src/main.o" --specs=nano.specs -mfpu=fpv4-sp-d16 -mfloat-abi=hard -mthumb -o "Core/Src/main.o"
../Core/Src/main.c: In function 'MIT_Controller_Update':
../Core/Src/main.c:181:15: warning: unused variable 'R' [-Wunused-variable]
  181 |         float R = gain_sub_msg.data.data[4];
      |               ^
../Core/Src/main.c:180:15: warning: unused variable 'Ke' [-Wunused-variable]
  180 |         float Ke = gain_sub_msg.data.data[3];
      |               ^~
../Core/Src/main.c:178:15: warning: unused variable 'Kd' [-Wunused-variable]
  178 |         float Kd = gain_sub_msg.data.data[1];
      |               ^~
../Core/Src/main.c:177:15: warning: unused variable 'Kp' [-Wunused-variable]
  177 |         float Kp = gain_sub_msg.data.data[0];
      |               ^~
../Core/Src/main.c:174:15: warning: unused variable 'vel' [-Wunused-variable]
  174 |         float vel = QEIdata.QEIAngularVelocity;
      |               ^~~
../Core/Src/main.c:173:15: warning: unused variable 'pos' [-Wunused-variable]
  173 |         float pos = pos_rad_full;
      |               ^~~
../Core/Src/main.c:165:15: warning: unused variable 'torque_ref' [-Wunused-variable]
  165 |         float torque_ref = ref_sub_msg.data.data[2];
      |               ^~~~~~~~~~
../Core/Src/main.c:164:15: warning: unused variable 'vel_ref' [-Wunused-variable]
  164 |         float vel_ref = ref_sub_msg.data.data[1];
      |               ^~~~~~~
../Core/Src/main.c:163:15: warning: unused variable 'pos_ref' [-Wunused-variable]
  163 |         float pos_ref = ref_sub_msg.data.data[0];
      |               ^~~~~~~
../Core/Src/main.c: In function 'reference_subscription_callback':
../Core/Src/main.c:342:44: warning: unused variable 'ref_sub_msg' [-Wunused-variable]
  342 |   const std_msgs__msg__Float32MultiArray * ref_sub_msg = (const std_msgs__msg__Float32MultiArray *)msgin;
      |                                            ^~~~~~~~~~~
../Core/Src/main.c: In function 'gain_subscription_callback':
../Core/Src/main.c:348:44: warning: unused variable 'gain_sub_msg' [-Wunused-variable]
  348 |   const std_msgs__msg__Float32MultiArray * gain_sub_msg = (const std_msgs__msg__Float32MultiArray *)msgin;
      |                                            ^~~~~~~~~~~~
../Core/Src/main.c: In function 'rl_action_subscription_callback':
../Core/Src/main.c:354:44: warning: unused variable 'rl_action_msg' [-Wunused-variable]
  354 |   const std_msgs__msg__Float32MultiArray * rl_action_msg = (const std_msgs__msg__Float32MultiArray *)msgin;
      |                                            ^~~~~~~~~~~~~
../Core/Src/main.c: In function 'StartDefaultTask':
../Core/Src/main.c:436:13: warning: unused variable 'rc' [-Wunused-variable]
  436 |   rcl_ret_t rc = rclc_subscription_init_default(
      |             ^~
../Core/Src/main.c: At top level:
../Core/Src/main.c:455:16: error: expected '=', ',', ';', 'asm' or '__attribute__' before '.' token
  455 |   rl_action_msg.data.capacity = 1;  // จำนวนข้อมูลสูงสุด ['pos', 'vel', 'torque']
      |                ^
../Core/Src/main.c:456:16: error: expected '=', ',', ';', 'asm' or '__attribute__' before '.' token
  456 |   rl_action_msg.data.size = 1;      // จำนวนข้อมูลที่จะส่ง
      |                ^
../Core/Src/main.c:457:16: error: expected '=', ',', ';', 'asm' or '__attribute__' before '.' token
  457 |   rl_action_msg.data.data = (float*) malloc(rl_action_msg.data.capacity * sizeof(float));
      |                ^
../Core/Src/main.c:459:3: error: expected identifier or '(' before 'if'
  459 |   if (rl_action_msg.data.data != NULL) {
      |   ^~
../Core/Src/main.c:463:18: error: initializer element is not constant
  463 |   rcl_ret_t rl = rclc_subscription_init_default(
      |                  ^~~~~~~~~~~~~~~~~~~~~~~~~~~~~~
../Core/Src/main.c:472:20: error: initializer element is not constant
  472 |   rcl_ret_t puku = rclc_subscription_init_default(
      |                    ^~~~~~~~~~~~~~~~~~~~~~~~~~~~~~
../Core/Src/main.c:480:3: warning: data definition has no type or storage class
  480 |   executor = rclc_executor_get_zero_initialized_executor();
      |   ^~~~~~~~
../Core/Src/main.c:480:3: warning: type defaults to 'int' in declaration of 'executor' [-Wimplicit-int]
../Core/Src/main.c:480:3: error: conflicting types for 'executor'; have 'int'
../Core/Src/main.c:70:25: note: previous declaration of 'executor' with type 'rclc_executor_t'
   70 |         rclc_executor_t executor;
      |                         ^~~~~~~~
../Core/Src/main.c:481:22: error: expected declaration specifiers or '...' before '&' token
  481 |   rclc_executor_init(&executor, &support.context, 5, &allocator);
      |                      ^
../Core/Src/main.c:481:33: error: expected declaration specifiers or '...' before '&' token
  481 |   rclc_executor_init(&executor, &support.context, 5, &allocator);
      |                                 ^
../Core/Src/main.c:481:51: error: expected declaration specifiers or '...' before numeric constant
  481 |   rclc_executor_init(&executor, &support.context, 5, &allocator);
      |                                                   ^
../Core/Src/main.c:481:54: error: expected declaration specifiers or '...' before '&' token
  481 |   rclc_executor_init(&executor, &support.context, 5, &allocator);
      |                                                      ^
../Core/Src/main.c:482:29: error: expected declaration specifiers or '...' before '&' token
  482 |   rclc_executor_set_timeout(&executor, RCL_MS_TO_NS(1));
      |                             ^
In file included from ../micro_ros_stm32cubemx_utils/microros_static_library_ide/libmicroros/include/rcutils/logging.h:27,
                 from ../micro_ros_stm32cubemx_utils/microros_static_library_ide/libmicroros/include/rmw/types.h:28,
                 from ../micro_ros_stm32cubemx_utils/microros_static_library_ide/libmicroros/include/rcl/types.h:20,
                 from ../micro_ros_stm32cubemx_utils/microros_static_library_ide/libmicroros/include/rcl/init_options.h:29,
                 from ../micro_ros_stm32cubemx_utils/microros_static_library_ide/libmicroros/include/rcl/context.h:31,
                 from ../micro_ros_stm32cubemx_utils/microros_static_library_ide/libmicroros/include/rcl/init.h:26,
                 from ../micro_ros_stm32cubemx_utils/microros_static_library_ide/libmicroros/include/rcl/rcl.h:76,
                 from ../Core/Src/main.c:29:
../micro_ros_stm32cubemx_utils/microros_static_library_ide/libmicroros/include/rcutils/time.h:34:40: error: expected declaration specifiers or '...' before '(' token
   34 | #define RCUTILS_MS_TO_NS(milliseconds) ((milliseconds) * (1000LL * 1000LL))
      |                                        ^
../micro_ros_stm32cubemx_utils/microros_static_library_ide/libmicroros/include/rcl/time.h:34:22: note: in expansion of macro 'RCUTILS_MS_TO_NS'
   34 | #define RCL_MS_TO_NS RCUTILS_MS_TO_NS
      |                      ^~~~~~~~~~~~~~~~
../Core/Src/main.c:482:40: note: in expansion of macro 'RCL_MS_TO_NS'
  482 |   rclc_executor_set_timeout(&executor, RCL_MS_TO_NS(1));
      |                                        ^~~~~~~~~~~~
../Core/Src/main.c:483:27: error: expected declaration specifiers or '...' before '&' token
  483 |   rclc_executor_add_timer(&executor, &timer);
      |                           ^
../Core/Src/main.c:483:38: error: expected declaration specifiers or '...' before '&' token
  483 |   rclc_executor_add_timer(&executor, &timer);
      |                                      ^
../Core/Src/main.c:484:27: error: expected declaration specifiers or '...' before '&' token
  484 |   rclc_executor_add_timer(&executor, &timer1);
      |                           ^
../Core/Src/main.c:484:38: error: expected declaration specifiers or '...' before '&' token
  484 |   rclc_executor_add_timer(&executor, &timer1);
      |                                      ^
../Core/Src/main.c:489:11: error: expected declaration specifiers or '...' before '&' token
  489 |           &executor,
      |           ^
../Core/Src/main.c:490:11: error: expected declaration specifiers or '...' before '&' token
  490 |           &ref_sub,
      |           ^
../Core/Src/main.c:491:11: error: expected declaration specifiers or '...' before '&' token
  491 |           &ref_sub_msg,
      |           ^
../Core/Src/main.c:492:11: error: expected declaration specifiers or '...' before '&' token
  492 |           &reference_subscription_callback,
      |           ^
../Core/Src/main.c:493:11: error: expected declaration specifiers or '...' before 'ON_NEW_DATA'
  493 |           ON_NEW_DATA
      |           ^~~~~~~~~~~
../Core/Src/main.c:498:11: error: expected declaration specifiers or '...' before '&' token
  498 |           &executor,
      |           ^
../Core/Src/main.c:499:11: error: expected declaration specifiers or '...' before '&' token
  499 |           &gain_sub,
      |           ^
../Core/Src/main.c:500:11: error: expected declaration specifiers or '...' before '&' token
  500 |           &gain_sub_msg,
      |           ^
../Core/Src/main.c:501:11: error: expected declaration specifiers or '...' before '&' token
  501 |           &gain_subscription_callback,
      |           ^
../Core/Src/main.c:502:11: error: expected declaration specifiers or '...' before 'ON_NEW_DATA'
  502 |           ON_NEW_DATA
      |           ^~~~~~~~~~~
../Core/Src/main.c:507:11: error: expected declaration specifiers or '...' before '&' token
  507 |           &executor,
      |           ^
../Core/Src/main.c:508:11: error: expected declaration specifiers or '...' before '&' token
  508 |           &rl_action_sub,
      |           ^
../Core/Src/main.c:509:11: error: expected declaration specifiers or '...' before '&' token
  509 |           &rl_action_msg,
      |           ^
../Core/Src/main.c:510:11: error: expected declaration specifiers or '...' before '&' token
  510 |           &rl_action_subscription_callback,
      |           ^
../Core/Src/main.c:511:11: error: expected declaration specifiers or '...' before 'ON_NEW_DATA'
  511 |           ON_NEW_DATA
      |           ^~~~~~~~~~~
../Core/Src/main.c:516:22: error: expected declaration specifiers or '...' before '&' token
  516 |   rclc_executor_spin(&executor);
      |                      ^
../Core/Src/main.c:518:3: error: expected identifier or '(' before 'for'
  518 |   for(;;)
      |   ^~~
../Core/Src/main.c:518:9: error: expected identifier or '(' before ')' token
  518 |   for(;;)
      |         ^
../Core/Src/main.c:525:1: error: expected identifier or '(' before '}' token
  525 | }
      | ^
../Core/Src/main.c:97:26: warning: 'pwm_operated' defined but not used [-Wunused-const-variable=]
   97 |         static const int pwm_operated = PERIOD_CONST - MOTOR_INIT_PERIOD_CONST;
      |                          ^~~~~~~~~~~~
make[1]: *** [Core/Src/subdir.mk:64: Core/Src/main.o] Error 1
make: *** [makefile:62: all] Error 2
"make -j16 all" terminated with exit code 2. Build might be incomplete.
17:16:39 **** Incremental Build of configuration Debug for project motor_controller ****
make -j16 all 
docker pull microros/micro_ros_static_library_builder:humble && docker run --rm -v /home/natthanicha/FRA502_ROS2/ROS_PROJECT_WS/firmware/motor_controller:/project --env MICROROS_LIBRARY_FOLDER=micro_ros_stm32cubemx_utils/microros_static_library_ide microros/micro_ros_static_library_builder:humble
humble: Pulling from microros/micro_ros_static_library_builder
Digest: sha256:e291f74890e81b31eb1d70731cb79b2d767dd585269325031effc72952b24b9d
Status: Image is up to date for microros/micro_ros_static_library_builder:humble
docker.io/microros/micro_ros_static_library_builder:humble
dos2unix: converting file /project/micro_ros_stm32cubemx_utils/microros_static_library_ide/library_generation/library_generation.sh to Unix format...
micro-ROS library found. Skipping...
Delete micro_ros_stm32cubemx_utils/microros_static_library_ide/libmicroros/ for rebuild.
 
arm-none-eabi-gcc "../Core/Src/main.c" -mcpu=cortex-m4 -std=gnu11 -g3 -DDEBUG -DUSE_HAL_DRIVER -DSTM32G474xx -c -I../Core/Inc -I../micro_ros_stm32cubemx_utils/microros_static_library_ide/libmicroros/include -I../Drivers/STM32G4xx_HAL_Driver/Inc -I../Drivers/STM32G4xx_HAL_Driver/Inc/Legacy -I../Drivers/CMSIS/Device/ST/STM32G4xx/Include -I../Drivers/CMSIS/Include -I../Middlewares/Third_Party/FreeRTOS/Source/include -I../Middlewares/Third_Party/FreeRTOS/Source/CMSIS_RTOS_V2 -I../Middlewares/Third_Party/FreeRTOS/Source/portable/GCC/ARM_CM4F -O0 -ffunction-sections -fdata-sections -Wall -fstack-usage -fcyclomatic-complexity -MMD -MP -MF"Core/Src/main.d" -MT"Core/Src/main.o" --specs=nano.specs -mfpu=fpv4-sp-d16 -mfloat-abi=hard -mthumb -o "Core/Src/main.o"
../Core/Src/main.c: In function 'MIT_Controller_Update':
../Core/Src/main.c:180:15: warning: unused variable 'Ke' [-Wunused-variable]
  180 |         float Ke = gain_sub_msg.data.data[3];
      |               ^~
../Core/Src/main.c: In function 'reference_subscription_callback':
../Core/Src/main.c:342:44: warning: unused variable 'ref_sub_msg' [-Wunused-variable]
  342 |   const std_msgs__msg__Float32MultiArray * ref_sub_msg = (const std_msgs__msg__Float32MultiArray *)msgin;
      |                                            ^~~~~~~~~~~
../Core/Src/main.c: In function 'gain_subscription_callback':
../Core/Src/main.c:348:44: warning: unused variable 'gain_sub_msg' [-Wunused-variable]
  348 |   const std_msgs__msg__Float32MultiArray * gain_sub_msg = (const std_msgs__msg__Float32MultiArray *)msgin;
      |                                            ^~~~~~~~~~~~
../Core/Src/main.c: In function 'rl_action_subscription_callback':
../Core/Src/main.c:354:44: warning: unused variable 'rl_action_msg' [-Wunused-variable]
  354 |   const std_msgs__msg__Float32MultiArray * rl_action_msg = (const std_msgs__msg__Float32MultiArray *)msgin;
      |                                            ^~~~~~~~~~~~~
../Core/Src/main.c: In function 'StartDefaultTask':
../Core/Src/main.c:436:13: warning: unused variable 'rc' [-Wunused-variable]
  436 |   rcl_ret_t rc = rclc_subscription_init_default(
      |             ^~
../Core/Src/main.c: At top level:
../Core/Src/main.c:455:16: error: expected '=', ',', ';', 'asm' or '__attribute__' before '.' token
  455 |   rl_action_msg.data.capacity = 1;  // จำนวนข้อมูลสูงสุด ['pos', 'vel', 'torque']
      |                ^
../Core/Src/main.c:456:16: error: expected '=', ',', ';', 'asm' or '__attribute__' before '.' token
  456 |   rl_action_msg.data.size = 1;      // จำนวนข้อมูลที่จะส่ง
      |                ^
../Core/Src/main.c:457:16: error: expected '=', ',', ';', 'asm' or '__attribute__' before '.' token
  457 |   rl_action_msg.data.data = (float*) malloc(rl_action_msg.data.capacity * sizeof(float));
      |                ^
../Core/Src/main.c:459:3: error: expected identifier or '(' before 'if'
  459 |   if (rl_action_msg.data.data != NULL) {
      |   ^~
../Core/Src/main.c:463:18: error: initializer element is not constant
  463 |   rcl_ret_t rl = rclc_subscription_init_default(
      |                  ^~~~~~~~~~~~~~~~~~~~~~~~~~~~~~
../Core/Src/main.c:472:20: error: initializer element is not constant
  472 |   rcl_ret_t puku = rclc_subscription_init_default(
      |                    ^~~~~~~~~~~~~~~~~~~~~~~~~~~~~~
../Core/Src/main.c:480:3: warning: data definition has no type or storage class
  480 |   executor = rclc_executor_get_zero_initialized_executor();
      |   ^~~~~~~~
../Core/Src/main.c:480:3: warning: type defaults to 'int' in declaration of 'executor' [-Wimplicit-int]
../Core/Src/main.c:480:3: error: conflicting types for 'executor'; have 'int'
../Core/Src/main.c:70:25: note: previous declaration of 'executor' with type 'rclc_executor_t'
   70 |         rclc_executor_t executor;
      |                         ^~~~~~~~
../Core/Src/main.c:481:22: error: expected declaration specifiers or '...' before '&' token
  481 |   rclc_executor_init(&executor, &support.context, 5, &allocator);
      |                      ^
../Core/Src/main.c:481:33: error: expected declaration specifiers or '...' before '&' token
  481 |   rclc_executor_init(&executor, &support.context, 5, &allocator);
      |                                 ^
../Core/Src/main.c:481:51: error: expected declaration specifiers or '...' before numeric constant
  481 |   rclc_executor_init(&executor, &support.context, 5, &allocator);
      |                                                   ^
../Core/Src/main.c:481:54: error: expected declaration specifiers or '...' before '&' token
  481 |   rclc_executor_init(&executor, &support.context, 5, &allocator);
      |                                                      ^
../Core/Src/main.c:482:29: error: expected declaration specifiers or '...' before '&' token
  482 |   rclc_executor_set_timeout(&executor, RCL_MS_TO_NS(1));
      |                             ^
In file included from ../micro_ros_stm32cubemx_utils/microros_static_library_ide/libmicroros/include/rcutils/logging.h:27,
                 from ../micro_ros_stm32cubemx_utils/microros_static_library_ide/libmicroros/include/rmw/types.h:28,
                 from ../micro_ros_stm32cubemx_utils/microros_static_library_ide/libmicroros/include/rcl/types.h:20,
                 from ../micro_ros_stm32cubemx_utils/microros_static_library_ide/libmicroros/include/rcl/init_options.h:29,
                 from ../micro_ros_stm32cubemx_utils/microros_static_library_ide/libmicroros/include/rcl/context.h:31,
                 from ../micro_ros_stm32cubemx_utils/microros_static_library_ide/libmicroros/include/rcl/init.h:26,
                 from ../micro_ros_stm32cubemx_utils/microros_static_library_ide/libmicroros/include/rcl/rcl.h:76,
                 from ../Core/Src/main.c:29:
../micro_ros_stm32cubemx_utils/microros_static_library_ide/libmicroros/include/rcutils/time.h:34:40: error: expected declaration specifiers or '...' before '(' token
   34 | #define RCUTILS_MS_TO_NS(milliseconds) ((milliseconds) * (1000LL * 1000LL))
      |                                        ^
../micro_ros_stm32cubemx_utils/microros_static_library_ide/libmicroros/include/rcl/time.h:34:22: note: in expansion of macro 'RCUTILS_MS_TO_NS'
   34 | #define RCL_MS_TO_NS RCUTILS_MS_TO_NS
      |                      ^~~~~~~~~~~~~~~~
../Core/Src/main.c:482:40: note: in expansion of macro 'RCL_MS_TO_NS'
  482 |   rclc_executor_set_timeout(&executor, RCL_MS_TO_NS(1));
      |                                        ^~~~~~~~~~~~
../Core/Src/main.c:483:27: error: expected declaration specifiers or '...' before '&' token
  483 |   rclc_executor_add_timer(&executor, &timer);
      |                           ^
../Core/Src/main.c:483:38: error: expected declaration specifiers or '...' before '&' token
  483 |   rclc_executor_add_timer(&executor, &timer);
      |                                      ^
../Core/Src/main.c:484:27: error: expected declaration specifiers or '...' before '&' token
  484 |   rclc_executor_add_timer(&executor, &timer1);
      |                           ^
../Core/Src/main.c:484:38: error: expected declaration specifiers or '...' before '&' token
  484 |   rclc_executor_add_timer(&executor, &timer1);
      |                                      ^
../Core/Src/main.c:489:11: error: expected declaration specifiers or '...' before '&' token
  489 |           &executor,
      |           ^
../Core/Src/main.c:490:11: error: expected declaration specifiers or '...' before '&' token
  490 |           &ref_sub,
      |           ^
../Core/Src/main.c:491:11: error: expected declaration specifiers or '...' before '&' token
  491 |           &ref_sub_msg,
      |           ^
../Core/Src/main.c:492:11: error: expected declaration specifiers or '...' before '&' token
  492 |           &reference_subscription_callback,
      |           ^
../Core/Src/main.c:493:11: error: expected declaration specifiers or '...' before 'ON_NEW_DATA'
  493 |           ON_NEW_DATA
      |           ^~~~~~~~~~~
../Core/Src/main.c:498:11: error: expected declaration specifiers or '...' before '&' token
  498 |           &executor,
      |           ^
../Core/Src/main.c:499:11: error: expected declaration specifiers or '...' before '&' token
  499 |           &gain_sub,
      |           ^
../Core/Src/main.c:500:11: error: expected declaration specifiers or '...' before '&' token
  500 |           &gain_sub_msg,
      |           ^
../Core/Src/main.c:501:11: error: expected declaration specifiers or '...' before '&' token
  501 |           &gain_subscription_callback,
      |           ^
../Core/Src/main.c:502:11: error: expected declaration specifiers or '...' before 'ON_NEW_DATA'
  502 |           ON_NEW_DATA
      |           ^~~~~~~~~~~
../Core/Src/main.c:507:11: error: expected declaration specifiers or '...' before '&' token
  507 |           &executor,
      |           ^
../Core/Src/main.c:508:11: error: expected declaration specifiers or '...' before '&' token
  508 |           &rl_action_sub,
      |           ^
../Core/Src/main.c:509:11: error: expected declaration specifiers or '...' before '&' token
  509 |           &rl_action_msg,
      |           ^
../Core/Src/main.c:510:11: error: expected declaration specifiers or '...' before '&' token
  510 |           &rl_action_subscription_callback,
      |           ^
../Core/Src/main.c:511:11: error: expected declaration specifiers or '...' before 'ON_NEW_DATA'
  511 |           ON_NEW_DATA
      |           ^~~~~~~~~~~
../Core/Src/main.c:516:22: error: expected declaration specifiers or '...' before '&' token
  516 |   rclc_executor_spin(&executor);
      |                      ^
../Core/Src/main.c:518:3: error: expected identifier or '(' before 'for'
  518 |   for(;;)
      |   ^~~
../Core/Src/main.c:518:9: error: expected identifier or '(' before ')' token
  518 |   for(;;)
      |         ^
../Core/Src/main.c:525:1: error: expected identifier or '(' before '}' token
  525 | }
      | ^
../Core/Src/main.c:97:26: warning: 'pwm_operated' defined but not used [-Wunused-const-variable=]
   97 |         static const int pwm_operated = PERIOD_CONST - MOTOR_INIT_PERIOD_CONST;
      |                          ^~~~~~~~~~~~
make[1]: *** [Core/Src/subdir.mk:64: Core/Src/main.o] Error 1
make: *** [makefile:62: all] Error 2
"make -j16 all" terminated with exit code 2. Build might be incomplete.
17:17:55 **** Incremental Build of configuration Debug for project motor_controller ****
make -j16 all 
docker pull microros/micro_ros_static_library_builder:humble && docker run --rm -v /home/natthanicha/FRA502_ROS2/ROS_PROJECT_WS/firmware/motor_controller:/project --env MICROROS_LIBRARY_FOLDER=micro_ros_stm32cubemx_utils/microros_static_library_ide microros/micro_ros_static_library_builder:humble
humble: Pulling from microros/micro_ros_static_library_builder
Digest: sha256:e291f74890e81b31eb1d70731cb79b2d767dd585269325031effc72952b24b9d
Status: Image is up to date for microros/micro_ros_static_library_builder:humble
docker.io/microros/micro_ros_static_library_builder:humble
dos2unix: converting file /project/micro_ros_stm32cubemx_utils/microros_static_library_ide/library_generation/library_generation.sh to Unix format...
micro-ROS library found. Skipping...
Delete micro_ros_stm32cubemx_utils/microros_static_library_ide/libmicroros/ for rebuild.
 
arm-none-eabi-gcc "../Core/Src/main.c" -mcpu=cortex-m4 -std=gnu11 -g3 -DDEBUG -DUSE_HAL_DRIVER -DSTM32G474xx -c -I../Core/Inc -I../micro_ros_stm32cubemx_utils/microros_static_library_ide/libmicroros/include -I../Drivers/STM32G4xx_HAL_Driver/Inc -I../Drivers/STM32G4xx_HAL_Driver/Inc/Legacy -I../Drivers/CMSIS/Device/ST/STM32G4xx/Include -I../Drivers/CMSIS/Include -I../Middlewares/Third_Party/FreeRTOS/Source/include -I../Middlewares/Third_Party/FreeRTOS/Source/CMSIS_RTOS_V2 -I../Middlewares/Third_Party/FreeRTOS/Source/portable/GCC/ARM_CM4F -O0 -ffunction-sections -fdata-sections -Wall -fstack-usage -fcyclomatic-complexity -MMD -MP -MF"Core/Src/main.d" -MT"Core/Src/main.o" --specs=nano.specs -mfpu=fpv4-sp-d16 -mfloat-abi=hard -mthumb -o "Core/Src/main.o"
../Core/Src/main.c: In function 'MIT_Controller_Update':
../Core/Src/main.c:180:15: warning: unused variable 'Ke' [-Wunused-variable]
  180 |         float Ke = gain_sub_msg.data.data[3];
      |               ^~
../Core/Src/main.c: In function 'reference_subscription_callback':
../Core/Src/main.c:342:44: warning: unused variable 'ref_sub_msg' [-Wunused-variable]
  342 |   const std_msgs__msg__Float32MultiArray * ref_sub_msg = (const std_msgs__msg__Float32MultiArray *)msgin;
      |                                            ^~~~~~~~~~~
../Core/Src/main.c: In function 'gain_subscription_callback':
../Core/Src/main.c:348:44: warning: unused variable 'gain_sub_msg' [-Wunused-variable]
  348 |   const std_msgs__msg__Float32MultiArray * gain_sub_msg = (const std_msgs__msg__Float32MultiArray *)msgin;
      |                                            ^~~~~~~~~~~~
../Core/Src/main.c: In function 'rl_action_subscription_callback':
../Core/Src/main.c:354:44: warning: unused variable 'rl_action_msg' [-Wunused-variable]
  354 |   const std_msgs__msg__Float32MultiArray * rl_action_msg = (const std_msgs__msg__Float32MultiArray *)msgin;
      |                                            ^~~~~~~~~~~~~
../Core/Src/main.c: In function 'StartDefaultTask':
../Core/Src/main.c:436:13: warning: unused variable 'rc' [-Wunused-variable]
  436 |   rcl_ret_t rc = rclc_subscription_init_default(
      |             ^~
../Core/Src/main.c: At top level:
../Core/Src/main.c:455:16: error: expected '=', ',', ';', 'asm' or '__attribute__' before '.' token
  455 |   rl_action_msg.data.capacity = 1;  // จำนวนข้อมูลสูงสุด ['pos', 'vel', 'torque']
      |                ^
../Core/Src/main.c:456:16: error: expected '=', ',', ';', 'asm' or '__attribute__' before '.' token
  456 |   rl_action_msg.data.size = 1;      // จำนวนข้อมูลที่จะส่ง
      |                ^
../Core/Src/main.c:457:16: error: expected '=', ',', ';', 'asm' or '__attribute__' before '.' token
  457 |   rl_action_msg.data.data = (float*) malloc(rl_action_msg.data.capacity * sizeof(float));
      |                ^
../Core/Src/main.c:459:3: error: expected identifier or '(' before 'if'
  459 |   if (rl_action_msg.data.data != NULL) {
      |   ^~
../Core/Src/main.c:463:18: error: initializer element is not constant
  463 |   rcl_ret_t rl = rclc_subscription_init_default(
      |                  ^~~~~~~~~~~~~~~~~~~~~~~~~~~~~~
../Core/Src/main.c:472:20: error: initializer element is not constant
  472 |   rcl_ret_t puku = rclc_subscription_init_default(
      |                    ^~~~~~~~~~~~~~~~~~~~~~~~~~~~~~
../Core/Src/main.c:480:3: warning: data definition has no type or storage class
  480 |   executor = rclc_executor_get_zero_initialized_executor();
      |   ^~~~~~~~
../Core/Src/main.c:480:3: warning: type defaults to 'int' in declaration of 'executor' [-Wimplicit-int]
../Core/Src/main.c:480:3: error: conflicting types for 'executor'; have 'int'
../Core/Src/main.c:70:25: note: previous declaration of 'executor' with type 'rclc_executor_t'
   70 |         rclc_executor_t executor;
      |                         ^~~~~~~~
../Core/Src/main.c:481:22: error: expected declaration specifiers or '...' before '&' token
  481 |   rclc_executor_init(&executor, &support.context, 5, &allocator);
      |                      ^
../Core/Src/main.c:481:33: error: expected declaration specifiers or '...' before '&' token
  481 |   rclc_executor_init(&executor, &support.context, 5, &allocator);
      |                                 ^
../Core/Src/main.c:481:51: error: expected declaration specifiers or '...' before numeric constant
  481 |   rclc_executor_init(&executor, &support.context, 5, &allocator);
      |                                                   ^
../Core/Src/main.c:481:54: error: expected declaration specifiers or '...' before '&' token
  481 |   rclc_executor_init(&executor, &support.context, 5, &allocator);
      |                                                      ^
../Core/Src/main.c:482:29: error: expected declaration specifiers or '...' before '&' token
  482 |   rclc_executor_set_timeout(&executor, RCL_MS_TO_NS(1));
      |                             ^
In file included from ../micro_ros_stm32cubemx_utils/microros_static_library_ide/libmicroros/include/rcutils/logging.h:27,
                 from ../micro_ros_stm32cubemx_utils/microros_static_library_ide/libmicroros/include/rmw/types.h:28,
                 from ../micro_ros_stm32cubemx_utils/microros_static_library_ide/libmicroros/include/rcl/types.h:20,
                 from ../micro_ros_stm32cubemx_utils/microros_static_library_ide/libmicroros/include/rcl/init_options.h:29,
                 from ../micro_ros_stm32cubemx_utils/microros_static_library_ide/libmicroros/include/rcl/context.h:31,
                 from ../micro_ros_stm32cubemx_utils/microros_static_library_ide/libmicroros/include/rcl/init.h:26,
                 from ../micro_ros_stm32cubemx_utils/microros_static_library_ide/libmicroros/include/rcl/rcl.h:76,
                 from ../Core/Src/main.c:29:
../micro_ros_stm32cubemx_utils/microros_static_library_ide/libmicroros/include/rcutils/time.h:34:40: error: expected declaration specifiers or '...' before '(' token
   34 | #define RCUTILS_MS_TO_NS(milliseconds) ((milliseconds) * (1000LL * 1000LL))
      |                                        ^
../micro_ros_stm32cubemx_utils/microros_static_library_ide/libmicroros/include/rcl/time.h:34:22: note: in expansion of macro 'RCUTILS_MS_TO_NS'
   34 | #define RCL_MS_TO_NS RCUTILS_MS_TO_NS
      |                      ^~~~~~~~~~~~~~~~
../Core/Src/main.c:482:40: note: in expansion of macro 'RCL_MS_TO_NS'
  482 |   rclc_executor_set_timeout(&executor, RCL_MS_TO_NS(1));
      |                                        ^~~~~~~~~~~~
../Core/Src/main.c:483:27: error: expected declaration specifiers or '...' before '&' token
  483 |   rclc_executor_add_timer(&executor, &timer);
      |                           ^
../Core/Src/main.c:483:38: error: expected declaration specifiers or '...' before '&' token
  483 |   rclc_executor_add_timer(&executor, &timer);
      |                                      ^
../Core/Src/main.c:484:27: error: expected declaration specifiers or '...' before '&' token
  484 |   rclc_executor_add_timer(&executor, &timer1);
      |                           ^
../Core/Src/main.c:484:38: error: expected declaration specifiers or '...' before '&' token
  484 |   rclc_executor_add_timer(&executor, &timer1);
      |                                      ^
../Core/Src/main.c:489:11: error: expected declaration specifiers or '...' before '&' token
  489 |           &executor,
      |           ^
../Core/Src/main.c:490:11: error: expected declaration specifiers or '...' before '&' token
  490 |           &ref_sub,
      |           ^
../Core/Src/main.c:491:11: error: expected declaration specifiers or '...' before '&' token
  491 |           &ref_sub_msg,
      |           ^
../Core/Src/main.c:492:11: error: expected declaration specifiers or '...' before '&' token
  492 |           &reference_subscription_callback,
      |           ^
../Core/Src/main.c:493:11: error: expected declaration specifiers or '...' before 'ON_NEW_DATA'
  493 |           ON_NEW_DATA
      |           ^~~~~~~~~~~
../Core/Src/main.c:498:11: error: expected declaration specifiers or '...' before '&' token
  498 |           &executor,
      |           ^
../Core/Src/main.c:499:11: error: expected declaration specifiers or '...' before '&' token
  499 |           &gain_sub,
      |           ^
../Core/Src/main.c:500:11: error: expected declaration specifiers or '...' before '&' token
  500 |           &gain_sub_msg,
      |           ^
../Core/Src/main.c:501:11: error: expected declaration specifiers or '...' before '&' token
  501 |           &gain_subscription_callback,
      |           ^
../Core/Src/main.c:502:11: error: expected declaration specifiers or '...' before 'ON_NEW_DATA'
  502 |           ON_NEW_DATA
      |           ^~~~~~~~~~~
../Core/Src/main.c:507:11: error: expected declaration specifiers or '...' before '&' token
  507 |           &executor,
      |           ^
../Core/Src/main.c:508:11: error: expected declaration specifiers or '...' before '&' token
  508 |           &rl_action_sub,
      |           ^
../Core/Src/main.c:509:11: error: expected declaration specifiers or '...' before '&' token
  509 |           &rl_action_msg,
      |           ^
../Core/Src/main.c:510:11: error: expected declaration specifiers or '...' before '&' token
  510 |           &rl_action_subscription_callback,
      |           ^
../Core/Src/main.c:511:11: error: expected declaration specifiers or '...' before 'ON_NEW_DATA'
  511 |           ON_NEW_DATA
      |           ^~~~~~~~~~~
../Core/Src/main.c:516:22: error: expected declaration specifiers or '...' before '&' token
  516 |   rclc_executor_spin(&executor);
      |                      ^
../Core/Src/main.c:518:3: error: expected identifier or '(' before 'for'
  518 |   for(;;)
      |   ^~~
../Core/Src/main.c:518:9: error: expected identifier or '(' before ')' token
  518 |   for(;;)
      |         ^
../Core/Src/main.c:525:1: error: expected identifier or '(' before '}' token
  525 | }
      | ^
../Core/Src/main.c:97:26: warning: 'pwm_operated' defined but not used [-Wunused-const-variable=]
   97 |         static const int pwm_operated = PERIOD_CONST - MOTOR_INIT_PERIOD_CONST;
      |                          ^~~~~~~~~~~~
make[1]: *** [Core/Src/subdir.mk:64: Core/Src/main.o] Error 1
make: *** [makefile:62: all] Error 2
"make -j16 all" terminated with exit code 2. Build might be incomplete.
17:18:05 **** Incremental Build of configuration Debug for project motor_controller ****
make -j16 all 
docker pull microros/micro_ros_static_library_builder:humble && docker run --rm -v /home/natthanicha/FRA502_ROS2/ROS_PROJECT_WS/firmware/motor_controller:/project --env MICROROS_LIBRARY_FOLDER=micro_ros_stm32cubemx_utils/microros_static_library_ide microros/micro_ros_static_library_builder:humble
humble: Pulling from microros/micro_ros_static_library_builder
Digest: sha256:e291f74890e81b31eb1d70731cb79b2d767dd585269325031effc72952b24b9d
Status: Image is up to date for microros/micro_ros_static_library_builder:humble
docker.io/microros/micro_ros_static_library_builder:humble
dos2unix: converting file /project/micro_ros_stm32cubemx_utils/microros_static_library_ide/library_generation/library_generation.sh to Unix format...
micro-ROS library found. Skipping...
Delete micro_ros_stm32cubemx_utils/microros_static_library_ide/libmicroros/ for rebuild.
 
arm-none-eabi-gcc "../Core/Src/main.c" -mcpu=cortex-m4 -std=gnu11 -g3 -DDEBUG -DUSE_HAL_DRIVER -DSTM32G474xx -c -I../Core/Inc -I../micro_ros_stm32cubemx_utils/microros_static_library_ide/libmicroros/include -I../Drivers/STM32G4xx_HAL_Driver/Inc -I../Drivers/STM32G4xx_HAL_Driver/Inc/Legacy -I../Drivers/CMSIS/Device/ST/STM32G4xx/Include -I../Drivers/CMSIS/Include -I../Middlewares/Third_Party/FreeRTOS/Source/include -I../Middlewares/Third_Party/FreeRTOS/Source/CMSIS_RTOS_V2 -I../Middlewares/Third_Party/FreeRTOS/Source/portable/GCC/ARM_CM4F -O0 -ffunction-sections -fdata-sections -Wall -fstack-usage -fcyclomatic-complexity -MMD -MP -MF"Core/Src/main.d" -MT"Core/Src/main.o" --specs=nano.specs -mfpu=fpv4-sp-d16 -mfloat-abi=hard -mthumb -o "Core/Src/main.o"
../Core/Src/main.c: In function 'MIT_Controller_Update':
../Core/Src/main.c:180:15: warning: unused variable 'Ke' [-Wunused-variable]
  180 |         float Ke = gain_sub_msg.data.data[3];
      |               ^~
../Core/Src/main.c: In function 'reference_subscription_callback':
../Core/Src/main.c:342:44: warning: unused variable 'ref_sub_msg' [-Wunused-variable]
  342 |   const std_msgs__msg__Float32MultiArray * ref_sub_msg = (const std_msgs__msg__Float32MultiArray *)msgin;
      |                                            ^~~~~~~~~~~
../Core/Src/main.c: In function 'gain_subscription_callback':
../Core/Src/main.c:348:44: warning: unused variable 'gain_sub_msg' [-Wunused-variable]
  348 |   const std_msgs__msg__Float32MultiArray * gain_sub_msg = (const std_msgs__msg__Float32MultiArray *)msgin;
      |                                            ^~~~~~~~~~~~
../Core/Src/main.c: In function 'rl_action_subscription_callback':
../Core/Src/main.c:354:44: warning: unused variable 'rl_action_msg' [-Wunused-variable]
  354 |   const std_msgs__msg__Float32MultiArray * rl_action_msg = (const std_msgs__msg__Float32MultiArray *)msgin;
      |                                            ^~~~~~~~~~~~~
../Core/Src/main.c: In function 'StartDefaultTask':
../Core/Src/main.c:436:13: warning: unused variable 'rc' [-Wunused-variable]
  436 |   rcl_ret_t rc = rclc_subscription_init_default(
      |             ^~
../Core/Src/main.c: At top level:
../Core/Src/main.c:455:16: error: expected '=', ',', ';', 'asm' or '__attribute__' before '.' token
  455 |   rl_action_msg.data.capacity = 1;  // จำนวนข้อมูลสูงสุด ['pos', 'vel', 'torque']
      |                ^
../Core/Src/main.c:456:16: error: expected '=', ',', ';', 'asm' or '__attribute__' before '.' token
  456 |   rl_action_msg.data.size = 1;      // จำนวนข้อมูลที่จะส่ง
      |                ^
../Core/Src/main.c:457:16: error: expected '=', ',', ';', 'asm' or '__attribute__' before '.' token
  457 |   rl_action_msg.data.data = (float*) malloc(rl_action_msg.data.capacity * sizeof(float));
      |                ^
../Core/Src/main.c:459:3: error: expected identifier or '(' before 'if'
  459 |   if (rl_action_msg.data.data != NULL) {
      |   ^~
../Core/Src/main.c:463:18: error: initializer element is not constant
  463 |   rcl_ret_t rl = rclc_subscription_init_default(
      |                  ^~~~~~~~~~~~~~~~~~~~~~~~~~~~~~
../Core/Src/main.c:472:20: error: initializer element is not constant
  472 |   rcl_ret_t puku = rclc_subscription_init_default(
      |                    ^~~~~~~~~~~~~~~~~~~~~~~~~~~~~~
../Core/Src/main.c:480:3: warning: data definition has no type or storage class
  480 |   executor = rclc_executor_get_zero_initialized_executor();
      |   ^~~~~~~~
../Core/Src/main.c:480:3: warning: type defaults to 'int' in declaration of 'executor' [-Wimplicit-int]
../Core/Src/main.c:480:3: error: conflicting types for 'executor'; have 'int'
../Core/Src/main.c:70:25: note: previous declaration of 'executor' with type 'rclc_executor_t'
   70 |         rclc_executor_t executor;
      |                         ^~~~~~~~
../Core/Src/main.c:481:22: error: expected declaration specifiers or '...' before '&' token
  481 |   rclc_executor_init(&executor, &support.context, 5, &allocator);
      |                      ^
../Core/Src/main.c:481:33: error: expected declaration specifiers or '...' before '&' token
  481 |   rclc_executor_init(&executor, &support.context, 5, &allocator);
      |                                 ^
../Core/Src/main.c:481:51: error: expected declaration specifiers or '...' before numeric constant
  481 |   rclc_executor_init(&executor, &support.context, 5, &allocator);
      |                                                   ^
../Core/Src/main.c:481:54: error: expected declaration specifiers or '...' before '&' token
  481 |   rclc_executor_init(&executor, &support.context, 5, &allocator);
      |                                                      ^
../Core/Src/main.c:482:29: error: expected declaration specifiers or '...' before '&' token
  482 |   rclc_executor_set_timeout(&executor, RCL_MS_TO_NS(1));
      |                             ^
In file included from ../micro_ros_stm32cubemx_utils/microros_static_library_ide/libmicroros/include/rcutils/logging.h:27,
                 from ../micro_ros_stm32cubemx_utils/microros_static_library_ide/libmicroros/include/rmw/types.h:28,
                 from ../micro_ros_stm32cubemx_utils/microros_static_library_ide/libmicroros/include/rcl/types.h:20,
                 from ../micro_ros_stm32cubemx_utils/microros_static_library_ide/libmicroros/include/rcl/init_options.h:29,
                 from ../micro_ros_stm32cubemx_utils/microros_static_library_ide/libmicroros/include/rcl/context.h:31,
                 from ../micro_ros_stm32cubemx_utils/microros_static_library_ide/libmicroros/include/rcl/init.h:26,
                 from ../micro_ros_stm32cubemx_utils/microros_static_library_ide/libmicroros/include/rcl/rcl.h:76,
                 from ../Core/Src/main.c:29:
../micro_ros_stm32cubemx_utils/microros_static_library_ide/libmicroros/include/rcutils/time.h:34:40: error: expected declaration specifiers or '...' before '(' token
   34 | #define RCUTILS_MS_TO_NS(milliseconds) ((milliseconds) * (1000LL * 1000LL))
      |                                        ^
../micro_ros_stm32cubemx_utils/microros_static_library_ide/libmicroros/include/rcl/time.h:34:22: note: in expansion of macro 'RCUTILS_MS_TO_NS'
   34 | #define RCL_MS_TO_NS RCUTILS_MS_TO_NS
      |                      ^~~~~~~~~~~~~~~~
../Core/Src/main.c:482:40: note: in expansion of macro 'RCL_MS_TO_NS'
  482 |   rclc_executor_set_timeout(&executor, RCL_MS_TO_NS(1));
      |                                        ^~~~~~~~~~~~
../Core/Src/main.c:483:27: error: expected declaration specifiers or '...' before '&' token
  483 |   rclc_executor_add_timer(&executor, &timer);
      |                           ^
../Core/Src/main.c:483:38: error: expected declaration specifiers or '...' before '&' token
  483 |   rclc_executor_add_timer(&executor, &timer);
      |                                      ^
../Core/Src/main.c:484:27: error: expected declaration specifiers or '...' before '&' token
  484 |   rclc_executor_add_timer(&executor, &timer1);
      |                           ^
../Core/Src/main.c:484:38: error: expected declaration specifiers or '...' before '&' token
  484 |   rclc_executor_add_timer(&executor, &timer1);
      |                                      ^
../Core/Src/main.c:489:11: error: expected declaration specifiers or '...' before '&' token
  489 |           &executor,
      |           ^
../Core/Src/main.c:490:11: error: expected declaration specifiers or '...' before '&' token
  490 |           &ref_sub,
      |           ^
../Core/Src/main.c:491:11: error: expected declaration specifiers or '...' before '&' token
  491 |           &ref_sub_msg,
      |           ^
../Core/Src/main.c:492:11: error: expected declaration specifiers or '...' before '&' token
  492 |           &reference_subscription_callback,
      |           ^
../Core/Src/main.c:493:11: error: expected declaration specifiers or '...' before 'ON_NEW_DATA'
  493 |           ON_NEW_DATA
      |           ^~~~~~~~~~~
../Core/Src/main.c:498:11: error: expected declaration specifiers or '...' before '&' token
  498 |           &executor,
      |           ^
../Core/Src/main.c:499:11: error: expected declaration specifiers or '...' before '&' token
  499 |           &gain_sub,
      |           ^
../Core/Src/main.c:500:11: error: expected declaration specifiers or '...' before '&' token
  500 |           &gain_sub_msg,
      |           ^
../Core/Src/main.c:501:11: error: expected declaration specifiers or '...' before '&' token
  501 |           &gain_subscription_callback,
      |           ^
../Core/Src/main.c:502:11: error: expected declaration specifiers or '...' before 'ON_NEW_DATA'
  502 |           ON_NEW_DATA
      |           ^~~~~~~~~~~
../Core/Src/main.c:507:11: error: expected declaration specifiers or '...' before '&' token
  507 |           &executor,
      |           ^
../Core/Src/main.c:508:11: error: expected declaration specifiers or '...' before '&' token
  508 |           &rl_action_sub,
      |           ^
../Core/Src/main.c:509:11: error: expected declaration specifiers or '...' before '&' token
  509 |           &rl_action_msg,
      |           ^
../Core/Src/main.c:510:11: error: expected declaration specifiers or '...' before '&' token
  510 |           &rl_action_subscription_callback,
      |           ^
../Core/Src/main.c:511:11: error: expected declaration specifiers or '...' before 'ON_NEW_DATA'
  511 |           ON_NEW_DATA
      |           ^~~~~~~~~~~
../Core/Src/main.c:516:22: error: expected declaration specifiers or '...' before '&' token
  516 |   rclc_executor_spin(&executor);
      |                      ^
../Core/Src/main.c:518:3: error: expected identifier or '(' before 'for'
  518 |   for(;;)
      |   ^~~
../Core/Src/main.c:518:9: error: expected identifier or '(' before ')' token
  518 |   for(;;)
      |         ^
../Core/Src/main.c:525:1: error: expected identifier or '(' before '}' token
  525 | }
      | ^
../Core/Src/main.c:97:26: warning: 'pwm_operated' defined but not used [-Wunused-const-variable=]
   97 |         static const int pwm_operated = PERIOD_CONST - MOTOR_INIT_PERIOD_CONST;
      |                          ^~~~~~~~~~~~
make[1]: *** [Core/Src/subdir.mk:64: Core/Src/main.o] Error 1
make: *** [makefile:62: all] Error 2
"make -j16 all" terminated with exit code 2. Build might be incomplete.
17:19:40 **** Incremental Build of configuration Debug for project motor_controller ****
make -j16 all 
docker pull microros/micro_ros_static_library_builder:humble && docker run --rm -v /home/natthanicha/FRA502_ROS2/ROS_PROJECT_WS/firmware/motor_controller:/project --env MICROROS_LIBRARY_FOLDER=micro_ros_stm32cubemx_utils/microros_static_library_ide microros/micro_ros_static_library_builder:humble
humble: Pulling from microros/micro_ros_static_library_builder
Digest: sha256:e291f74890e81b31eb1d70731cb79b2d767dd585269325031effc72952b24b9d
Status: Image is up to date for microros/micro_ros_static_library_builder:humble
docker.io/microros/micro_ros_static_library_builder:humble
dos2unix: converting file /project/micro_ros_stm32cubemx_utils/microros_static_library_ide/library_generation/library_generation.sh to Unix format...
micro-ROS library found. Skipping...
Delete micro_ros_stm32cubemx_utils/microros_static_library_ide/libmicroros/ for rebuild.
 
arm-none-eabi-gcc "../Core/Src/main.c" -mcpu=cortex-m4 -std=gnu11 -g3 -DDEBUG -DUSE_HAL_DRIVER -DSTM32G474xx -c -I../Core/Inc -I../micro_ros_stm32cubemx_utils/microros_static_library_ide/libmicroros/include -I../Drivers/STM32G4xx_HAL_Driver/Inc -I../Drivers/STM32G4xx_HAL_Driver/Inc/Legacy -I../Drivers/CMSIS/Device/ST/STM32G4xx/Include -I../Drivers/CMSIS/Include -I../Middlewares/Third_Party/FreeRTOS/Source/include -I../Middlewares/Third_Party/FreeRTOS/Source/CMSIS_RTOS_V2 -I../Middlewares/Third_Party/FreeRTOS/Source/portable/GCC/ARM_CM4F -O0 -ffunction-sections -fdata-sections -Wall -fstack-usage -fcyclomatic-complexity -MMD -MP -MF"Core/Src/main.d" -MT"Core/Src/main.o" --specs=nano.specs -mfpu=fpv4-sp-d16 -mfloat-abi=hard -mthumb -o "Core/Src/main.o"
../Core/Src/main.c: In function 'MIT_Controller_Update':
../Core/Src/main.c:180:15: warning: unused variable 'Ke' [-Wunused-variable]
  180 |         float Ke = gain_sub_msg.data.data[3];
      |               ^~
../Core/Src/main.c: In function 'reference_subscription_callback':
../Core/Src/main.c:342:44: warning: unused variable 'ref_sub_msg' [-Wunused-variable]
  342 |   const std_msgs__msg__Float32MultiArray * ref_sub_msg = (const std_msgs__msg__Float32MultiArray *)msgin;
      |                                            ^~~~~~~~~~~
../Core/Src/main.c: In function 'gain_subscription_callback':
../Core/Src/main.c:348:44: warning: unused variable 'gain_sub_msg' [-Wunused-variable]
  348 |   const std_msgs__msg__Float32MultiArray * gain_sub_msg = (const std_msgs__msg__Float32MultiArray *)msgin;
      |                                            ^~~~~~~~~~~~
../Core/Src/main.c: In function 'rl_action_subscription_callback':
../Core/Src/main.c:354:44: warning: unused variable 'rl_action_msg' [-Wunused-variable]
  354 |   const std_msgs__msg__Float32MultiArray * rl_action_msg = (const std_msgs__msg__Float32MultiArray *)msgin;
      |                                            ^~~~~~~~~~~~~
../Core/Src/main.c: In function 'StartDefaultTask':
../Core/Src/main.c:471:13: warning: unused variable 'puku' [-Wunused-variable]
  471 |   rcl_ret_t puku = rclc_subscription_init_default(
      |             ^~~~
../Core/Src/main.c:462:13: warning: unused variable 'rl' [-Wunused-variable]
  462 |   rcl_ret_t rl = rclc_subscription_init_default(
      |             ^~
../Core/Src/main.c:436:13: warning: unused variable 'rc' [-Wunused-variable]
  436 |   rcl_ret_t rc = rclc_subscription_init_default(
      |             ^~
../Core/Src/main.c: At top level:
../Core/Src/main.c:97:26: warning: 'pwm_operated' defined but not used [-Wunused-const-variable=]
   97 |         static const int pwm_operated = PERIOD_CONST - MOTOR_INIT_PERIOD_CONST;
      |                          ^~~~~~~~~~~~
arm-none-eabi-gcc -o "motor_controller.elf" @"objects.list"  -lmicroros -mcpu=cortex-m4 -T"/home/natthanicha/FRA502_ROS2/ROS_PROJECT_WS/firmware/motor_controller/STM32G474RETX_FLASH.ld" --specs=nosys.specs -Wl,-Map="motor_controller.map" -Wl,--gc-sections -static -L../micro_ros_stm32cubemx_utils/microros_static_library_ide/libmicroros --specs=nano.specs -mfpu=fpv4-sp-d16 -mfloat-abi=hard -mthumb -Wl,--start-group -lc -lm -Wl,--end-group
/opt/st/stm32cubeide_1.19.0/plugins/com.st.stm32cube.ide.mcu.externaltools.gnu-tools-for-stm32.13.3.rel1.linux64_1.0.0.202410170706/tools/bin/../lib/gcc/arm-none-eabi/13.3.1/../../../../arm-none-eabi/bin/ld: /opt/st/stm32cubeide_1.19.0/plugins/com.st.stm32cube.ide.mcu.externaltools.gnu-tools-for-stm32.13.3.rel1.linux64_1.0.0.202410170706/tools/bin/../lib/gcc/arm-none-eabi/13.3.1/../../../../arm-none-eabi/lib/thumb/v7e-m+fp/hard/libc_nano.a(libc_a-gettimeofdayr.o): in function `_gettimeofday_r':
(.text._gettimeofday_r+0xe): warning: _gettimeofday is not implemented and will always fail
/opt/st/stm32cubeide_1.19.0/plugins/com.st.stm32cube.ide.mcu.externaltools.gnu-tools-for-stm32.13.3.rel1.linux64_1.0.0.202410170706/tools/bin/../lib/gcc/arm-none-eabi/13.3.1/../../../../arm-none-eabi/bin/ld: /opt/st/stm32cubeide_1.19.0/plugins/com.st.stm32cube.ide.mcu.externaltools.gnu-tools-for-stm32.13.3.rel1.linux64_1.0.0.202410170706/tools/bin/../lib/gcc/arm-none-eabi/13.3.1/../../../../arm-none-eabi/lib/thumb/v7e-m+fp/hard/libc_nano.a(libc_a-gettimeofdayr.o): note: the message above does not take linker garbage collection into account
Finished building target: motor_controller.elf
 
arm-none-eabi-size  motor_controller.elf 
arm-none-eabi-objdump -h -S motor_controller.elf  > "motor_controller.list"
   text	   data	    bss	    dec	    hex	filename
 109148	    736	  46160	 156044	  2618c	motor_controller.elf
Finished building: default.size.stdout
 
Finished building: motor_controller.list
 
17:26:44 **** Incremental Build of configuration Debug for project motor_controller ****
make -j16 all 
docker pull microros/micro_ros_static_library_builder:humble && docker run --rm -v /home/natthanicha/FRA502_ROS2/ROS_PROJECT_WS/firmware/motor_controller:/project --env MICROROS_LIBRARY_FOLDER=micro_ros_stm32cubemx_utils/microros_static_library_ide microros/micro_ros_static_library_builder:humble
humble: Pulling from microros/micro_ros_static_library_builder
Digest: sha256:e291f74890e81b31eb1d70731cb79b2d767dd585269325031effc72952b24b9d
Status: Image is up to date for microros/micro_ros_static_library_builder:humble
docker.io/microros/micro_ros_static_library_builder:humble
dos2unix: converting file /project/micro_ros_stm32cubemx_utils/microros_static_library_ide/library_generation/library_generation.sh to Unix format...
micro-ROS library found. Skipping...
Delete micro_ros_stm32cubemx_utils/microros_static_library_ide/libmicroros/ for rebuild.
 
arm-none-eabi-gcc "../Core/Src/main.c" -mcpu=cortex-m4 -std=gnu11 -g3 -DDEBUG -DUSE_HAL_DRIVER -DSTM32G474xx -c -I../Core/Inc -I../micro_ros_stm32cubemx_utils/microros_static_library_ide/libmicroros/include -I../Drivers/STM32G4xx_HAL_Driver/Inc -I../Drivers/STM32G4xx_HAL_Driver/Inc/Legacy -I../Drivers/CMSIS/Device/ST/STM32G4xx/Include -I../Drivers/CMSIS/Include -I../Middlewares/Third_Party/FreeRTOS/Source/include -I../Middlewares/Third_Party/FreeRTOS/Source/CMSIS_RTOS_V2 -I../Middlewares/Third_Party/FreeRTOS/Source/portable/GCC/ARM_CM4F -O0 -ffunction-sections -fdata-sections -Wall -fstack-usage -fcyclomatic-complexity -MMD -MP -MF"Core/Src/main.d" -MT"Core/Src/main.o" --specs=nano.specs -mfpu=fpv4-sp-d16 -mfloat-abi=hard -mthumb -o "Core/Src/main.o"
../Core/Src/main.c: In function 'MIT_Controller_Update':
../Core/Src/main.c:180:15: warning: unused variable 'Ke' [-Wunused-variable]
  180 |         float Ke = gain_sub_msg.data.data[3];
      |               ^~
../Core/Src/main.c: In function 'reference_subscription_callback':
../Core/Src/main.c:342:44: warning: unused variable 'ref_sub_msg' [-Wunused-variable]
  342 |   const std_msgs__msg__Float32MultiArray * ref_sub_msg = (const std_msgs__msg__Float32MultiArray *)msgin;
      |                                            ^~~~~~~~~~~
../Core/Src/main.c: In function 'gain_subscription_callback':
../Core/Src/main.c:348:44: warning: unused variable 'gain_sub_msg' [-Wunused-variable]
  348 |   const std_msgs__msg__Float32MultiArray * gain_sub_msg = (const std_msgs__msg__Float32MultiArray *)msgin;
      |                                            ^~~~~~~~~~~~
../Core/Src/main.c: In function 'rl_action_subscription_callback':
../Core/Src/main.c:354:44: warning: unused variable 'rl_action_msg' [-Wunused-variable]
  354 |   const std_msgs__msg__Float32MultiArray * rl_action_msg = (const std_msgs__msg__Float32MultiArray *)msgin;
      |                                            ^~~~~~~~~~~~~
../Core/Src/main.c: In function 'StartDefaultTask':
../Core/Src/main.c:471:13: warning: unused variable 'puku' [-Wunused-variable]
  471 |   rcl_ret_t puku = rclc_subscription_init_default(
      |             ^~~~
../Core/Src/main.c:462:13: warning: unused variable 'rl' [-Wunused-variable]
  462 |   rcl_ret_t rl = rclc_subscription_init_default(
      |             ^~
../Core/Src/main.c:436:13: warning: unused variable 'rc' [-Wunused-variable]
  436 |   rcl_ret_t rc = rclc_subscription_init_default(
      |             ^~
../Core/Src/main.c: At top level:
../Core/Src/main.c:97:26: warning: 'pwm_operated' defined but not used [-Wunused-const-variable=]
   97 |         static const int pwm_operated = PERIOD_CONST - MOTOR_INIT_PERIOD_CONST;
      |                          ^~~~~~~~~~~~
arm-none-eabi-gcc -o "motor_controller.elf" @"objects.list"  -lmicroros -mcpu=cortex-m4 -T"/home/natthanicha/FRA502_ROS2/ROS_PROJECT_WS/firmware/motor_controller/STM32G474RETX_FLASH.ld" --specs=nosys.specs -Wl,-Map="motor_controller.map" -Wl,--gc-sections -static -L../micro_ros_stm32cubemx_utils/microros_static_library_ide/libmicroros --specs=nano.specs -mfpu=fpv4-sp-d16 -mfloat-abi=hard -mthumb -Wl,--start-group -lc -lm -Wl,--end-group
/opt/st/stm32cubeide_1.19.0/plugins/com.st.stm32cube.ide.mcu.externaltools.gnu-tools-for-stm32.13.3.rel1.linux64_1.0.0.202410170706/tools/bin/../lib/gcc/arm-none-eabi/13.3.1/../../../../arm-none-eabi/bin/ld: /opt/st/stm32cubeide_1.19.0/plugins/com.st.stm32cube.ide.mcu.externaltools.gnu-tools-for-stm32.13.3.rel1.linux64_1.0.0.202410170706/tools/bin/../lib/gcc/arm-none-eabi/13.3.1/../../../../arm-none-eabi/lib/thumb/v7e-m+fp/hard/libc_nano.a(libc_a-gettimeofdayr.o): in function `_gettimeofday_r':
(.text._gettimeofday_r+0xe): warning: _gettimeofday is not implemented and will always fail
/opt/st/stm32cubeide_1.19.0/plugins/com.st.stm32cube.ide.mcu.externaltools.gnu-tools-for-stm32.13.3.rel1.linux64_1.0.0.202410170706/tools/bin/../lib/gcc/arm-none-eabi/13.3.1/../../../../arm-none-eabi/bin/ld: /opt/st/stm32cubeide_1.19.0/plugins/com.st.stm32cube.ide.mcu.externaltools.gnu-tools-for-stm32.13.3.rel1.linux64_1.0.0.202410170706/tools/bin/../lib/gcc/arm-none-eabi/13.3.1/../../../../arm-none-eabi/lib/thumb/v7e-m+fp/hard/libc_nano.a(libc_a-gettimeofdayr.o): note: the message above does not take linker garbage collection into account
Finished building target: motor_controller.elf
 
arm-none-eabi-size  motor_controller.elf 
arm-none-eabi-objdump -h -S motor_controller.elf  > "motor_controller.list"
   text	   data	    bss	    dec	    hex	filename
 109084	    736	  46160	 155980	  2614c	motor_controller.elf
Finished building: default.size.stdout
 
Finished building: motor_controller.list
 
17:34:08 **** Incremental Build of configuration Debug for project motor_controller ****
make -j16 all 
docker pull microros/micro_ros_static_library_builder:humble && docker run --rm -v /home/natthanicha/FRA502_ROS2/ROS_PROJECT_WS/firmware/motor_controller:/project --env MICROROS_LIBRARY_FOLDER=micro_ros_stm32cubemx_utils/microros_static_library_ide microros/micro_ros_static_library_builder:humble
humble: Pulling from microros/micro_ros_static_library_builder
Digest: sha256:e291f74890e81b31eb1d70731cb79b2d767dd585269325031effc72952b24b9d
Status: Image is up to date for microros/micro_ros_static_library_builder:humble
docker.io/microros/micro_ros_static_library_builder:humble
dos2unix: converting file /project/micro_ros_stm32cubemx_utils/microros_static_library_ide/library_generation/library_generation.sh to Unix format...
micro-ROS library found. Skipping...
Delete micro_ros_stm32cubemx_utils/microros_static_library_ide/libmicroros/ for rebuild.
 
arm-none-eabi-gcc "../Core/Src/main.c" -mcpu=cortex-m4 -std=gnu11 -g3 -DDEBUG -DUSE_HAL_DRIVER -DSTM32G474xx -c -I../Core/Inc -I../micro_ros_stm32cubemx_utils/microros_static_library_ide/libmicroros/include -I../Drivers/STM32G4xx_HAL_Driver/Inc -I../Drivers/STM32G4xx_HAL_Driver/Inc/Legacy -I../Drivers/CMSIS/Device/ST/STM32G4xx/Include -I../Drivers/CMSIS/Include -I../Middlewares/Third_Party/FreeRTOS/Source/include -I../Middlewares/Third_Party/FreeRTOS/Source/CMSIS_RTOS_V2 -I../Middlewares/Third_Party/FreeRTOS/Source/portable/GCC/ARM_CM4F -O0 -ffunction-sections -fdata-sections -Wall -fstack-usage -fcyclomatic-complexity -MMD -MP -MF"Core/Src/main.d" -MT"Core/Src/main.o" --specs=nano.specs -mfpu=fpv4-sp-d16 -mfloat-abi=hard -mthumb -o "Core/Src/main.o"
../Core/Src/main.c: In function 'MIT_Controller_Update':
../Core/Src/main.c:180:15: warning: unused variable 'Ke' [-Wunused-variable]
  180 |         float Ke = gain_sub_msg.data.data[3];
      |               ^~
../Core/Src/main.c: In function 'reference_subscription_callback':
../Core/Src/main.c:342:44: warning: unused variable 'ref_sub_msg' [-Wunused-variable]
  342 |   const std_msgs__msg__Float32MultiArray * ref_sub_msg = (const std_msgs__msg__Float32MultiArray *)msgin;
      |                                            ^~~~~~~~~~~
../Core/Src/main.c: In function 'gain_subscription_callback':
../Core/Src/main.c:348:44: warning: unused variable 'gain_sub_msg' [-Wunused-variable]
  348 |   const std_msgs__msg__Float32MultiArray * gain_sub_msg = (const std_msgs__msg__Float32MultiArray *)msgin;
      |                                            ^~~~~~~~~~~~
../Core/Src/main.c: In function 'rl_action_subscription_callback':
../Core/Src/main.c:354:44: warning: unused variable 'rl_action_msg' [-Wunused-variable]
  354 |   const std_msgs__msg__Float32MultiArray * rl_action_msg = (const std_msgs__msg__Float32MultiArray *)msgin;
      |                                            ^~~~~~~~~~~~~
../Core/Src/main.c: In function 'StartDefaultTask':
../Core/Src/main.c:476:13: warning: unused variable 'puku' [-Wunused-variable]
  476 |   rcl_ret_t puku = rclc_subscription_init_default(
      |             ^~~~
../Core/Src/main.c:467:13: warning: unused variable 'rl' [-Wunused-variable]
  467 |   rcl_ret_t rl = rclc_subscription_init_default(
      |             ^~
../Core/Src/main.c:436:13: warning: unused variable 'rc' [-Wunused-variable]
  436 |   rcl_ret_t rc = rclc_subscription_init_default(
      |             ^~
../Core/Src/main.c: At top level:
../Core/Src/main.c:97:26: warning: 'pwm_operated' defined but not used [-Wunused-const-variable=]
   97 |         static const int pwm_operated = PERIOD_CONST - MOTOR_INIT_PERIOD_CONST;
      |                          ^~~~~~~~~~~~
arm-none-eabi-gcc -o "motor_controller.elf" @"objects.list"  -lmicroros -mcpu=cortex-m4 -T"/home/natthanicha/FRA502_ROS2/ROS_PROJECT_WS/firmware/motor_controller/STM32G474RETX_FLASH.ld" --specs=nosys.specs -Wl,-Map="motor_controller.map" -Wl,--gc-sections -static -L../micro_ros_stm32cubemx_utils/microros_static_library_ide/libmicroros --specs=nano.specs -mfpu=fpv4-sp-d16 -mfloat-abi=hard -mthumb -Wl,--start-group -lc -lm -Wl,--end-group
/opt/st/stm32cubeide_1.19.0/plugins/com.st.stm32cube.ide.mcu.externaltools.gnu-tools-for-stm32.13.3.rel1.linux64_1.0.0.202410170706/tools/bin/../lib/gcc/arm-none-eabi/13.3.1/../../../../arm-none-eabi/bin/ld: /opt/st/stm32cubeide_1.19.0/plugins/com.st.stm32cube.ide.mcu.externaltools.gnu-tools-for-stm32.13.3.rel1.linux64_1.0.0.202410170706/tools/bin/../lib/gcc/arm-none-eabi/13.3.1/../../../../arm-none-eabi/lib/thumb/v7e-m+fp/hard/libc_nano.a(libc_a-gettimeofdayr.o): in function `_gettimeofday_r':
(.text._gettimeofday_r+0xe): warning: _gettimeofday is not implemented and will always fail
/opt/st/stm32cubeide_1.19.0/plugins/com.st.stm32cube.ide.mcu.externaltools.gnu-tools-for-stm32.13.3.rel1.linux64_1.0.0.202410170706/tools/bin/../lib/gcc/arm-none-eabi/13.3.1/../../../../arm-none-eabi/bin/ld: /opt/st/stm32cubeide_1.19.0/plugins/com.st.stm32cube.ide.mcu.externaltools.gnu-tools-for-stm32.13.3.rel1.linux64_1.0.0.202410170706/tools/bin/../lib/gcc/arm-none-eabi/13.3.1/../../../../arm-none-eabi/lib/thumb/v7e-m+fp/hard/libc_nano.a(libc_a-gettimeofdayr.o): note: the message above does not take linker garbage collection into account
Finished building target: motor_controller.elf
 
arm-none-eabi-size  motor_controller.elf 
arm-none-eabi-objdump -h -S motor_controller.elf  > "motor_controller.list"
   text	   data	    bss	    dec	    hex	filename
 109180	    736	  46160	 156076	  261ac	motor_controller.elf
Finished building: default.size.stdout
 
Finished building: motor_controller.list
 
17:44:08 **** Incremental Build of configuration Debug for project motor_controller ****
make -j16 all 
docker pull microros/micro_ros_static_library_builder:humble && docker run --rm -v /home/natthanicha/FRA502_ROS2/ROS_PROJECT_WS/firmware/motor_controller:/project --env MICROROS_LIBRARY_FOLDER=micro_ros_stm32cubemx_utils/microros_static_library_ide microros/micro_ros_static_library_builder:humble
humble: Pulling from microros/micro_ros_static_library_builder
Digest: sha256:e291f74890e81b31eb1d70731cb79b2d767dd585269325031effc72952b24b9d
Status: Image is up to date for microros/micro_ros_static_library_builder:humble
docker.io/microros/micro_ros_static_library_builder:humble
dos2unix: converting file /project/micro_ros_stm32cubemx_utils/microros_static_library_ide/library_generation/library_generation.sh to Unix format...
micro-ROS library found. Skipping...
Delete micro_ros_stm32cubemx_utils/microros_static_library_ide/libmicroros/ for rebuild.
 
arm-none-eabi-size  motor_controller.elf 
   text	   data	    bss	    dec	    hex	filename
 109180	    736	  46160	 156076	  261ac	motor_controller.elf
Finished building: default.size.stdout
 
17:54:10 **** Incremental Build of configuration Debug for project motor_controller ****
make -j16 all 
docker pull microros/micro_ros_static_library_builder:humble && docker run --rm -v /home/natthanicha/FRA502_ROS2/ROS_PROJECT_WS/firmware/motor_controller:/project --env MICROROS_LIBRARY_FOLDER=micro_ros_stm32cubemx_utils/microros_static_library_ide microros/micro_ros_static_library_builder:humble
humble: Pulling from microros/micro_ros_static_library_builder
Digest: sha256:e291f74890e81b31eb1d70731cb79b2d767dd585269325031effc72952b24b9d
Status: Image is up to date for microros/micro_ros_static_library_builder:humble
docker.io/microros/micro_ros_static_library_builder:humble
dos2unix: converting file /project/micro_ros_stm32cubemx_utils/microros_static_library_ide/library_generation/library_generation.sh to Unix format...
micro-ROS library found. Skipping...
Delete micro_ros_stm32cubemx_utils/microros_static_library_ide/libmicroros/ for rebuild.
 
arm-none-eabi-size  motor_controller.elf 
   text	   data	    bss	    dec	    hex	filename
 109180	    736	  46160	 156076	  261ac	motor_controller.elf
Finished building: default.size.stdout
 
17:59:31 **** Incremental Build of configuration Debug for project motor_controller ****
make -j16 all 
docker pull microros/micro_ros_static_library_builder:humble && docker run --rm -v /home/natthanicha/FRA502_ROS2/ROS_PROJECT_WS/firmware/motor_controller:/project --env MICROROS_LIBRARY_FOLDER=micro_ros_stm32cubemx_utils/microros_static_library_ide microros/micro_ros_static_library_builder:humble
humble: Pulling from microros/micro_ros_static_library_builder
Digest: sha256:e291f74890e81b31eb1d70731cb79b2d767dd585269325031effc72952b24b9d
Status: Image is up to date for microros/micro_ros_static_library_builder:humble
docker.io/microros/micro_ros_static_library_builder:humble
dos2unix: converting file /project/micro_ros_stm32cubemx_utils/microros_static_library_ide/library_generation/library_generation.sh to Unix format...
micro-ROS library found. Skipping...
Delete micro_ros_stm32cubemx_utils/microros_static_library_ide/libmicroros/ for rebuild.
 
arm-none-eabi-gcc "../Core/Src/main.c" -mcpu=cortex-m4 -std=gnu11 -g3 -DDEBUG -DUSE_HAL_DRIVER -DSTM32G474xx -c -I../Core/Inc -I../micro_ros_stm32cubemx_utils/microros_static_library_ide/libmicroros/include -I../Drivers/STM32G4xx_HAL_Driver/Inc -I../Drivers/STM32G4xx_HAL_Driver/Inc/Legacy -I../Drivers/CMSIS/Device/ST/STM32G4xx/Include -I../Drivers/CMSIS/Include -I../Middlewares/Third_Party/FreeRTOS/Source/include -I../Middlewares/Third_Party/FreeRTOS/Source/CMSIS_RTOS_V2 -I../Middlewares/Third_Party/FreeRTOS/Source/portable/GCC/ARM_CM4F -O0 -ffunction-sections -fdata-sections -Wall -fstack-usage -fcyclomatic-complexity -MMD -MP -MF"Core/Src/main.d" -MT"Core/Src/main.o" --specs=nano.specs -mfpu=fpv4-sp-d16 -mfloat-abi=hard -mthumb -o "Core/Src/main.o"
../Core/Src/main.c: In function 'MIT_Controller_Update':
../Core/Src/main.c:180:15: warning: unused variable 'Ke' [-Wunused-variable]
  180 |         float Ke = gain_sub_msg.data.data[3];
      |               ^~
../Core/Src/main.c: In function 'reference_subscription_callback':
../Core/Src/main.c:342:44: warning: unused variable 'ref_sub_msg' [-Wunused-variable]
  342 |   const std_msgs__msg__Float32MultiArray * ref_sub_msg = (const std_msgs__msg__Float32MultiArray *)msgin;
      |                                            ^~~~~~~~~~~
../Core/Src/main.c: In function 'gain_subscription_callback':
../Core/Src/main.c:348:44: warning: unused variable 'gain_sub_msg' [-Wunused-variable]
  348 |   const std_msgs__msg__Float32MultiArray * gain_sub_msg = (const std_msgs__msg__Float32MultiArray *)msgin;
      |                                            ^~~~~~~~~~~~
../Core/Src/main.c: In function 'rl_action_subscription_callback':
../Core/Src/main.c:354:44: warning: unused variable 'rl_action_msg' [-Wunused-variable]
  354 |   const std_msgs__msg__Float32MultiArray * rl_action_msg = (const std_msgs__msg__Float32MultiArray *)msgin;
      |                                            ^~~~~~~~~~~~~
../Core/Src/main.c: In function 'StartDefaultTask':
../Core/Src/main.c:476:13: warning: unused variable 'puku' [-Wunused-variable]
  476 |   rcl_ret_t puku = rclc_subscription_init_default(
      |             ^~~~
../Core/Src/main.c:467:13: warning: unused variable 'rl' [-Wunused-variable]
  467 |   rcl_ret_t rl = rclc_subscription_init_default(
      |             ^~
../Core/Src/main.c:436:13: warning: unused variable 'rc' [-Wunused-variable]
  436 |   rcl_ret_t rc = rclc_subscription_init_default(
      |             ^~
../Core/Src/main.c: At top level:
../Core/Src/main.c:97:26: warning: 'pwm_operated' defined but not used [-Wunused-const-variable=]
   97 |         static const int pwm_operated = PERIOD_CONST - MOTOR_INIT_PERIOD_CONST;
      |                          ^~~~~~~~~~~~
arm-none-eabi-gcc -o "motor_controller.elf" @"objects.list"  -lmicroros -mcpu=cortex-m4 -T"/home/natthanicha/FRA502_ROS2/ROS_PROJECT_WS/firmware/motor_controller/STM32G474RETX_FLASH.ld" --specs=nosys.specs -Wl,-Map="motor_controller.map" -Wl,--gc-sections -static -L../micro_ros_stm32cubemx_utils/microros_static_library_ide/libmicroros --specs=nano.specs -mfpu=fpv4-sp-d16 -mfloat-abi=hard -mthumb -Wl,--start-group -lc -lm -Wl,--end-group
/opt/st/stm32cubeide_1.19.0/plugins/com.st.stm32cube.ide.mcu.externaltools.gnu-tools-for-stm32.13.3.rel1.linux64_1.0.0.202410170706/tools/bin/../lib/gcc/arm-none-eabi/13.3.1/../../../../arm-none-eabi/bin/ld: /opt/st/stm32cubeide_1.19.0/plugins/com.st.stm32cube.ide.mcu.externaltools.gnu-tools-for-stm32.13.3.rel1.linux64_1.0.0.202410170706/tools/bin/../lib/gcc/arm-none-eabi/13.3.1/../../../../arm-none-eabi/lib/thumb/v7e-m+fp/hard/libc_nano.a(libc_a-gettimeofdayr.o): in function `_gettimeofday_r':
(.text._gettimeofday_r+0xe): warning: _gettimeofday is not implemented and will always fail
/opt/st/stm32cubeide_1.19.0/plugins/com.st.stm32cube.ide.mcu.externaltools.gnu-tools-for-stm32.13.3.rel1.linux64_1.0.0.202410170706/tools/bin/../lib/gcc/arm-none-eabi/13.3.1/../../../../arm-none-eabi/bin/ld: /opt/st/stm32cubeide_1.19.0/plugins/com.st.stm32cube.ide.mcu.externaltools.gnu-tools-for-stm32.13.3.rel1.linux64_1.0.0.202410170706/tools/bin/../lib/gcc/arm-none-eabi/13.3.1/../../../../arm-none-eabi/lib/thumb/v7e-m+fp/hard/libc_nano.a(libc_a-gettimeofdayr.o): note: the message above does not take linker garbage collection into account
Finished building target: motor_controller.elf
 
arm-none-eabi-size  motor_controller.elf 
arm-none-eabi-objdump -h -S motor_controller.elf  > "motor_controller.list"
   text	   data	    bss	    dec	    hex	filename
 109180	    736	  46160	 156076	  261ac	motor_controller.elf
Finished building: default.size.stdout
 
Finished building: motor_controller.list
 
18:20:29 **** Build of configuration Debug for project sensor_fusion ****
make -j16 all 
docker pull microros/micro_ros_static_library_builder:humble && docker run --rm -v /home/natthanicha/FRA502_ROS2/ROS_PROJECT_WS/firmware/sensor_fusion:/project --env MICROROS_LIBRARY_FOLDER=micro_ros_stm32cubemx_utils/microros_static_library_ide microros/micro_ros_static_library_builder:humble
humble: Pulling from microros/micro_ros_static_library_builder
Digest: sha256:e291f74890e81b31eb1d70731cb79b2d767dd585269325031effc72952b24b9d
Status: Image is up to date for microros/micro_ros_static_library_builder:humble
docker.io/microros/micro_ros_static_library_builder:humble
dos2unix: converting file /project/micro_ros_stm32cubemx_utils/microros_static_library_ide/library_generation/library_generation.sh to Unix format...
micro-ROS library found. Skipping...
Delete micro_ros_stm32cubemx_utils/microros_static_library_ide/libmicroros/ for rebuild.
 
arm-none-eabi-size  sensor_fusion.elf 
   text	   data	    bss	    dec	    hex	filename
 110992	   1988	  46184	 159164	  26dbc	sensor_fusion.elf
Finished building: default.size.stdout
 
18:22:00 **** Incremental Build of configuration Debug for project sensor_fusion ****
make -j16 all 
docker pull microros/micro_ros_static_library_builder:humble && docker run --rm -v /home/natthanicha/FRA502_ROS2/ROS_PROJECT_WS/firmware/sensor_fusion:/project --env MICROROS_LIBRARY_FOLDER=micro_ros_stm32cubemx_utils/microros_static_library_ide microros/micro_ros_static_library_builder:humble
humble: Pulling from microros/micro_ros_static_library_builder
Digest: sha256:e291f74890e81b31eb1d70731cb79b2d767dd585269325031effc72952b24b9d
Status: Image is up to date for microros/micro_ros_static_library_builder:humble
docker.io/microros/micro_ros_static_library_builder:humble
dos2unix: converting file /project/micro_ros_stm32cubemx_utils/microros_static_library_ide/library_generation/library_generation.sh to Unix format...
micro-ROS library found. Skipping...
Delete micro_ros_stm32cubemx_utils/microros_static_library_ide/libmicroros/ for rebuild.
 
arm-none-eabi-size  sensor_fusion.elf 
   text	   data	    bss	    dec	    hex	filename
 110992	   1988	  46184	 159164	  26dbc	sensor_fusion.elf
Finished building: default.size.stdout
 
18:23:00 **** Incremental Build of configuration Debug for project sensor_fusion ****
make -j16 all 
docker pull microros/micro_ros_static_library_builder:humble && docker run --rm -v /home/natthanicha/FRA502_ROS2/ROS_PROJECT_WS/firmware/sensor_fusion:/project --env MICROROS_LIBRARY_FOLDER=micro_ros_stm32cubemx_utils/microros_static_library_ide microros/micro_ros_static_library_builder:humble
humble: Pulling from microros/micro_ros_static_library_builder
Digest: sha256:e291f74890e81b31eb1d70731cb79b2d767dd585269325031effc72952b24b9d
Status: Image is up to date for microros/micro_ros_static_library_builder:humble
docker.io/microros/micro_ros_static_library_builder:humble
dos2unix: converting file /project/micro_ros_stm32cubemx_utils/microros_static_library_ide/library_generation/library_generation.sh to Unix format...
micro-ROS library found. Skipping...
Delete micro_ros_stm32cubemx_utils/microros_static_library_ide/libmicroros/ for rebuild.
 
arm-none-eabi-size  sensor_fusion.elf 
   text	   data	    bss	    dec	    hex	filename
 110992	   1988	  46184	 159164	  26dbc	sensor_fusion.elf
Finished building: default.size.stdout
 
18:23:40 **** Incremental Build of configuration Debug for project sensor_fusion ****
make -j16 all 
docker pull microros/micro_ros_static_library_builder:humble && docker run --rm -v /home/natthanicha/FRA502_ROS2/ROS_PROJECT_WS/firmware/sensor_fusion:/project --env MICROROS_LIBRARY_FOLDER=micro_ros_stm32cubemx_utils/microros_static_library_ide microros/micro_ros_static_library_builder:humble
humble: Pulling from microros/micro_ros_static_library_builder
Digest: sha256:e291f74890e81b31eb1d70731cb79b2d767dd585269325031effc72952b24b9d
Status: Image is up to date for microros/micro_ros_static_library_builder:humble
docker.io/microros/micro_ros_static_library_builder:humble
dos2unix: converting file /project/micro_ros_stm32cubemx_utils/microros_static_library_ide/library_generation/library_generation.sh to Unix format...
micro-ROS library found. Skipping...
Delete micro_ros_stm32cubemx_utils/microros_static_library_ide/libmicroros/ for rebuild.
 
arm-none-eabi-size  sensor_fusion.elf 
   text	   data	    bss	    dec	    hex	filename
 110992	   1988	  46184	 159164	  26dbc	sensor_fusion.elf
Finished building: default.size.stdout
 
18:24:12 **** Incremental Build of configuration Debug for project sensor_fusion ****
make -j16 all 
docker pull microros/micro_ros_static_library_builder:humble && docker run --rm -v /home/natthanicha/FRA502_ROS2/ROS_PROJECT_WS/firmware/sensor_fusion:/project --env MICROROS_LIBRARY_FOLDER=micro_ros_stm32cubemx_utils/microros_static_library_ide microros/micro_ros_static_library_builder:humble
humble: Pulling from microros/micro_ros_static_library_builder
Digest: sha256:e291f74890e81b31eb1d70731cb79b2d767dd585269325031effc72952b24b9d
Status: Image is up to date for microros/micro_ros_static_library_builder:humble
docker.io/microros/micro_ros_static_library_builder:humble
dos2unix: converting file /project/micro_ros_stm32cubemx_utils/microros_static_library_ide/library_generation/library_generation.sh to Unix format...
micro-ROS library found. Skipping...
Delete micro_ros_stm32cubemx_utils/microros_static_library_ide/libmicroros/ for rebuild.
 
arm-none-eabi-size  sensor_fusion.elf 
   text	   data	    bss	    dec	    hex	filename
 110992	   1988	  46184	 159164	  26dbc	sensor_fusion.elf
Finished building: default.size.stdout
 
18:25:04 **** Incremental Build of configuration Debug for project sensor_fusion ****
make -j16 all 
docker pull microros/micro_ros_static_library_builder:humble && docker run --rm -v /home/natthanicha/FRA502_ROS2/ROS_PROJECT_WS/firmware/sensor_fusion:/project --env MICROROS_LIBRARY_FOLDER=micro_ros_stm32cubemx_utils/microros_static_library_ide microros/micro_ros_static_library_builder:humble
humble: Pulling from microros/micro_ros_static_library_builder
Digest: sha256:e291f74890e81b31eb1d70731cb79b2d767dd585269325031effc72952b24b9d
Status: Image is up to date for microros/micro_ros_static_library_builder:humble
docker.io/microros/micro_ros_static_library_builder:humble
dos2unix: converting file /project/micro_ros_stm32cubemx_utils/microros_static_library_ide/library_generation/library_generation.sh to Unix format...
micro-ROS library found. Skipping...
Delete micro_ros_stm32cubemx_utils/microros_static_library_ide/libmicroros/ for rebuild.
 
arm-none-eabi-size  sensor_fusion.elf 
   text	   data	    bss	    dec	    hex	filename
 110992	   1988	  46184	 159164	  26dbc	sensor_fusion.elf
Finished building: default.size.stdout
 
18:30:38 **** Incremental Build of configuration Debug for project sensor_fusion ****
make -j16 all 
docker pull microros/micro_ros_static_library_builder:humble && docker run --rm -v /home/natthanicha/FRA502_ROS2/ROS_PROJECT_WS/firmware/sensor_fusion:/project --env MICROROS_LIBRARY_FOLDER=micro_ros_stm32cubemx_utils/microros_static_library_ide microros/micro_ros_static_library_builder:humble
humble: Pulling from microros/micro_ros_static_library_builder
Digest: sha256:e291f74890e81b31eb1d70731cb79b2d767dd585269325031effc72952b24b9d
Status: Image is up to date for microros/micro_ros_static_library_builder:humble
docker.io/microros/micro_ros_static_library_builder:humble
dos2unix: converting file /project/micro_ros_stm32cubemx_utils/microros_static_library_ide/library_generation/library_generation.sh to Unix format...
micro-ROS library found. Skipping...
Delete micro_ros_stm32cubemx_utils/microros_static_library_ide/libmicroros/ for rebuild.
 
arm-none-eabi-size  sensor_fusion.elf 
   text	   data	    bss	    dec	    hex	filename
 110992	   1988	  46184	 159164	  26dbc	sensor_fusion.elf
Finished building: default.size.stdout
 
18:38:06 **** Incremental Build of configuration Debug for project sensor_fusion ****
make -j16 all 
docker pull microros/micro_ros_static_library_builder:humble && docker run --rm -v /home/natthanicha/FRA502_ROS2/ROS_PROJECT_WS/firmware/sensor_fusion:/project --env MICROROS_LIBRARY_FOLDER=micro_ros_stm32cubemx_utils/microros_static_library_ide microros/micro_ros_static_library_builder:humble
humble: Pulling from microros/micro_ros_static_library_builder
Digest: sha256:e291f74890e81b31eb1d70731cb79b2d767dd585269325031effc72952b24b9d
Status: Image is up to date for microros/micro_ros_static_library_builder:humble
docker.io/microros/micro_ros_static_library_builder:humble
dos2unix: converting file /project/micro_ros_stm32cubemx_utils/microros_static_library_ide/library_generation/library_generation.sh to Unix format...
micro-ROS library found. Skipping...
Delete micro_ros_stm32cubemx_utils/microros_static_library_ide/libmicroros/ for rebuild.
 
arm-none-eabi-size  sensor_fusion.elf 
   text	   data	    bss	    dec	    hex	filename
 110992	   1988	  46184	 159164	  26dbc	sensor_fusion.elf
Finished building: default.size.stdout
 
19:17:07 **** Incremental Build of configuration Debug for project sensor_fusion ****
make -j16 all 
docker pull microros/micro_ros_static_library_builder:humble && docker run --rm -v /home/natthanicha/FRA502_ROS2/ROS_PROJECT_WS/firmware/sensor_fusion:/project --env MICROROS_LIBRARY_FOLDER=micro_ros_stm32cubemx_utils/microros_static_library_ide microros/micro_ros_static_library_builder:humble
humble: Pulling from microros/micro_ros_static_library_builder
Digest: sha256:e291f74890e81b31eb1d70731cb79b2d767dd585269325031effc72952b24b9d
Status: Image is up to date for microros/micro_ros_static_library_builder:humble
docker.io/microros/micro_ros_static_library_builder:humble
dos2unix: converting file /project/micro_ros_stm32cubemx_utils/microros_static_library_ide/library_generation/library_generation.sh to Unix format...
micro-ROS library found. Skipping...
Delete micro_ros_stm32cubemx_utils/microros_static_library_ide/libmicroros/ for rebuild.
 
arm-none-eabi-size  sensor_fusion.elf 
   text	   data	    bss	    dec	    hex	filename
 110992	   1988	  46184	 159164	  26dbc	sensor_fusion.elf
Finished building: default.size.stdout
 
22:33:06 **** Build of configuration Debug for project motor_ai_control ****
make -j16 all 
docker pull microros/micro_ros_static_library_builder:humble && docker run --rm -v /home/natthanicha/FRA502_ROS2/ROS_PROJECT_WS/firmware/motor_ai_control:/project --env MICROROS_LIBRARY_FOLDER=micro_ros_stm32cubemx_utils/microros_static_library_ide microros/micro_ros_static_library_builder:humble
humble: Pulling from microros/micro_ros_static_library_builder
Digest: sha256:e291f74890e81b31eb1d70731cb79b2d767dd585269325031effc72952b24b9d
Status: Image is up to date for microros/micro_ros_static_library_builder:humble
docker.io/microros/micro_ros_static_library_builder:humble
dos2unix: converting file /project/micro_ros_stm32cubemx_utils/microros_static_library_ide/library_generation/library_generation.sh to Unix format...
micro-ROS library found. Skipping...
Delete micro_ros_stm32cubemx_utils/microros_static_library_ide/libmicroros/ for rebuild.
 
arm-none-eabi-size  motor_ai_control.elf 
   text	   data	    bss	    dec	    hex	filename
 109756	    736	  46152	 156644	  263e4	motor_ai_control.elf
Finished building: default.size.stdout
 
22:33:43 **** Incremental Build of configuration Debug for project motor_ai_control ****
make -j16 all 
docker pull microros/micro_ros_static_library_builder:humble && docker run --rm -v /home/natthanicha/FRA502_ROS2/ROS_PROJECT_WS/firmware/motor_ai_control:/project --env MICROROS_LIBRARY_FOLDER=micro_ros_stm32cubemx_utils/microros_static_library_ide microros/micro_ros_static_library_builder:humble
humble: Pulling from microros/micro_ros_static_library_builder
Digest: sha256:e291f74890e81b31eb1d70731cb79b2d767dd585269325031effc72952b24b9d
Status: Image is up to date for microros/micro_ros_static_library_builder:humble
docker.io/microros/micro_ros_static_library_builder:humble
dos2unix: converting file /project/micro_ros_stm32cubemx_utils/microros_static_library_ide/library_generation/library_generation.sh to Unix format...
micro-ROS library found. Skipping...
Delete micro_ros_stm32cubemx_utils/microros_static_library_ide/libmicroros/ for rebuild.
 
arm-none-eabi-size  motor_ai_control.elf 
   text	   data	    bss	    dec	    hex	filename
 109756	    736	  46152	 156644	  263e4	motor_ai_control.elf
Finished building: default.size.stdout
 
22:34:29 **** Incremental Build of configuration Debug for project motor_ai_control ****
make -j16 all 
docker pull microros/micro_ros_static_library_builder:humble && docker run --rm -v /home/natthanicha/FRA502_ROS2/ROS_PROJECT_WS/firmware/motor_ai_control:/project --env MICROROS_LIBRARY_FOLDER=micro_ros_stm32cubemx_utils/microros_static_library_ide microros/micro_ros_static_library_builder:humble
humble: Pulling from microros/micro_ros_static_library_builder
Digest: sha256:e291f74890e81b31eb1d70731cb79b2d767dd585269325031effc72952b24b9d
Status: Image is up to date for microros/micro_ros_static_library_builder:humble
docker.io/microros/micro_ros_static_library_builder:humble
dos2unix: converting file /project/micro_ros_stm32cubemx_utils/microros_static_library_ide/library_generation/library_generation.sh to Unix format...
micro-ROS library found. Skipping...
Delete micro_ros_stm32cubemx_utils/microros_static_library_ide/libmicroros/ for rebuild.
 
arm-none-eabi-size  motor_ai_control.elf 
   text	   data	    bss	    dec	    hex	filename
 109756	    736	  46152	 156644	  263e4	motor_ai_control.elf
Finished building: default.size.stdout
 
22:35:27 **** Build of configuration Debug for project motor_controller ****
make -j16 all 
docker pull microros/micro_ros_static_library_builder:humble && docker run --rm -v /home/natthanicha/FRA502_ROS2/ROS_PROJECT_WS/firmware/motor_controller:/project --env MICROROS_LIBRARY_FOLDER=micro_ros_stm32cubemx_utils/microros_static_library_ide microros/micro_ros_static_library_builder:humble
humble: Pulling from microros/micro_ros_static_library_builder
Digest: sha256:e291f74890e81b31eb1d70731cb79b2d767dd585269325031effc72952b24b9d
Status: Image is up to date for microros/micro_ros_static_library_builder:humble
docker.io/microros/micro_ros_static_library_builder:humble
dos2unix: converting file /project/micro_ros_stm32cubemx_utils/microros_static_library_ide/library_generation/library_generation.sh to Unix format...
micro-ROS library found. Skipping...
Delete micro_ros_stm32cubemx_utils/microros_static_library_ide/libmicroros/ for rebuild.
 
arm-none-eabi-gcc "../Core/Src/main.c" -mcpu=cortex-m4 -std=gnu11 -g3 -DDEBUG -DUSE_HAL_DRIVER -DSTM32G474xx -c -I../Core/Inc -I../micro_ros_stm32cubemx_utils/microros_static_library_ide/libmicroros/include -I../Drivers/STM32G4xx_HAL_Driver/Inc -I../Drivers/STM32G4xx_HAL_Driver/Inc/Legacy -I../Drivers/CMSIS/Device/ST/STM32G4xx/Include -I../Drivers/CMSIS/Include -I../Middlewares/Third_Party/FreeRTOS/Source/include -I../Middlewares/Third_Party/FreeRTOS/Source/CMSIS_RTOS_V2 -I../Middlewares/Third_Party/FreeRTOS/Source/portable/GCC/ARM_CM4F -O0 -ffunction-sections -fdata-sections -Wall -fstack-usage -fcyclomatic-complexity -MMD -MP -MF"Core/Src/main.d" -MT"Core/Src/main.o" --specs=nano.specs -mfpu=fpv4-sp-d16 -mfloat-abi=hard -mthumb -o "Core/Src/main.o"
../Core/Src/main.c: In function 'MIT_Controller_Update':
../Core/Src/main.c:175:15: warning: unused variable 'Ke' [-Wunused-variable]
  175 |         float Ke = gain_sub_msg.data.data[3];
      |               ^~
../Core/Src/main.c: In function 'reference_subscription_callback':
../Core/Src/main.c:332:44: warning: unused variable 'ref_sub_msg' [-Wunused-variable]
  332 |   const std_msgs__msg__Float32MultiArray * ref_sub_msg = (const std_msgs__msg__Float32MultiArray *)msgin;
      |                                            ^~~~~~~~~~~
../Core/Src/main.c: In function 'gain_subscription_callback':
../Core/Src/main.c:338:44: warning: unused variable 'gain_sub_msg' [-Wunused-variable]
  338 |   const std_msgs__msg__Float32MultiArray * gain_sub_msg = (const std_msgs__msg__Float32MultiArray *)msgin;
      |                                            ^~~~~~~~~~~~
../Core/Src/main.c: In function 'rl_action_subscription_callback':
../Core/Src/main.c:344:44: warning: unused variable 'rl_action_msg' [-Wunused-variable]
  344 |   const std_msgs__msg__Float32MultiArray * rl_action_msg = (const std_msgs__msg__Float32MultiArray *)msgin;
      |                                            ^~~~~~~~~~~~~
../Core/Src/main.c: In function 'StartDefaultTask':
../Core/Src/main.c:466:13: warning: unused variable 'puku' [-Wunused-variable]
  466 |   rcl_ret_t puku = rclc_subscription_init_default(
      |             ^~~~
../Core/Src/main.c:457:13: warning: unused variable 'rl' [-Wunused-variable]
  457 |   rcl_ret_t rl = rclc_subscription_init_default(
      |             ^~
../Core/Src/main.c:426:13: warning: unused variable 'rc' [-Wunused-variable]
  426 |   rcl_ret_t rc = rclc_subscription_init_default(
      |             ^~
../Core/Src/main.c: At top level:
../Core/Src/main.c:97:26: warning: 'pwm_operated' defined but not used [-Wunused-const-variable=]
   97 |         static const int pwm_operated = PERIOD_CONST - MOTOR_INIT_PERIOD_CONST;
      |                          ^~~~~~~~~~~~
arm-none-eabi-gcc -o "motor_controller.elf" @"objects.list"  -lmicroros -mcpu=cortex-m4 -T"/home/natthanicha/FRA502_ROS2/ROS_PROJECT_WS/firmware/motor_controller/STM32G474RETX_FLASH.ld" --specs=nosys.specs -Wl,-Map="motor_controller.map" -Wl,--gc-sections -static -L../micro_ros_stm32cubemx_utils/microros_static_library_ide/libmicroros --specs=nano.specs -mfpu=fpv4-sp-d16 -mfloat-abi=hard -mthumb -Wl,--start-group -lc -lm -Wl,--end-group
/opt/st/stm32cubeide_1.19.0/plugins/com.st.stm32cube.ide.mcu.externaltools.gnu-tools-for-stm32.13.3.rel1.linux64_1.0.0.202410170706/tools/bin/../lib/gcc/arm-none-eabi/13.3.1/../../../../arm-none-eabi/bin/ld: /opt/st/stm32cubeide_1.19.0/plugins/com.st.stm32cube.ide.mcu.externaltools.gnu-tools-for-stm32.13.3.rel1.linux64_1.0.0.202410170706/tools/bin/../lib/gcc/arm-none-eabi/13.3.1/../../../../arm-none-eabi/lib/thumb/v7e-m+fp/hard/libc_nano.a(libc_a-gettimeofdayr.o): in function `_gettimeofday_r':
(.text._gettimeofday_r+0xe): warning: _gettimeofday is not implemented and will always fail
/opt/st/stm32cubeide_1.19.0/plugins/com.st.stm32cube.ide.mcu.externaltools.gnu-tools-for-stm32.13.3.rel1.linux64_1.0.0.202410170706/tools/bin/../lib/gcc/arm-none-eabi/13.3.1/../../../../arm-none-eabi/bin/ld: /opt/st/stm32cubeide_1.19.0/plugins/com.st.stm32cube.ide.mcu.externaltools.gnu-tools-for-stm32.13.3.rel1.linux64_1.0.0.202410170706/tools/bin/../lib/gcc/arm-none-eabi/13.3.1/../../../../arm-none-eabi/lib/thumb/v7e-m+fp/hard/libc_nano.a(libc_a-gettimeofdayr.o): note: the message above does not take linker garbage collection into account
Finished building target: motor_controller.elf
 
arm-none-eabi-size  motor_controller.elf 
arm-none-eabi-objdump -h -S motor_controller.elf  > "motor_controller.list"
   text	   data	    bss	    dec	    hex	filename
 109180	    736	  46160	 156076	  261ac	motor_controller.elf
Finished building: default.size.stdout
 
Finished building: motor_controller.list
 
22:36:51 **** Incremental Build of configuration Debug for project motor_controller ****
make -j16 all 
docker pull microros/micro_ros_static_library_builder:humble && docker run --rm -v /home/natthanicha/FRA502_ROS2/ROS_PROJECT_WS/firmware/motor_controller:/project --env MICROROS_LIBRARY_FOLDER=micro_ros_stm32cubemx_utils/microros_static_library_ide microros/micro_ros_static_library_builder:humble
humble: Pulling from microros/micro_ros_static_library_builder
Digest: sha256:e291f74890e81b31eb1d70731cb79b2d767dd585269325031effc72952b24b9d
Status: Image is up to date for microros/micro_ros_static_library_builder:humble
docker.io/microros/micro_ros_static_library_builder:humble
dos2unix: converting file /project/micro_ros_stm32cubemx_utils/microros_static_library_ide/library_generation/library_generation.sh to Unix format...
micro-ROS library found. Skipping...
Delete micro_ros_stm32cubemx_utils/microros_static_library_ide/libmicroros/ for rebuild.
 
arm-none-eabi-size  motor_controller.elf 
   text	   data	    bss	    dec	    hex	filename
 109180	    736	  46160	 156076	  261ac	motor_controller.elf
Finished building: default.size.stdout
 
22:38:21 **** Incremental Build of configuration Debug for project motor_controller ****
make -j16 all 
docker pull microros/micro_ros_static_library_builder:humble && docker run --rm -v /home/natthanicha/FRA502_ROS2/ROS_PROJECT_WS/firmware/motor_controller:/project --env MICROROS_LIBRARY_FOLDER=micro_ros_stm32cubemx_utils/microros_static_library_ide microros/micro_ros_static_library_builder:humble
humble: Pulling from microros/micro_ros_static_library_builder
Digest: sha256:e291f74890e81b31eb1d70731cb79b2d767dd585269325031effc72952b24b9d
Status: Image is up to date for microros/micro_ros_static_library_builder:humble
docker.io/microros/micro_ros_static_library_builder:humble
dos2unix: converting file /project/micro_ros_stm32cubemx_utils/microros_static_library_ide/library_generation/library_generation.sh to Unix format...
micro-ROS library found. Skipping...
Delete micro_ros_stm32cubemx_utils/microros_static_library_ide/libmicroros/ for rebuild.
 
arm-none-eabi-size  motor_controller.elf 
   text	   data	    bss	    dec	    hex	filename
 109180	    736	  46160	 156076	  261ac	motor_controller.elf
Finished building: default.size.stdout
 
22:40:41 **** Incremental Build of configuration Debug for project motor_controller ****
make -j16 all 
docker pull microros/micro_ros_static_library_builder:humble && docker run --rm -v /home/natthanicha/FRA502_ROS2/ROS_PROJECT_WS/firmware/motor_controller:/project --env MICROROS_LIBRARY_FOLDER=micro_ros_stm32cubemx_utils/microros_static_library_ide microros/micro_ros_static_library_builder:humble
humble: Pulling from microros/micro_ros_static_library_builder
Digest: sha256:e291f74890e81b31eb1d70731cb79b2d767dd585269325031effc72952b24b9d
Status: Image is up to date for microros/micro_ros_static_library_builder:humble
docker.io/microros/micro_ros_static_library_builder:humble
dos2unix: converting file /project/micro_ros_stm32cubemx_utils/microros_static_library_ide/library_generation/library_generation.sh to Unix format...
micro-ROS library found. Skipping...
Delete micro_ros_stm32cubemx_utils/microros_static_library_ide/libmicroros/ for rebuild.
 
arm-none-eabi-size  motor_controller.elf 
   text	   data	    bss	    dec	    hex	filename
 109180	    736	  46160	 156076	  261ac	motor_controller.elf
Finished building: default.size.stdout
 
00:03:25 **** Incremental Build of configuration Debug for project motor_controller ****
make -j16 all 
docker pull microros/micro_ros_static_library_builder:humble && docker run --rm -v /home/natthanicha/FRA502_ROS2/ROS_PROJECT_WS/firmware/motor_controller:/project --env MICROROS_LIBRARY_FOLDER=micro_ros_stm32cubemx_utils/microros_static_library_ide microros/micro_ros_static_library_builder:humble
humble: Pulling from microros/micro_ros_static_library_builder
Digest: sha256:e291f74890e81b31eb1d70731cb79b2d767dd585269325031effc72952b24b9d
Status: Image is up to date for microros/micro_ros_static_library_builder:humble
docker.io/microros/micro_ros_static_library_builder:humble
dos2unix: converting file /project/micro_ros_stm32cubemx_utils/microros_static_library_ide/library_generation/library_generation.sh to Unix format...
micro-ROS library found. Skipping...
Delete micro_ros_stm32cubemx_utils/microros_static_library_ide/libmicroros/ for rebuild.
 
arm-none-eabi-gcc "../Middlewares/Third_Party/FreeRTOS/Source/portable/MemMang/heap_4.c" -mcpu=cortex-m4 -std=gnu11 -g3 -DDEBUG -DUSE_HAL_DRIVER -DSTM32G474xx -c -I../Core/Inc -I../micro_ros_stm32cubemx_utils/microros_static_library_ide/libmicroros/include -I../Drivers/STM32G4xx_HAL_Driver/Inc -I../Drivers/STM32G4xx_HAL_Driver/Inc/Legacy -I../Drivers/CMSIS/Device/ST/STM32G4xx/Include -I../Drivers/CMSIS/Include -I../Middlewares/Third_Party/FreeRTOS/Source/include -I../Middlewares/Third_Party/FreeRTOS/Source/CMSIS_RTOS_V2 -I../Middlewares/Third_Party/FreeRTOS/Source/portable/GCC/ARM_CM4F -O0 -ffunction-sections -fdata-sections -Wall -fstack-usage -fcyclomatic-complexity -MMD -MP -MF"Middlewares/Third_Party/FreeRTOS/Source/portable/MemMang/heap_4.d" -MT"Middlewares/Third_Party/FreeRTOS/Source/portable/MemMang/heap_4.o" --specs=nano.specs -mfpu=fpv4-sp-d16 -mfloat-abi=hard -mthumb -o "Middlewares/Third_Party/FreeRTOS/Source/portable/MemMang/heap_4.o"
arm-none-eabi-gcc "../Middlewares/Third_Party/FreeRTOS/Source/portable/GCC/ARM_CM4F/port.c" -mcpu=cortex-m4 -std=gnu11 -g3 -DDEBUG -DUSE_HAL_DRIVER -DSTM32G474xx -c -I../Core/Inc -I../micro_ros_stm32cubemx_utils/microros_static_library_ide/libmicroros/include -I../Drivers/STM32G4xx_HAL_Driver/Inc -I../Drivers/STM32G4xx_HAL_Driver/Inc/Legacy -I../Drivers/CMSIS/Device/ST/STM32G4xx/Include -I../Drivers/CMSIS/Include -I../Middlewares/Third_Party/FreeRTOS/Source/include -I../Middlewares/Third_Party/FreeRTOS/Source/CMSIS_RTOS_V2 -I../Middlewares/Third_Party/FreeRTOS/Source/portable/GCC/ARM_CM4F -O0 -ffunction-sections -fdata-sections -Wall -fstack-usage -fcyclomatic-complexity -MMD -MP -MF"Middlewares/Third_Party/FreeRTOS/Source/portable/GCC/ARM_CM4F/port.d" -MT"Middlewares/Third_Party/FreeRTOS/Source/portable/GCC/ARM_CM4F/port.o" --specs=nano.specs -mfpu=fpv4-sp-d16 -mfloat-abi=hard -mthumb -o "Middlewares/Third_Party/FreeRTOS/Source/portable/GCC/ARM_CM4F/port.o"
arm-none-eabi-gcc "../Middlewares/Third_Party/FreeRTOS/Source/CMSIS_RTOS_V2/cmsis_os2.c" -mcpu=cortex-m4 -std=gnu11 -g3 -DDEBUG -DUSE_HAL_DRIVER -DSTM32G474xx -c -I../Core/Inc -I../micro_ros_stm32cubemx_utils/microros_static_library_ide/libmicroros/include -I../Drivers/STM32G4xx_HAL_Driver/Inc -I../Drivers/STM32G4xx_HAL_Driver/Inc/Legacy -I../Drivers/CMSIS/Device/ST/STM32G4xx/Include -I../Drivers/CMSIS/Include -I../Middlewares/Third_Party/FreeRTOS/Source/include -I../Middlewares/Third_Party/FreeRTOS/Source/CMSIS_RTOS_V2 -I../Middlewares/Third_Party/FreeRTOS/Source/portable/GCC/ARM_CM4F -O0 -ffunction-sections -fdata-sections -Wall -fstack-usage -fcyclomatic-complexity -MMD -MP -MF"Middlewares/Third_Party/FreeRTOS/Source/CMSIS_RTOS_V2/cmsis_os2.d" -MT"Middlewares/Third_Party/FreeRTOS/Source/CMSIS_RTOS_V2/cmsis_os2.o" --specs=nano.specs -mfpu=fpv4-sp-d16 -mfloat-abi=hard -mthumb -o "Middlewares/Third_Party/FreeRTOS/Source/CMSIS_RTOS_V2/cmsis_os2.o"
arm-none-eabi-gcc "../Middlewares/Third_Party/FreeRTOS/Source/croutine.c" -mcpu=cortex-m4 -std=gnu11 -g3 -DDEBUG -DUSE_HAL_DRIVER -DSTM32G474xx -c -I../Core/Inc -I../micro_ros_stm32cubemx_utils/microros_static_library_ide/libmicroros/include -I../Drivers/STM32G4xx_HAL_Driver/Inc -I../Drivers/STM32G4xx_HAL_Driver/Inc/Legacy -I../Drivers/CMSIS/Device/ST/STM32G4xx/Include -I../Drivers/CMSIS/Include -I../Middlewares/Third_Party/FreeRTOS/Source/include -I../Middlewares/Third_Party/FreeRTOS/Source/CMSIS_RTOS_V2 -I../Middlewares/Third_Party/FreeRTOS/Source/portable/GCC/ARM_CM4F -O0 -ffunction-sections -fdata-sections -Wall -fstack-usage -fcyclomatic-complexity -MMD -MP -MF"Middlewares/Third_Party/FreeRTOS/Source/croutine.d" -MT"Middlewares/Third_Party/FreeRTOS/Source/croutine.o" --specs=nano.specs -mfpu=fpv4-sp-d16 -mfloat-abi=hard -mthumb -o "Middlewares/Third_Party/FreeRTOS/Source/croutine.o"
arm-none-eabi-gcc "../Middlewares/Third_Party/FreeRTOS/Source/event_groups.c" -mcpu=cortex-m4 -std=gnu11 -g3 -DDEBUG -DUSE_HAL_DRIVER -DSTM32G474xx -c -I../Core/Inc -I../micro_ros_stm32cubemx_utils/microros_static_library_ide/libmicroros/include -I../Drivers/STM32G4xx_HAL_Driver/Inc -I../Drivers/STM32G4xx_HAL_Driver/Inc/Legacy -I../Drivers/CMSIS/Device/ST/STM32G4xx/Include -I../Drivers/CMSIS/Include -I../Middlewares/Third_Party/FreeRTOS/Source/include -I../Middlewares/Third_Party/FreeRTOS/Source/CMSIS_RTOS_V2 -I../Middlewares/Third_Party/FreeRTOS/Source/portable/GCC/ARM_CM4F -O0 -ffunction-sections -fdata-sections -Wall -fstack-usage -fcyclomatic-complexity -MMD -MP -MF"Middlewares/Third_Party/FreeRTOS/Source/event_groups.d" -MT"Middlewares/Third_Party/FreeRTOS/Source/event_groups.o" --specs=nano.specs -mfpu=fpv4-sp-d16 -mfloat-abi=hard -mthumb -o "Middlewares/Third_Party/FreeRTOS/Source/event_groups.o"
arm-none-eabi-gcc "../Middlewares/Third_Party/FreeRTOS/Source/list.c" -mcpu=cortex-m4 -std=gnu11 -g3 -DDEBUG -DUSE_HAL_DRIVER -DSTM32G474xx -c -I../Core/Inc -I../micro_ros_stm32cubemx_utils/microros_static_library_ide/libmicroros/include -I../Drivers/STM32G4xx_HAL_Driver/Inc -I../Drivers/STM32G4xx_HAL_Driver/Inc/Legacy -I../Drivers/CMSIS/Device/ST/STM32G4xx/Include -I../Drivers/CMSIS/Include -I../Middlewares/Third_Party/FreeRTOS/Source/include -I../Middlewares/Third_Party/FreeRTOS/Source/CMSIS_RTOS_V2 -I../Middlewares/Third_Party/FreeRTOS/Source/portable/GCC/ARM_CM4F -O0 -ffunction-sections -fdata-sections -Wall -fstack-usage -fcyclomatic-complexity -MMD -MP -MF"Middlewares/Third_Party/FreeRTOS/Source/list.d" -MT"Middlewares/Third_Party/FreeRTOS/Source/list.o" --specs=nano.specs -mfpu=fpv4-sp-d16 -mfloat-abi=hard -mthumb -o "Middlewares/Third_Party/FreeRTOS/Source/list.o"
arm-none-eabi-gcc "../Middlewares/Third_Party/FreeRTOS/Source/queue.c" -mcpu=cortex-m4 -std=gnu11 -g3 -DDEBUG -DUSE_HAL_DRIVER -DSTM32G474xx -c -I../Core/Inc -I../micro_ros_stm32cubemx_utils/microros_static_library_ide/libmicroros/include -I../Drivers/STM32G4xx_HAL_Driver/Inc -I../Drivers/STM32G4xx_HAL_Driver/Inc/Legacy -I../Drivers/CMSIS/Device/ST/STM32G4xx/Include -I../Drivers/CMSIS/Include -I../Middlewares/Third_Party/FreeRTOS/Source/include -I../Middlewares/Third_Party/FreeRTOS/Source/CMSIS_RTOS_V2 -I../Middlewares/Third_Party/FreeRTOS/Source/portable/GCC/ARM_CM4F -O0 -ffunction-sections -fdata-sections -Wall -fstack-usage -fcyclomatic-complexity -MMD -MP -MF"Middlewares/Third_Party/FreeRTOS/Source/queue.d" -MT"Middlewares/Third_Party/FreeRTOS/Source/queue.o" --specs=nano.specs -mfpu=fpv4-sp-d16 -mfloat-abi=hard -mthumb -o "Middlewares/Third_Party/FreeRTOS/Source/queue.o"
arm-none-eabi-gcc "../Middlewares/Third_Party/FreeRTOS/Source/stream_buffer.c" -mcpu=cortex-m4 -std=gnu11 -g3 -DDEBUG -DUSE_HAL_DRIVER -DSTM32G474xx -c -I../Core/Inc -I../micro_ros_stm32cubemx_utils/microros_static_library_ide/libmicroros/include -I../Drivers/STM32G4xx_HAL_Driver/Inc -I../Drivers/STM32G4xx_HAL_Driver/Inc/Legacy -I../Drivers/CMSIS/Device/ST/STM32G4xx/Include -I../Drivers/CMSIS/Include -I../Middlewares/Third_Party/FreeRTOS/Source/include -I../Middlewares/Third_Party/FreeRTOS/Source/CMSIS_RTOS_V2 -I../Middlewares/Third_Party/FreeRTOS/Source/portable/GCC/ARM_CM4F -O0 -ffunction-sections -fdata-sections -Wall -fstack-usage -fcyclomatic-complexity -MMD -MP -MF"Middlewares/Third_Party/FreeRTOS/Source/stream_buffer.d" -MT"Middlewares/Third_Party/FreeRTOS/Source/stream_buffer.o" --specs=nano.specs -mfpu=fpv4-sp-d16 -mfloat-abi=hard -mthumb -o "Middlewares/Third_Party/FreeRTOS/Source/stream_buffer.o"
arm-none-eabi-gcc "../Middlewares/Third_Party/FreeRTOS/Source/tasks.c" -mcpu=cortex-m4 -std=gnu11 -g3 -DDEBUG -DUSE_HAL_DRIVER -DSTM32G474xx -c -I../Core/Inc -I../micro_ros_stm32cubemx_utils/microros_static_library_ide/libmicroros/include -I../Drivers/STM32G4xx_HAL_Driver/Inc -I../Drivers/STM32G4xx_HAL_Driver/Inc/Legacy -I../Drivers/CMSIS/Device/ST/STM32G4xx/Include -I../Drivers/CMSIS/Include -I../Middlewares/Third_Party/FreeRTOS/Source/include -I../Middlewares/Third_Party/FreeRTOS/Source/CMSIS_RTOS_V2 -I../Middlewares/Third_Party/FreeRTOS/Source/portable/GCC/ARM_CM4F -O0 -ffunction-sections -fdata-sections -Wall -fstack-usage -fcyclomatic-complexity -MMD -MP -MF"Middlewares/Third_Party/FreeRTOS/Source/tasks.d" -MT"Middlewares/Third_Party/FreeRTOS/Source/tasks.o" --specs=nano.specs -mfpu=fpv4-sp-d16 -mfloat-abi=hard -mthumb -o "Middlewares/Third_Party/FreeRTOS/Source/tasks.o"
arm-none-eabi-gcc "../Middlewares/Third_Party/FreeRTOS/Source/timers.c" -mcpu=cortex-m4 -std=gnu11 -g3 -DDEBUG -DUSE_HAL_DRIVER -DSTM32G474xx -c -I../Core/Inc -I../micro_ros_stm32cubemx_utils/microros_static_library_ide/libmicroros/include -I../Drivers/STM32G4xx_HAL_Driver/Inc -I../Drivers/STM32G4xx_HAL_Driver/Inc/Legacy -I../Drivers/CMSIS/Device/ST/STM32G4xx/Include -I../Drivers/CMSIS/Include -I../Middlewares/Third_Party/FreeRTOS/Source/include -I../Middlewares/Third_Party/FreeRTOS/Source/CMSIS_RTOS_V2 -I../Middlewares/Third_Party/FreeRTOS/Source/portable/GCC/ARM_CM4F -O0 -ffunction-sections -fdata-sections -Wall -fstack-usage -fcyclomatic-complexity -MMD -MP -MF"Middlewares/Third_Party/FreeRTOS/Source/timers.d" -MT"Middlewares/Third_Party/FreeRTOS/Source/timers.o" --specs=nano.specs -mfpu=fpv4-sp-d16 -mfloat-abi=hard -mthumb -o "Middlewares/Third_Party/FreeRTOS/Source/timers.o"
arm-none-eabi-gcc "../Drivers/STM32G4xx_HAL_Driver/Src/stm32g4xx_hal.c" -mcpu=cortex-m4 -std=gnu11 -g3 -DDEBUG -DUSE_HAL_DRIVER -DSTM32G474xx -c -I../Core/Inc -I../micro_ros_stm32cubemx_utils/microros_static_library_ide/libmicroros/include -I../Drivers/STM32G4xx_HAL_Driver/Inc -I../Drivers/STM32G4xx_HAL_Driver/Inc/Legacy -I../Drivers/CMSIS/Device/ST/STM32G4xx/Include -I../Drivers/CMSIS/Include -I../Middlewares/Third_Party/FreeRTOS/Source/include -I../Middlewares/Third_Party/FreeRTOS/Source/CMSIS_RTOS_V2 -I../Middlewares/Third_Party/FreeRTOS/Source/portable/GCC/ARM_CM4F -O0 -ffunction-sections -fdata-sections -Wall -fstack-usage -fcyclomatic-complexity -MMD -MP -MF"Drivers/STM32G4xx_HAL_Driver/Src/stm32g4xx_hal.d" -MT"Drivers/STM32G4xx_HAL_Driver/Src/stm32g4xx_hal.o" --specs=nano.specs -mfpu=fpv4-sp-d16 -mfloat-abi=hard -mthumb -o "Drivers/STM32G4xx_HAL_Driver/Src/stm32g4xx_hal.o"
arm-none-eabi-gcc "../Drivers/STM32G4xx_HAL_Driver/Src/stm32g4xx_hal_cortex.c" -mcpu=cortex-m4 -std=gnu11 -g3 -DDEBUG -DUSE_HAL_DRIVER -DSTM32G474xx -c -I../Core/Inc -I../micro_ros_stm32cubemx_utils/microros_static_library_ide/libmicroros/include -I../Drivers/STM32G4xx_HAL_Driver/Inc -I../Drivers/STM32G4xx_HAL_Driver/Inc/Legacy -I../Drivers/CMSIS/Device/ST/STM32G4xx/Include -I../Drivers/CMSIS/Include -I../Middlewares/Third_Party/FreeRTOS/Source/include -I../Middlewares/Third_Party/FreeRTOS/Source/CMSIS_RTOS_V2 -I../Middlewares/Third_Party/FreeRTOS/Source/portable/GCC/ARM_CM4F -O0 -ffunction-sections -fdata-sections -Wall -fstack-usage -fcyclomatic-complexity -MMD -MP -MF"Drivers/STM32G4xx_HAL_Driver/Src/stm32g4xx_hal_cortex.d" -MT"Drivers/STM32G4xx_HAL_Driver/Src/stm32g4xx_hal_cortex.o" --specs=nano.specs -mfpu=fpv4-sp-d16 -mfloat-abi=hard -mthumb -o "Drivers/STM32G4xx_HAL_Driver/Src/stm32g4xx_hal_cortex.o"
arm-none-eabi-gcc "../Drivers/STM32G4xx_HAL_Driver/Src/stm32g4xx_hal_dma.c" -mcpu=cortex-m4 -std=gnu11 -g3 -DDEBUG -DUSE_HAL_DRIVER -DSTM32G474xx -c -I../Core/Inc -I../micro_ros_stm32cubemx_utils/microros_static_library_ide/libmicroros/include -I../Drivers/STM32G4xx_HAL_Driver/Inc -I../Drivers/STM32G4xx_HAL_Driver/Inc/Legacy -I../Drivers/CMSIS/Device/ST/STM32G4xx/Include -I../Drivers/CMSIS/Include -I../Middlewares/Third_Party/FreeRTOS/Source/include -I../Middlewares/Third_Party/FreeRTOS/Source/CMSIS_RTOS_V2 -I../Middlewares/Third_Party/FreeRTOS/Source/portable/GCC/ARM_CM4F -O0 -ffunction-sections -fdata-sections -Wall -fstack-usage -fcyclomatic-complexity -MMD -MP -MF"Drivers/STM32G4xx_HAL_Driver/Src/stm32g4xx_hal_dma.d" -MT"Drivers/STM32G4xx_HAL_Driver/Src/stm32g4xx_hal_dma.o" --specs=nano.specs -mfpu=fpv4-sp-d16 -mfloat-abi=hard -mthumb -o "Drivers/STM32G4xx_HAL_Driver/Src/stm32g4xx_hal_dma.o"
arm-none-eabi-gcc "../Drivers/STM32G4xx_HAL_Driver/Src/stm32g4xx_hal_dma_ex.c" -mcpu=cortex-m4 -std=gnu11 -g3 -DDEBUG -DUSE_HAL_DRIVER -DSTM32G474xx -c -I../Core/Inc -I../micro_ros_stm32cubemx_utils/microros_static_library_ide/libmicroros/include -I../Drivers/STM32G4xx_HAL_Driver/Inc -I../Drivers/STM32G4xx_HAL_Driver/Inc/Legacy -I../Drivers/CMSIS/Device/ST/STM32G4xx/Include -I../Drivers/CMSIS/Include -I../Middlewares/Third_Party/FreeRTOS/Source/include -I../Middlewares/Third_Party/FreeRTOS/Source/CMSIS_RTOS_V2 -I../Middlewares/Third_Party/FreeRTOS/Source/portable/GCC/ARM_CM4F -O0 -ffunction-sections -fdata-sections -Wall -fstack-usage -fcyclomatic-complexity -MMD -MP -MF"Drivers/STM32G4xx_HAL_Driver/Src/stm32g4xx_hal_dma_ex.d" -MT"Drivers/STM32G4xx_HAL_Driver/Src/stm32g4xx_hal_dma_ex.o" --specs=nano.specs -mfpu=fpv4-sp-d16 -mfloat-abi=hard -mthumb -o "Drivers/STM32G4xx_HAL_Driver/Src/stm32g4xx_hal_dma_ex.o"
arm-none-eabi-gcc "../Drivers/STM32G4xx_HAL_Driver/Src/stm32g4xx_hal_exti.c" -mcpu=cortex-m4 -std=gnu11 -g3 -DDEBUG -DUSE_HAL_DRIVER -DSTM32G474xx -c -I../Core/Inc -I../micro_ros_stm32cubemx_utils/microros_static_library_ide/libmicroros/include -I../Drivers/STM32G4xx_HAL_Driver/Inc -I../Drivers/STM32G4xx_HAL_Driver/Inc/Legacy -I../Drivers/CMSIS/Device/ST/STM32G4xx/Include -I../Drivers/CMSIS/Include -I../Middlewares/Third_Party/FreeRTOS/Source/include -I../Middlewares/Third_Party/FreeRTOS/Source/CMSIS_RTOS_V2 -I../Middlewares/Third_Party/FreeRTOS/Source/portable/GCC/ARM_CM4F -O0 -ffunction-sections -fdata-sections -Wall -fstack-usage -fcyclomatic-complexity -MMD -MP -MF"Drivers/STM32G4xx_HAL_Driver/Src/stm32g4xx_hal_exti.d" -MT"Drivers/STM32G4xx_HAL_Driver/Src/stm32g4xx_hal_exti.o" --specs=nano.specs -mfpu=fpv4-sp-d16 -mfloat-abi=hard -mthumb -o "Drivers/STM32G4xx_HAL_Driver/Src/stm32g4xx_hal_exti.o"
arm-none-eabi-gcc "../Drivers/STM32G4xx_HAL_Driver/Src/stm32g4xx_hal_flash.c" -mcpu=cortex-m4 -std=gnu11 -g3 -DDEBUG -DUSE_HAL_DRIVER -DSTM32G474xx -c -I../Core/Inc -I../micro_ros_stm32cubemx_utils/microros_static_library_ide/libmicroros/include -I../Drivers/STM32G4xx_HAL_Driver/Inc -I../Drivers/STM32G4xx_HAL_Driver/Inc/Legacy -I../Drivers/CMSIS/Device/ST/STM32G4xx/Include -I../Drivers/CMSIS/Include -I../Middlewares/Third_Party/FreeRTOS/Source/include -I../Middlewares/Third_Party/FreeRTOS/Source/CMSIS_RTOS_V2 -I../Middlewares/Third_Party/FreeRTOS/Source/portable/GCC/ARM_CM4F -O0 -ffunction-sections -fdata-sections -Wall -fstack-usage -fcyclomatic-complexity -MMD -MP -MF"Drivers/STM32G4xx_HAL_Driver/Src/stm32g4xx_hal_flash.d" -MT"Drivers/STM32G4xx_HAL_Driver/Src/stm32g4xx_hal_flash.o" --specs=nano.specs -mfpu=fpv4-sp-d16 -mfloat-abi=hard -mthumb -o "Drivers/STM32G4xx_HAL_Driver/Src/stm32g4xx_hal_flash.o"
arm-none-eabi-gcc "../Drivers/STM32G4xx_HAL_Driver/Src/stm32g4xx_hal_flash_ex.c" -mcpu=cortex-m4 -std=gnu11 -g3 -DDEBUG -DUSE_HAL_DRIVER -DSTM32G474xx -c -I../Core/Inc -I../micro_ros_stm32cubemx_utils/microros_static_library_ide/libmicroros/include -I../Drivers/STM32G4xx_HAL_Driver/Inc -I../Drivers/STM32G4xx_HAL_Driver/Inc/Legacy -I../Drivers/CMSIS/Device/ST/STM32G4xx/Include -I../Drivers/CMSIS/Include -I../Middlewares/Third_Party/FreeRTOS/Source/include -I../Middlewares/Third_Party/FreeRTOS/Source/CMSIS_RTOS_V2 -I../Middlewares/Third_Party/FreeRTOS/Source/portable/GCC/ARM_CM4F -O0 -ffunction-sections -fdata-sections -Wall -fstack-usage -fcyclomatic-complexity -MMD -MP -MF"Drivers/STM32G4xx_HAL_Driver/Src/stm32g4xx_hal_flash_ex.d" -MT"Drivers/STM32G4xx_HAL_Driver/Src/stm32g4xx_hal_flash_ex.o" --specs=nano.specs -mfpu=fpv4-sp-d16 -mfloat-abi=hard -mthumb -o "Drivers/STM32G4xx_HAL_Driver/Src/stm32g4xx_hal_flash_ex.o"
arm-none-eabi-gcc "../Drivers/STM32G4xx_HAL_Driver/Src/stm32g4xx_hal_flash_ramfunc.c" -mcpu=cortex-m4 -std=gnu11 -g3 -DDEBUG -DUSE_HAL_DRIVER -DSTM32G474xx -c -I../Core/Inc -I../micro_ros_stm32cubemx_utils/microros_static_library_ide/libmicroros/include -I../Drivers/STM32G4xx_HAL_Driver/Inc -I../Drivers/STM32G4xx_HAL_Driver/Inc/Legacy -I../Drivers/CMSIS/Device/ST/STM32G4xx/Include -I../Drivers/CMSIS/Include -I../Middlewares/Third_Party/FreeRTOS/Source/include -I../Middlewares/Third_Party/FreeRTOS/Source/CMSIS_RTOS_V2 -I../Middlewares/Third_Party/FreeRTOS/Source/portable/GCC/ARM_CM4F -O0 -ffunction-sections -fdata-sections -Wall -fstack-usage -fcyclomatic-complexity -MMD -MP -MF"Drivers/STM32G4xx_HAL_Driver/Src/stm32g4xx_hal_flash_ramfunc.d" -MT"Drivers/STM32G4xx_HAL_Driver/Src/stm32g4xx_hal_flash_ramfunc.o" --specs=nano.specs -mfpu=fpv4-sp-d16 -mfloat-abi=hard -mthumb -o "Drivers/STM32G4xx_HAL_Driver/Src/stm32g4xx_hal_flash_ramfunc.o"
arm-none-eabi-gcc "../Drivers/STM32G4xx_HAL_Driver/Src/stm32g4xx_hal_gpio.c" -mcpu=cortex-m4 -std=gnu11 -g3 -DDEBUG -DUSE_HAL_DRIVER -DSTM32G474xx -c -I../Core/Inc -I../micro_ros_stm32cubemx_utils/microros_static_library_ide/libmicroros/include -I../Drivers/STM32G4xx_HAL_Driver/Inc -I../Drivers/STM32G4xx_HAL_Driver/Inc/Legacy -I../Drivers/CMSIS/Device/ST/STM32G4xx/Include -I../Drivers/CMSIS/Include -I../Middlewares/Third_Party/FreeRTOS/Source/include -I../Middlewares/Third_Party/FreeRTOS/Source/CMSIS_RTOS_V2 -I../Middlewares/Third_Party/FreeRTOS/Source/portable/GCC/ARM_CM4F -O0 -ffunction-sections -fdata-sections -Wall -fstack-usage -fcyclomatic-complexity -MMD -MP -MF"Drivers/STM32G4xx_HAL_Driver/Src/stm32g4xx_hal_gpio.d" -MT"Drivers/STM32G4xx_HAL_Driver/Src/stm32g4xx_hal_gpio.o" --specs=nano.specs -mfpu=fpv4-sp-d16 -mfloat-abi=hard -mthumb -o "Drivers/STM32G4xx_HAL_Driver/Src/stm32g4xx_hal_gpio.o"
arm-none-eabi-gcc "../Drivers/STM32G4xx_HAL_Driver/Src/stm32g4xx_hal_pwr.c" -mcpu=cortex-m4 -std=gnu11 -g3 -DDEBUG -DUSE_HAL_DRIVER -DSTM32G474xx -c -I../Core/Inc -I../micro_ros_stm32cubemx_utils/microros_static_library_ide/libmicroros/include -I../Drivers/STM32G4xx_HAL_Driver/Inc -I../Drivers/STM32G4xx_HAL_Driver/Inc/Legacy -I../Drivers/CMSIS/Device/ST/STM32G4xx/Include -I../Drivers/CMSIS/Include -I../Middlewares/Third_Party/FreeRTOS/Source/include -I../Middlewares/Third_Party/FreeRTOS/Source/CMSIS_RTOS_V2 -I../Middlewares/Third_Party/FreeRTOS/Source/portable/GCC/ARM_CM4F -O0 -ffunction-sections -fdata-sections -Wall -fstack-usage -fcyclomatic-complexity -MMD -MP -MF"Drivers/STM32G4xx_HAL_Driver/Src/stm32g4xx_hal_pwr.d" -MT"Drivers/STM32G4xx_HAL_Driver/Src/stm32g4xx_hal_pwr.o" --specs=nano.specs -mfpu=fpv4-sp-d16 -mfloat-abi=hard -mthumb -o "Drivers/STM32G4xx_HAL_Driver/Src/stm32g4xx_hal_pwr.o"
arm-none-eabi-gcc "../Drivers/STM32G4xx_HAL_Driver/Src/stm32g4xx_hal_pwr_ex.c" -mcpu=cortex-m4 -std=gnu11 -g3 -DDEBUG -DUSE_HAL_DRIVER -DSTM32G474xx -c -I../Core/Inc -I../micro_ros_stm32cubemx_utils/microros_static_library_ide/libmicroros/include -I../Drivers/STM32G4xx_HAL_Driver/Inc -I../Drivers/STM32G4xx_HAL_Driver/Inc/Legacy -I../Drivers/CMSIS/Device/ST/STM32G4xx/Include -I../Drivers/CMSIS/Include -I../Middlewares/Third_Party/FreeRTOS/Source/include -I../Middlewares/Third_Party/FreeRTOS/Source/CMSIS_RTOS_V2 -I../Middlewares/Third_Party/FreeRTOS/Source/portable/GCC/ARM_CM4F -O0 -ffunction-sections -fdata-sections -Wall -fstack-usage -fcyclomatic-complexity -MMD -MP -MF"Drivers/STM32G4xx_HAL_Driver/Src/stm32g4xx_hal_pwr_ex.d" -MT"Drivers/STM32G4xx_HAL_Driver/Src/stm32g4xx_hal_pwr_ex.o" --specs=nano.specs -mfpu=fpv4-sp-d16 -mfloat-abi=hard -mthumb -o "Drivers/STM32G4xx_HAL_Driver/Src/stm32g4xx_hal_pwr_ex.o"
arm-none-eabi-gcc "../Drivers/STM32G4xx_HAL_Driver/Src/stm32g4xx_hal_rcc.c" -mcpu=cortex-m4 -std=gnu11 -g3 -DDEBUG -DUSE_HAL_DRIVER -DSTM32G474xx -c -I../Core/Inc -I../micro_ros_stm32cubemx_utils/microros_static_library_ide/libmicroros/include -I../Drivers/STM32G4xx_HAL_Driver/Inc -I../Drivers/STM32G4xx_HAL_Driver/Inc/Legacy -I../Drivers/CMSIS/Device/ST/STM32G4xx/Include -I../Drivers/CMSIS/Include -I../Middlewares/Third_Party/FreeRTOS/Source/include -I../Middlewares/Third_Party/FreeRTOS/Source/CMSIS_RTOS_V2 -I../Middlewares/Third_Party/FreeRTOS/Source/portable/GCC/ARM_CM4F -O0 -ffunction-sections -fdata-sections -Wall -fstack-usage -fcyclomatic-complexity -MMD -MP -MF"Drivers/STM32G4xx_HAL_Driver/Src/stm32g4xx_hal_rcc.d" -MT"Drivers/STM32G4xx_HAL_Driver/Src/stm32g4xx_hal_rcc.o" --specs=nano.specs -mfpu=fpv4-sp-d16 -mfloat-abi=hard -mthumb -o "Drivers/STM32G4xx_HAL_Driver/Src/stm32g4xx_hal_rcc.o"
arm-none-eabi-gcc "../Drivers/STM32G4xx_HAL_Driver/Src/stm32g4xx_hal_rcc_ex.c" -mcpu=cortex-m4 -std=gnu11 -g3 -DDEBUG -DUSE_HAL_DRIVER -DSTM32G474xx -c -I../Core/Inc -I../micro_ros_stm32cubemx_utils/microros_static_library_ide/libmicroros/include -I../Drivers/STM32G4xx_HAL_Driver/Inc -I../Drivers/STM32G4xx_HAL_Driver/Inc/Legacy -I../Drivers/CMSIS/Device/ST/STM32G4xx/Include -I../Drivers/CMSIS/Include -I../Middlewares/Third_Party/FreeRTOS/Source/include -I../Middlewares/Third_Party/FreeRTOS/Source/CMSIS_RTOS_V2 -I../Middlewares/Third_Party/FreeRTOS/Source/portable/GCC/ARM_CM4F -O0 -ffunction-sections -fdata-sections -Wall -fstack-usage -fcyclomatic-complexity -MMD -MP -MF"Drivers/STM32G4xx_HAL_Driver/Src/stm32g4xx_hal_rcc_ex.d" -MT"Drivers/STM32G4xx_HAL_Driver/Src/stm32g4xx_hal_rcc_ex.o" --specs=nano.specs -mfpu=fpv4-sp-d16 -mfloat-abi=hard -mthumb -o "Drivers/STM32G4xx_HAL_Driver/Src/stm32g4xx_hal_rcc_ex.o"
arm-none-eabi-gcc "../Drivers/STM32G4xx_HAL_Driver/Src/stm32g4xx_hal_tim.c" -mcpu=cortex-m4 -std=gnu11 -g3 -DDEBUG -DUSE_HAL_DRIVER -DSTM32G474xx -c -I../Core/Inc -I../micro_ros_stm32cubemx_utils/microros_static_library_ide/libmicroros/include -I../Drivers/STM32G4xx_HAL_Driver/Inc -I../Drivers/STM32G4xx_HAL_Driver/Inc/Legacy -I../Drivers/CMSIS/Device/ST/STM32G4xx/Include -I../Drivers/CMSIS/Include -I../Middlewares/Third_Party/FreeRTOS/Source/include -I../Middlewares/Third_Party/FreeRTOS/Source/CMSIS_RTOS_V2 -I../Middlewares/Third_Party/FreeRTOS/Source/portable/GCC/ARM_CM4F -O0 -ffunction-sections -fdata-sections -Wall -fstack-usage -fcyclomatic-complexity -MMD -MP -MF"Drivers/STM32G4xx_HAL_Driver/Src/stm32g4xx_hal_tim.d" -MT"Drivers/STM32G4xx_HAL_Driver/Src/stm32g4xx_hal_tim.o" --specs=nano.specs -mfpu=fpv4-sp-d16 -mfloat-abi=hard -mthumb -o "Drivers/STM32G4xx_HAL_Driver/Src/stm32g4xx_hal_tim.o"
arm-none-eabi-gcc "../Drivers/STM32G4xx_HAL_Driver/Src/stm32g4xx_hal_tim_ex.c" -mcpu=cortex-m4 -std=gnu11 -g3 -DDEBUG -DUSE_HAL_DRIVER -DSTM32G474xx -c -I../Core/Inc -I../micro_ros_stm32cubemx_utils/microros_static_library_ide/libmicroros/include -I../Drivers/STM32G4xx_HAL_Driver/Inc -I../Drivers/STM32G4xx_HAL_Driver/Inc/Legacy -I../Drivers/CMSIS/Device/ST/STM32G4xx/Include -I../Drivers/CMSIS/Include -I../Middlewares/Third_Party/FreeRTOS/Source/include -I../Middlewares/Third_Party/FreeRTOS/Source/CMSIS_RTOS_V2 -I../Middlewares/Third_Party/FreeRTOS/Source/portable/GCC/ARM_CM4F -O0 -ffunction-sections -fdata-sections -Wall -fstack-usage -fcyclomatic-complexity -MMD -MP -MF"Drivers/STM32G4xx_HAL_Driver/Src/stm32g4xx_hal_tim_ex.d" -MT"Drivers/STM32G4xx_HAL_Driver/Src/stm32g4xx_hal_tim_ex.o" --specs=nano.specs -mfpu=fpv4-sp-d16 -mfloat-abi=hard -mthumb -o "Drivers/STM32G4xx_HAL_Driver/Src/stm32g4xx_hal_tim_ex.o"
arm-none-eabi-gcc "../Drivers/STM32G4xx_HAL_Driver/Src/stm32g4xx_hal_uart.c" -mcpu=cortex-m4 -std=gnu11 -g3 -DDEBUG -DUSE_HAL_DRIVER -DSTM32G474xx -c -I../Core/Inc -I../micro_ros_stm32cubemx_utils/microros_static_library_ide/libmicroros/include -I../Drivers/STM32G4xx_HAL_Driver/Inc -I../Drivers/STM32G4xx_HAL_Driver/Inc/Legacy -I../Drivers/CMSIS/Device/ST/STM32G4xx/Include -I../Drivers/CMSIS/Include -I../Middlewares/Third_Party/FreeRTOS/Source/include -I../Middlewares/Third_Party/FreeRTOS/Source/CMSIS_RTOS_V2 -I../Middlewares/Third_Party/FreeRTOS/Source/portable/GCC/ARM_CM4F -O0 -ffunction-sections -fdata-sections -Wall -fstack-usage -fcyclomatic-complexity -MMD -MP -MF"Drivers/STM32G4xx_HAL_Driver/Src/stm32g4xx_hal_uart.d" -MT"Drivers/STM32G4xx_HAL_Driver/Src/stm32g4xx_hal_uart.o" --specs=nano.specs -mfpu=fpv4-sp-d16 -mfloat-abi=hard -mthumb -o "Drivers/STM32G4xx_HAL_Driver/Src/stm32g4xx_hal_uart.o"
arm-none-eabi-gcc "../Drivers/STM32G4xx_HAL_Driver/Src/stm32g4xx_hal_uart_ex.c" -mcpu=cortex-m4 -std=gnu11 -g3 -DDEBUG -DUSE_HAL_DRIVER -DSTM32G474xx -c -I../Core/Inc -I../micro_ros_stm32cubemx_utils/microros_static_library_ide/libmicroros/include -I../Drivers/STM32G4xx_HAL_Driver/Inc -I../Drivers/STM32G4xx_HAL_Driver/Inc/Legacy -I../Drivers/CMSIS/Device/ST/STM32G4xx/Include -I../Drivers/CMSIS/Include -I../Middlewares/Third_Party/FreeRTOS/Source/include -I../Middlewares/Third_Party/FreeRTOS/Source/CMSIS_RTOS_V2 -I../Middlewares/Third_Party/FreeRTOS/Source/portable/GCC/ARM_CM4F -O0 -ffunction-sections -fdata-sections -Wall -fstack-usage -fcyclomatic-complexity -MMD -MP -MF"Drivers/STM32G4xx_HAL_Driver/Src/stm32g4xx_hal_uart_ex.d" -MT"Drivers/STM32G4xx_HAL_Driver/Src/stm32g4xx_hal_uart_ex.o" --specs=nano.specs -mfpu=fpv4-sp-d16 -mfloat-abi=hard -mthumb -o "Drivers/STM32G4xx_HAL_Driver/Src/stm32g4xx_hal_uart_ex.o"
arm-none-eabi-gcc "../Core/Src/app_freertos.c" -mcpu=cortex-m4 -std=gnu11 -g3 -DDEBUG -DUSE_HAL_DRIVER -DSTM32G474xx -c -I../Core/Inc -I../micro_ros_stm32cubemx_utils/microros_static_library_ide/libmicroros/include -I../Drivers/STM32G4xx_HAL_Driver/Inc -I../Drivers/STM32G4xx_HAL_Driver/Inc/Legacy -I../Drivers/CMSIS/Device/ST/STM32G4xx/Include -I../Drivers/CMSIS/Include -I../Middlewares/Third_Party/FreeRTOS/Source/include -I../Middlewares/Third_Party/FreeRTOS/Source/CMSIS_RTOS_V2 -I../Middlewares/Third_Party/FreeRTOS/Source/portable/GCC/ARM_CM4F -O0 -ffunction-sections -fdata-sections -Wall -fstack-usage -fcyclomatic-complexity -MMD -MP -MF"Core/Src/app_freertos.d" -MT"Core/Src/app_freertos.o" --specs=nano.specs -mfpu=fpv4-sp-d16 -mfloat-abi=hard -mthumb -o "Core/Src/app_freertos.o"
arm-none-eabi-gcc "../Core/Src/custom_memory_manager.c" -mcpu=cortex-m4 -std=gnu11 -g3 -DDEBUG -DUSE_HAL_DRIVER -DSTM32G474xx -c -I../Core/Inc -I../micro_ros_stm32cubemx_utils/microros_static_library_ide/libmicroros/include -I../Drivers/STM32G4xx_HAL_Driver/Inc -I../Drivers/STM32G4xx_HAL_Driver/Inc/Legacy -I../Drivers/CMSIS/Device/ST/STM32G4xx/Include -I../Drivers/CMSIS/Include -I../Middlewares/Third_Party/FreeRTOS/Source/include -I../Middlewares/Third_Party/FreeRTOS/Source/CMSIS_RTOS_V2 -I../Middlewares/Third_Party/FreeRTOS/Source/portable/GCC/ARM_CM4F -O0 -ffunction-sections -fdata-sections -Wall -fstack-usage -fcyclomatic-complexity -MMD -MP -MF"Core/Src/custom_memory_manager.d" -MT"Core/Src/custom_memory_manager.o" --specs=nano.specs -mfpu=fpv4-sp-d16 -mfloat-abi=hard -mthumb -o "Core/Src/custom_memory_manager.o"
arm-none-eabi-gcc "../Core/Src/dma.c" -mcpu=cortex-m4 -std=gnu11 -g3 -DDEBUG -DUSE_HAL_DRIVER -DSTM32G474xx -c -I../Core/Inc -I../micro_ros_stm32cubemx_utils/microros_static_library_ide/libmicroros/include -I../Drivers/STM32G4xx_HAL_Driver/Inc -I../Drivers/STM32G4xx_HAL_Driver/Inc/Legacy -I../Drivers/CMSIS/Device/ST/STM32G4xx/Include -I../Drivers/CMSIS/Include -I../Middlewares/Third_Party/FreeRTOS/Source/include -I../Middlewares/Third_Party/FreeRTOS/Source/CMSIS_RTOS_V2 -I../Middlewares/Third_Party/FreeRTOS/Source/portable/GCC/ARM_CM4F -O0 -ffunction-sections -fdata-sections -Wall -fstack-usage -fcyclomatic-complexity -MMD -MP -MF"Core/Src/dma.d" -MT"Core/Src/dma.o" --specs=nano.specs -mfpu=fpv4-sp-d16 -mfloat-abi=hard -mthumb -o "Core/Src/dma.o"
arm-none-eabi-gcc "../Core/Src/dma_transport.c" -mcpu=cortex-m4 -std=gnu11 -g3 -DDEBUG -DUSE_HAL_DRIVER -DSTM32G474xx -c -I../Core/Inc -I../micro_ros_stm32cubemx_utils/microros_static_library_ide/libmicroros/include -I../Drivers/STM32G4xx_HAL_Driver/Inc -I../Drivers/STM32G4xx_HAL_Driver/Inc/Legacy -I../Drivers/CMSIS/Device/ST/STM32G4xx/Include -I../Drivers/CMSIS/Include -I../Middlewares/Third_Party/FreeRTOS/Source/include -I../Middlewares/Third_Party/FreeRTOS/Source/CMSIS_RTOS_V2 -I../Middlewares/Third_Party/FreeRTOS/Source/portable/GCC/ARM_CM4F -O0 -ffunction-sections -fdata-sections -Wall -fstack-usage -fcyclomatic-complexity -MMD -MP -MF"Core/Src/dma_transport.d" -MT"Core/Src/dma_transport.o" --specs=nano.specs -mfpu=fpv4-sp-d16 -mfloat-abi=hard -mthumb -o "Core/Src/dma_transport.o"
arm-none-eabi-gcc "../Core/Src/gpio.c" -mcpu=cortex-m4 -std=gnu11 -g3 -DDEBUG -DUSE_HAL_DRIVER -DSTM32G474xx -c -I../Core/Inc -I../micro_ros_stm32cubemx_utils/microros_static_library_ide/libmicroros/include -I../Drivers/STM32G4xx_HAL_Driver/Inc -I../Drivers/STM32G4xx_HAL_Driver/Inc/Legacy -I../Drivers/CMSIS/Device/ST/STM32G4xx/Include -I../Drivers/CMSIS/Include -I../Middlewares/Third_Party/FreeRTOS/Source/include -I../Middlewares/Third_Party/FreeRTOS/Source/CMSIS_RTOS_V2 -I../Middlewares/Third_Party/FreeRTOS/Source/portable/GCC/ARM_CM4F -O0 -ffunction-sections -fdata-sections -Wall -fstack-usage -fcyclomatic-complexity -MMD -MP -MF"Core/Src/gpio.d" -MT"Core/Src/gpio.o" --specs=nano.specs -mfpu=fpv4-sp-d16 -mfloat-abi=hard -mthumb -o "Core/Src/gpio.o"
arm-none-eabi-gcc "../Core/Src/main.c" -mcpu=cortex-m4 -std=gnu11 -g3 -DDEBUG -DUSE_HAL_DRIVER -DSTM32G474xx -c -I../Core/Inc -I../micro_ros_stm32cubemx_utils/microros_static_library_ide/libmicroros/include -I../Drivers/STM32G4xx_HAL_Driver/Inc -I../Drivers/STM32G4xx_HAL_Driver/Inc/Legacy -I../Drivers/CMSIS/Device/ST/STM32G4xx/Include -I../Drivers/CMSIS/Include -I../Middlewares/Third_Party/FreeRTOS/Source/include -I../Middlewares/Third_Party/FreeRTOS/Source/CMSIS_RTOS_V2 -I../Middlewares/Third_Party/FreeRTOS/Source/portable/GCC/ARM_CM4F -O0 -ffunction-sections -fdata-sections -Wall -fstack-usage -fcyclomatic-complexity -MMD -MP -MF"Core/Src/main.d" -MT"Core/Src/main.o" --specs=nano.specs -mfpu=fpv4-sp-d16 -mfloat-abi=hard -mthumb -o "Core/Src/main.o"
arm-none-eabi-gcc "../Core/Src/microros_allocators.c" -mcpu=cortex-m4 -std=gnu11 -g3 -DDEBUG -DUSE_HAL_DRIVER -DSTM32G474xx -c -I../Core/Inc -I../micro_ros_stm32cubemx_utils/microros_static_library_ide/libmicroros/include -I../Drivers/STM32G4xx_HAL_Driver/Inc -I../Drivers/STM32G4xx_HAL_Driver/Inc/Legacy -I../Drivers/CMSIS/Device/ST/STM32G4xx/Include -I../Drivers/CMSIS/Include -I../Middlewares/Third_Party/FreeRTOS/Source/include -I../Middlewares/Third_Party/FreeRTOS/Source/CMSIS_RTOS_V2 -I../Middlewares/Third_Party/FreeRTOS/Source/portable/GCC/ARM_CM4F -O0 -ffunction-sections -fdata-sections -Wall -fstack-usage -fcyclomatic-complexity -MMD -MP -MF"Core/Src/microros_allocators.d" -MT"Core/Src/microros_allocators.o" --specs=nano.specs -mfpu=fpv4-sp-d16 -mfloat-abi=hard -mthumb -o "Core/Src/microros_allocators.o"
arm-none-eabi-gcc "../Core/Src/microros_time.c" -mcpu=cortex-m4 -std=gnu11 -g3 -DDEBUG -DUSE_HAL_DRIVER -DSTM32G474xx -c -I../Core/Inc -I../micro_ros_stm32cubemx_utils/microros_static_library_ide/libmicroros/include -I../Drivers/STM32G4xx_HAL_Driver/Inc -I../Drivers/STM32G4xx_HAL_Driver/Inc/Legacy -I../Drivers/CMSIS/Device/ST/STM32G4xx/Include -I../Drivers/CMSIS/Include -I../Middlewares/Third_Party/FreeRTOS/Source/include -I../Middlewares/Third_Party/FreeRTOS/Source/CMSIS_RTOS_V2 -I../Middlewares/Third_Party/FreeRTOS/Source/portable/GCC/ARM_CM4F -O0 -ffunction-sections -fdata-sections -Wall -fstack-usage -fcyclomatic-complexity -MMD -MP -MF"Core/Src/microros_time.d" -MT"Core/Src/microros_time.o" --specs=nano.specs -mfpu=fpv4-sp-d16 -mfloat-abi=hard -mthumb -o "Core/Src/microros_time.o"
arm-none-eabi-gcc "../Core/Src/stm32g4xx_hal_msp.c" -mcpu=cortex-m4 -std=gnu11 -g3 -DDEBUG -DUSE_HAL_DRIVER -DSTM32G474xx -c -I../Core/Inc -I../micro_ros_stm32cubemx_utils/microros_static_library_ide/libmicroros/include -I../Drivers/STM32G4xx_HAL_Driver/Inc -I../Drivers/STM32G4xx_HAL_Driver/Inc/Legacy -I../Drivers/CMSIS/Device/ST/STM32G4xx/Include -I../Drivers/CMSIS/Include -I../Middlewares/Third_Party/FreeRTOS/Source/include -I../Middlewares/Third_Party/FreeRTOS/Source/CMSIS_RTOS_V2 -I../Middlewares/Third_Party/FreeRTOS/Source/portable/GCC/ARM_CM4F -O0 -ffunction-sections -fdata-sections -Wall -fstack-usage -fcyclomatic-complexity -MMD -MP -MF"Core/Src/stm32g4xx_hal_msp.d" -MT"Core/Src/stm32g4xx_hal_msp.o" --specs=nano.specs -mfpu=fpv4-sp-d16 -mfloat-abi=hard -mthumb -o "Core/Src/stm32g4xx_hal_msp.o"
arm-none-eabi-gcc "../Core/Src/stm32g4xx_hal_timebase_tim.c" -mcpu=cortex-m4 -std=gnu11 -g3 -DDEBUG -DUSE_HAL_DRIVER -DSTM32G474xx -c -I../Core/Inc -I../micro_ros_stm32cubemx_utils/microros_static_library_ide/libmicroros/include -I../Drivers/STM32G4xx_HAL_Driver/Inc -I../Drivers/STM32G4xx_HAL_Driver/Inc/Legacy -I../Drivers/CMSIS/Device/ST/STM32G4xx/Include -I../Drivers/CMSIS/Include -I../Middlewares/Third_Party/FreeRTOS/Source/include -I../Middlewares/Third_Party/FreeRTOS/Source/CMSIS_RTOS_V2 -I../Middlewares/Third_Party/FreeRTOS/Source/portable/GCC/ARM_CM4F -O0 -ffunction-sections -fdata-sections -Wall -fstack-usage -fcyclomatic-complexity -MMD -MP -MF"Core/Src/stm32g4xx_hal_timebase_tim.d" -MT"Core/Src/stm32g4xx_hal_timebase_tim.o" --specs=nano.specs -mfpu=fpv4-sp-d16 -mfloat-abi=hard -mthumb -o "Core/Src/stm32g4xx_hal_timebase_tim.o"
arm-none-eabi-gcc "../Core/Src/stm32g4xx_it.c" -mcpu=cortex-m4 -std=gnu11 -g3 -DDEBUG -DUSE_HAL_DRIVER -DSTM32G474xx -c -I../Core/Inc -I../micro_ros_stm32cubemx_utils/microros_static_library_ide/libmicroros/include -I../Drivers/STM32G4xx_HAL_Driver/Inc -I../Drivers/STM32G4xx_HAL_Driver/Inc/Legacy -I../Drivers/CMSIS/Device/ST/STM32G4xx/Include -I../Drivers/CMSIS/Include -I../Middlewares/Third_Party/FreeRTOS/Source/include -I../Middlewares/Third_Party/FreeRTOS/Source/CMSIS_RTOS_V2 -I../Middlewares/Third_Party/FreeRTOS/Source/portable/GCC/ARM_CM4F -O0 -ffunction-sections -fdata-sections -Wall -fstack-usage -fcyclomatic-complexity -MMD -MP -MF"Core/Src/stm32g4xx_it.d" -MT"Core/Src/stm32g4xx_it.o" --specs=nano.specs -mfpu=fpv4-sp-d16 -mfloat-abi=hard -mthumb -o "Core/Src/stm32g4xx_it.o"
arm-none-eabi-gcc "../Core/Src/system_stm32g4xx.c" -mcpu=cortex-m4 -std=gnu11 -g3 -DDEBUG -DUSE_HAL_DRIVER -DSTM32G474xx -c -I../Core/Inc -I../micro_ros_stm32cubemx_utils/microros_static_library_ide/libmicroros/include -I../Drivers/STM32G4xx_HAL_Driver/Inc -I../Drivers/STM32G4xx_HAL_Driver/Inc/Legacy -I../Drivers/CMSIS/Device/ST/STM32G4xx/Include -I../Drivers/CMSIS/Include -I../Middlewares/Third_Party/FreeRTOS/Source/include -I../Middlewares/Third_Party/FreeRTOS/Source/CMSIS_RTOS_V2 -I../Middlewares/Third_Party/FreeRTOS/Source/portable/GCC/ARM_CM4F -O0 -ffunction-sections -fdata-sections -Wall -fstack-usage -fcyclomatic-complexity -MMD -MP -MF"Core/Src/system_stm32g4xx.d" -MT"Core/Src/system_stm32g4xx.o" --specs=nano.specs -mfpu=fpv4-sp-d16 -mfloat-abi=hard -mthumb -o "Core/Src/system_stm32g4xx.o"
../Core/Src/main.c: In function 'MIT_Controller_Update':
../Core/Src/main.c:175:15: warning: unused variable 'Ke' [-Wunused-variable]
  175 |         float Ke = gain_sub_msg.data.data[3];
      |               ^~
../Core/Src/main.c: In function 'reference_subscription_callback':
../Core/Src/main.c:332:44: warning: unused variable 'ref_sub_msg' [-Wunused-variable]
  332 |   const std_msgs__msg__Float32MultiArray * ref_sub_msg = (const std_msgs__msg__Float32MultiArray *)msgin;
      |                                            ^~~~~~~~~~~
../Core/Src/main.c: In function 'gain_subscription_callback':
../Core/Src/main.c:338:44: warning: unused variable 'gain_sub_msg' [-Wunused-variable]
  338 |   const std_msgs__msg__Float32MultiArray * gain_sub_msg = (const std_msgs__msg__Float32MultiArray *)msgin;
      |                                            ^~~~~~~~~~~~
../Core/Src/main.c: In function 'rl_action_subscription_callback':
../Core/Src/main.c:344:44: warning: unused variable 'rl_action_msg' [-Wunused-variable]
  344 |   const std_msgs__msg__Float32MultiArray * rl_action_msg = (const std_msgs__msg__Float32MultiArray *)msgin;
      |                                            ^~~~~~~~~~~~~
../Core/Src/main.c: In function 'StartDefaultTask':
../Core/Src/main.c:466:13: warning: unused variable 'puku' [-Wunused-variable]
  466 |   rcl_ret_t puku = rclc_subscription_init_default(
      |             ^~~~
../Core/Src/main.c:457:13: warning: unused variable 'rl' [-Wunused-variable]
  457 |   rcl_ret_t rl = rclc_subscription_init_default(
      |             ^~
../Core/Src/main.c:426:13: warning: unused variable 'rc' [-Wunused-variable]
  426 |   rcl_ret_t rc = rclc_subscription_init_default(
      |             ^~
../Core/Src/main.c: At top level:
../Core/Src/main.c:97:26: warning: 'pwm_operated' defined but not used [-Wunused-const-variable=]
   97 |         static const int pwm_operated = PERIOD_CONST - MOTOR_INIT_PERIOD_CONST;
      |                          ^~~~~~~~~~~~
arm-none-eabi-gcc "../Core/Src/tim.c" -mcpu=cortex-m4 -std=gnu11 -g3 -DDEBUG -DUSE_HAL_DRIVER -DSTM32G474xx -c -I../Core/Inc -I../micro_ros_stm32cubemx_utils/microros_static_library_ide/libmicroros/include -I../Drivers/STM32G4xx_HAL_Driver/Inc -I../Drivers/STM32G4xx_HAL_Driver/Inc/Legacy -I../Drivers/CMSIS/Device/ST/STM32G4xx/Include -I../Drivers/CMSIS/Include -I../Middlewares/Third_Party/FreeRTOS/Source/include -I../Middlewares/Third_Party/FreeRTOS/Source/CMSIS_RTOS_V2 -I../Middlewares/Third_Party/FreeRTOS/Source/portable/GCC/ARM_CM4F -O0 -ffunction-sections -fdata-sections -Wall -fstack-usage -fcyclomatic-complexity -MMD -MP -MF"Core/Src/tim.d" -MT"Core/Src/tim.o" --specs=nano.specs -mfpu=fpv4-sp-d16 -mfloat-abi=hard -mthumb -o "Core/Src/tim.o"
arm-none-eabi-gcc "../Core/Src/usart.c" -mcpu=cortex-m4 -std=gnu11 -g3 -DDEBUG -DUSE_HAL_DRIVER -DSTM32G474xx -c -I../Core/Inc -I../micro_ros_stm32cubemx_utils/microros_static_library_ide/libmicroros/include -I../Drivers/STM32G4xx_HAL_Driver/Inc -I../Drivers/STM32G4xx_HAL_Driver/Inc/Legacy -I../Drivers/CMSIS/Device/ST/STM32G4xx/Include -I../Drivers/CMSIS/Include -I../Middlewares/Third_Party/FreeRTOS/Source/include -I../Middlewares/Third_Party/FreeRTOS/Source/CMSIS_RTOS_V2 -I../Middlewares/Third_Party/FreeRTOS/Source/portable/GCC/ARM_CM4F -O0 -ffunction-sections -fdata-sections -Wall -fstack-usage -fcyclomatic-complexity -MMD -MP -MF"Core/Src/usart.d" -MT"Core/Src/usart.o" --specs=nano.specs -mfpu=fpv4-sp-d16 -mfloat-abi=hard -mthumb -o "Core/Src/usart.o"
arm-none-eabi-gcc -o "motor_controller.elf" @"objects.list"  -lmicroros -mcpu=cortex-m4 -T"/home/natthanicha/FRA502_ROS2/ROS_PROJECT_WS/firmware/motor_controller/STM32G474RETX_FLASH.ld" --specs=nosys.specs -Wl,-Map="motor_controller.map" -Wl,--gc-sections -static -L../micro_ros_stm32cubemx_utils/microros_static_library_ide/libmicroros --specs=nano.specs -mfpu=fpv4-sp-d16 -mfloat-abi=hard -mthumb -Wl,--start-group -lc -lm -Wl,--end-group
/opt/st/stm32cubeide_1.19.0/plugins/com.st.stm32cube.ide.mcu.externaltools.gnu-tools-for-stm32.13.3.rel1.linux64_1.0.0.202410170706/tools/bin/../lib/gcc/arm-none-eabi/13.3.1/../../../../arm-none-eabi/bin/ld: /opt/st/stm32cubeide_1.19.0/plugins/com.st.stm32cube.ide.mcu.externaltools.gnu-tools-for-stm32.13.3.rel1.linux64_1.0.0.202410170706/tools/bin/../lib/gcc/arm-none-eabi/13.3.1/../../../../arm-none-eabi/lib/thumb/v7e-m+fp/hard/libc_nano.a(libc_a-gettimeofdayr.o): in function `_gettimeofday_r':
(.text._gettimeofday_r+0xe): warning: _gettimeofday is not implemented and will always fail
/opt/st/stm32cubeide_1.19.0/plugins/com.st.stm32cube.ide.mcu.externaltools.gnu-tools-for-stm32.13.3.rel1.linux64_1.0.0.202410170706/tools/bin/../lib/gcc/arm-none-eabi/13.3.1/../../../../arm-none-eabi/bin/ld: /opt/st/stm32cubeide_1.19.0/plugins/com.st.stm32cube.ide.mcu.externaltools.gnu-tools-for-stm32.13.3.rel1.linux64_1.0.0.202410170706/tools/bin/../lib/gcc/arm-none-eabi/13.3.1/../../../../arm-none-eabi/lib/thumb/v7e-m+fp/hard/libc_nano.a(libc_a-gettimeofdayr.o): note: the message above does not take linker garbage collection into account
Finished building target: motor_controller.elf
 
arm-none-eabi-size  motor_controller.elf 
arm-none-eabi-objdump -h -S motor_controller.elf  > "motor_controller.list"
   text	   data	    bss	    dec	    hex	filename
 109180	    736	  46160	 156076	  261ac	motor_controller.elf
Finished building: default.size.stdout
 
Finished building: motor_controller.list
 
01:53:41 **** Incremental Build of configuration Debug for project motor_controller ****
make -j16 all 
docker pull microros/micro_ros_static_library_builder:humble && docker run --rm -v /home/natthanicha/FRA502_ROS2/ROS_PROJECT_WS/firmware/motor_controller:/project --env MICROROS_LIBRARY_FOLDER=micro_ros_stm32cubemx_utils/microros_static_library_ide microros/micro_ros_static_library_builder:humble
humble: Pulling from microros/micro_ros_static_library_builder
Digest: sha256:e291f74890e81b31eb1d70731cb79b2d767dd585269325031effc72952b24b9d
Status: Image is up to date for microros/micro_ros_static_library_builder:humble
docker.io/microros/micro_ros_static_library_builder:humble
dos2unix: converting file /project/micro_ros_stm32cubemx_utils/microros_static_library_ide/library_generation/library_generation.sh to Unix format...
micro-ROS library found. Skipping...
Delete micro_ros_stm32cubemx_utils/microros_static_library_ide/libmicroros/ for rebuild.
 
arm-none-eabi-gcc "../Core/Src/main.c" -mcpu=cortex-m4 -std=gnu11 -g3 -DDEBUG -DUSE_HAL_DRIVER -DSTM32G474xx -c -I../Core/Inc -I../micro_ros_stm32cubemx_utils/microros_static_library_ide/libmicroros/include -I../Drivers/STM32G4xx_HAL_Driver/Inc -I../Drivers/STM32G4xx_HAL_Driver/Inc/Legacy -I../Drivers/CMSIS/Device/ST/STM32G4xx/Include -I../Drivers/CMSIS/Include -I../Middlewares/Third_Party/FreeRTOS/Source/include -I../Middlewares/Third_Party/FreeRTOS/Source/CMSIS_RTOS_V2 -I../Middlewares/Third_Party/FreeRTOS/Source/portable/GCC/ARM_CM4F -O0 -ffunction-sections -fdata-sections -Wall -fstack-usage -fcyclomatic-complexity -MMD -MP -MF"Core/Src/main.d" -MT"Core/Src/main.o" --specs=nano.specs -mfpu=fpv4-sp-d16 -mfloat-abi=hard -mthumb -o "Core/Src/main.o"
../Core/Src/main.c: In function 'MIT_Controller_Update':
../Core/Src/main.c:194:15: warning: unused variable 'Ke' [-Wunused-variable]
  194 |         float Ke = gain_sub_msg.data.data[3];
      |               ^~
../Core/Src/main.c: In function 'reference_subscription_callback':
../Core/Src/main.c:398:49: warning: unused variable 'ref_sub_msg' [-Wunused-variable]
  398 |         const std_msgs__msg__Float32MultiArray *ref_sub_msg =
      |                                                 ^~~~~~~~~~~
../Core/Src/main.c: In function 'gain_subscription_callback':
../Core/Src/main.c:404:49: warning: unused variable 'gain_sub_msg' [-Wunused-variable]
  404 |         const std_msgs__msg__Float32MultiArray *gain_sub_msg =
      |                                                 ^~~~~~~~~~~~
../Core/Src/main.c: In function 'rl_action_subscription_callback':
../Core/Src/main.c:410:49: warning: unused variable 'rl_action_msg' [-Wunused-variable]
  410 |         const std_msgs__msg__Float32MultiArray *rl_action_msg =
      |                                                 ^~~~~~~~~~~~~
../Core/Src/main.c: In function 'StartDefaultTask':
../Core/Src/main.c:521:19: warning: unused variable 'puku' [-Wunused-variable]
  521 |         rcl_ret_t puku = rclc_subscription_init_default(&gain_sub, &node,
      |                   ^~~~
../Core/Src/main.c:516:19: warning: unused variable 'rl' [-Wunused-variable]
  516 |         rcl_ret_t rl = rclc_subscription_init_default(&rl_action_sub, &node,
      |                   ^~
../Core/Src/main.c:487:19: warning: unused variable 'rc' [-Wunused-variable]
  487 |         rcl_ret_t rc = rclc_subscription_init_default(&ref_sub, &node,
      |                   ^~
../Core/Src/main.c: At top level:
../Core/Src/main.c:97:26: warning: 'pwm_operated' defined but not used [-Wunused-const-variable=]
   97 |         static const int pwm_operated = PERIOD_CONST - MOTOR_INIT_PERIOD_CONST;
      |                          ^~~~~~~~~~~~
arm-none-eabi-gcc -o "motor_controller.elf" @"objects.list"  -lmicroros -mcpu=cortex-m4 -T"/home/natthanicha/FRA502_ROS2/ROS_PROJECT_WS/firmware/motor_controller/STM32G474RETX_FLASH.ld" --specs=nosys.specs -Wl,-Map="motor_controller.map" -Wl,--gc-sections -static -L../micro_ros_stm32cubemx_utils/microros_static_library_ide/libmicroros --specs=nano.specs -mfpu=fpv4-sp-d16 -mfloat-abi=hard -mthumb -Wl,--start-group -lc -lm -Wl,--end-group
/opt/st/stm32cubeide_1.19.0/plugins/com.st.stm32cube.ide.mcu.externaltools.gnu-tools-for-stm32.13.3.rel1.linux64_1.0.0.202410170706/tools/bin/../lib/gcc/arm-none-eabi/13.3.1/../../../../arm-none-eabi/bin/ld: /opt/st/stm32cubeide_1.19.0/plugins/com.st.stm32cube.ide.mcu.externaltools.gnu-tools-for-stm32.13.3.rel1.linux64_1.0.0.202410170706/tools/bin/../lib/gcc/arm-none-eabi/13.3.1/../../../../arm-none-eabi/lib/thumb/v7e-m+fp/hard/libc_nano.a(libc_a-gettimeofdayr.o): in function `_gettimeofday_r':
(.text._gettimeofday_r+0xe): warning: _gettimeofday is not implemented and will always fail
/opt/st/stm32cubeide_1.19.0/plugins/com.st.stm32cube.ide.mcu.externaltools.gnu-tools-for-stm32.13.3.rel1.linux64_1.0.0.202410170706/tools/bin/../lib/gcc/arm-none-eabi/13.3.1/../../../../arm-none-eabi/bin/ld: /opt/st/stm32cubeide_1.19.0/plugins/com.st.stm32cube.ide.mcu.externaltools.gnu-tools-for-stm32.13.3.rel1.linux64_1.0.0.202410170706/tools/bin/../lib/gcc/arm-none-eabi/13.3.1/../../../../arm-none-eabi/lib/thumb/v7e-m+fp/hard/libc_nano.a(libc_a-gettimeofdayr.o): note: the message above does not take linker garbage collection into account
Finished building target: motor_controller.elf
 
arm-none-eabi-size  motor_controller.elf 
arm-none-eabi-objdump -h -S motor_controller.elf  > "motor_controller.list"
   text	   data	    bss	    dec	    hex	filename
 110124	    736	  46176	 157036	  2656c	motor_controller.elf
Finished building: default.size.stdout
 
Finished building: motor_controller.list
 
02:12:52 **** Incremental Build of configuration Debug for project motor_controller ****
make -j16 all 
docker pull microros/micro_ros_static_library_builder:humble && docker run --rm -v /home/natthanicha/FRA502_ROS2/ROS_PROJECT_WS/firmware/motor_controller:/project --env MICROROS_LIBRARY_FOLDER=micro_ros_stm32cubemx_utils/microros_static_library_ide microros/micro_ros_static_library_builder:humble
humble: Pulling from microros/micro_ros_static_library_builder
Digest: sha256:e291f74890e81b31eb1d70731cb79b2d767dd585269325031effc72952b24b9d
Status: Image is up to date for microros/micro_ros_static_library_builder:humble
docker.io/microros/micro_ros_static_library_builder:humble
dos2unix: converting file /project/micro_ros_stm32cubemx_utils/microros_static_library_ide/library_generation/library_generation.sh to Unix format...
micro-ROS library found. Skipping...
Delete micro_ros_stm32cubemx_utils/microros_static_library_ide/libmicroros/ for rebuild.
 
arm-none-eabi-gcc "../Core/Src/main.c" -mcpu=cortex-m4 -std=gnu11 -g3 -DDEBUG -DUSE_HAL_DRIVER -DSTM32G474xx -c -I../Core/Inc -I../micro_ros_stm32cubemx_utils/microros_static_library_ide/libmicroros/include -I../Drivers/STM32G4xx_HAL_Driver/Inc -I../Drivers/STM32G4xx_HAL_Driver/Inc/Legacy -I../Drivers/CMSIS/Device/ST/STM32G4xx/Include -I../Drivers/CMSIS/Include -I../Middlewares/Third_Party/FreeRTOS/Source/include -I../Middlewares/Third_Party/FreeRTOS/Source/CMSIS_RTOS_V2 -I../Middlewares/Third_Party/FreeRTOS/Source/portable/GCC/ARM_CM4F -O0 -ffunction-sections -fdata-sections -Wall -fstack-usage -fcyclomatic-complexity -MMD -MP -MF"Core/Src/main.d" -MT"Core/Src/main.o" --specs=nano.specs -mfpu=fpv4-sp-d16 -mfloat-abi=hard -mthumb -o "Core/Src/main.o"
../Core/Src/main.c: In function 'MIT_Controller_Update':
../Core/Src/main.c:194:15: warning: unused variable 'Ke' [-Wunused-variable]
  194 |         float Ke = gain_sub_msg.data.data[3];
      |               ^~
../Core/Src/main.c: In function 'reference_subscription_callback':
../Core/Src/main.c:398:49: warning: unused variable 'ref_sub_msg' [-Wunused-variable]
  398 |         const std_msgs__msg__Float32MultiArray *ref_sub_msg =
      |                                                 ^~~~~~~~~~~
../Core/Src/main.c: In function 'gain_subscription_callback':
../Core/Src/main.c:404:49: warning: unused variable 'gain_sub_msg' [-Wunused-variable]
  404 |         const std_msgs__msg__Float32MultiArray *gain_sub_msg =
      |                                                 ^~~~~~~~~~~~
../Core/Src/main.c: In function 'rl_action_subscription_callback':
../Core/Src/main.c:410:49: warning: unused variable 'rl_action_msg' [-Wunused-variable]
  410 |         const std_msgs__msg__Float32MultiArray *rl_action_msg =
      |                                                 ^~~~~~~~~~~~~
../Core/Src/main.c: In function 'StartDefaultTask':
../Core/Src/main.c:521:19: warning: unused variable 'puku' [-Wunused-variable]
  521 |         rcl_ret_t puku = rclc_subscription_init_default(&gain_sub, &node,
      |                   ^~~~
../Core/Src/main.c:516:19: warning: unused variable 'rl' [-Wunused-variable]
  516 |         rcl_ret_t rl = rclc_subscription_init_default(&rl_action_sub, &node,
      |                   ^~
../Core/Src/main.c:487:19: warning: unused variable 'rc' [-Wunused-variable]
  487 |         rcl_ret_t rc = rclc_subscription_init_default(&ref_sub, &node,
      |                   ^~
../Core/Src/main.c: At top level:
../Core/Src/main.c:97:26: warning: 'pwm_operated' defined but not used [-Wunused-const-variable=]
   97 |         static const int pwm_operated = PERIOD_CONST - MOTOR_INIT_PERIOD_CONST;
      |                          ^~~~~~~~~~~~
arm-none-eabi-gcc -o "motor_controller.elf" @"objects.list"  -lmicroros -mcpu=cortex-m4 -T"/home/natthanicha/FRA502_ROS2/ROS_PROJECT_WS/firmware/motor_controller/STM32G474RETX_FLASH.ld" --specs=nosys.specs -Wl,-Map="motor_controller.map" -Wl,--gc-sections -static -L../micro_ros_stm32cubemx_utils/microros_static_library_ide/libmicroros --specs=nano.specs -mfpu=fpv4-sp-d16 -mfloat-abi=hard -mthumb -Wl,--start-group -lc -lm -Wl,--end-group
/opt/st/stm32cubeide_1.19.0/plugins/com.st.stm32cube.ide.mcu.externaltools.gnu-tools-for-stm32.13.3.rel1.linux64_1.0.0.202410170706/tools/bin/../lib/gcc/arm-none-eabi/13.3.1/../../../../arm-none-eabi/bin/ld: /opt/st/stm32cubeide_1.19.0/plugins/com.st.stm32cube.ide.mcu.externaltools.gnu-tools-for-stm32.13.3.rel1.linux64_1.0.0.202410170706/tools/bin/../lib/gcc/arm-none-eabi/13.3.1/../../../../arm-none-eabi/lib/thumb/v7e-m+fp/hard/libc_nano.a(libc_a-gettimeofdayr.o): in function `_gettimeofday_r':
(.text._gettimeofday_r+0xe): warning: _gettimeofday is not implemented and will always fail
/opt/st/stm32cubeide_1.19.0/plugins/com.st.stm32cube.ide.mcu.externaltools.gnu-tools-for-stm32.13.3.rel1.linux64_1.0.0.202410170706/tools/bin/../lib/gcc/arm-none-eabi/13.3.1/../../../../arm-none-eabi/bin/ld: /opt/st/stm32cubeide_1.19.0/plugins/com.st.stm32cube.ide.mcu.externaltools.gnu-tools-for-stm32.13.3.rel1.linux64_1.0.0.202410170706/tools/bin/../lib/gcc/arm-none-eabi/13.3.1/../../../../arm-none-eabi/lib/thumb/v7e-m+fp/hard/libc_nano.a(libc_a-gettimeofdayr.o): note: the message above does not take linker garbage collection into account
Finished building target: motor_controller.elf
 
arm-none-eabi-size  motor_controller.elf 
arm-none-eabi-objdump -h -S motor_controller.elf  > "motor_controller.list"
   text	   data	    bss	    dec	    hex	filename
 110124	    736	  46176	 157036	  2656c	motor_controller.elf
Finished building: default.size.stdout
 
Finished building: motor_controller.list
 
02:29:18 **** Incremental Build of configuration Debug for project motor_controller ****
make -j16 all 
docker pull microros/micro_ros_static_library_builder:humble && docker run --rm -v /home/natthanicha/FRA502_ROS2/ROS_PROJECT_WS/firmware/motor_controller:/project --env MICROROS_LIBRARY_FOLDER=micro_ros_stm32cubemx_utils/microros_static_library_ide microros/micro_ros_static_library_builder:humble
humble: Pulling from microros/micro_ros_static_library_builder
Digest: sha256:e291f74890e81b31eb1d70731cb79b2d767dd585269325031effc72952b24b9d
Status: Image is up to date for microros/micro_ros_static_library_builder:humble
docker.io/microros/micro_ros_static_library_builder:humble
dos2unix: converting file /project/micro_ros_stm32cubemx_utils/microros_static_library_ide/library_generation/library_generation.sh to Unix format...
micro-ROS library found. Skipping...
Delete micro_ros_stm32cubemx_utils/microros_static_library_ide/libmicroros/ for rebuild.
 
arm-none-eabi-gcc "../Core/Src/main.c" -mcpu=cortex-m4 -std=gnu11 -g3 -DDEBUG -DUSE_HAL_DRIVER -DSTM32G474xx -c -I../Core/Inc -I../micro_ros_stm32cubemx_utils/microros_static_library_ide/libmicroros/include -I../Drivers/STM32G4xx_HAL_Driver/Inc -I../Drivers/STM32G4xx_HAL_Driver/Inc/Legacy -I../Drivers/CMSIS/Device/ST/STM32G4xx/Include -I../Drivers/CMSIS/Include -I../Middlewares/Third_Party/FreeRTOS/Source/include -I../Middlewares/Third_Party/FreeRTOS/Source/CMSIS_RTOS_V2 -I../Middlewares/Third_Party/FreeRTOS/Source/portable/GCC/ARM_CM4F -O0 -ffunction-sections -fdata-sections -Wall -fstack-usage -fcyclomatic-complexity -MMD -MP -MF"Core/Src/main.d" -MT"Core/Src/main.o" --specs=nano.specs -mfpu=fpv4-sp-d16 -mfloat-abi=hard -mthumb -o "Core/Src/main.o"
../Core/Src/main.c: In function 'MIT_Controller_Update':
../Core/Src/main.c:194:15: warning: unused variable 'Ke' [-Wunused-variable]
  194 |         float Ke = gain_sub_msg.data.data[3];
      |               ^~
../Core/Src/main.c: In function 'reference_subscription_callback':
../Core/Src/main.c:398:49: warning: unused variable 'ref_sub_msg' [-Wunused-variable]
  398 |         const std_msgs__msg__Float32MultiArray *ref_sub_msg =
      |                                                 ^~~~~~~~~~~
../Core/Src/main.c: In function 'gain_subscription_callback':
../Core/Src/main.c:404:49: warning: unused variable 'gain_sub_msg' [-Wunused-variable]
  404 |         const std_msgs__msg__Float32MultiArray *gain_sub_msg =
      |                                                 ^~~~~~~~~~~~
../Core/Src/main.c: In function 'rl_action_subscription_callback':
../Core/Src/main.c:410:49: warning: unused variable 'rl_action_msg' [-Wunused-variable]
  410 |         const std_msgs__msg__Float32MultiArray *rl_action_msg =
      |                                                 ^~~~~~~~~~~~~
../Core/Src/main.c: In function 'StartDefaultTask':
../Core/Src/main.c:521:19: warning: unused variable 'puku' [-Wunused-variable]
  521 |         rcl_ret_t puku = rclc_subscription_init_default(&gain_sub, &node,
      |                   ^~~~
../Core/Src/main.c:516:19: warning: unused variable 'rl' [-Wunused-variable]
  516 |         rcl_ret_t rl = rclc_subscription_init_default(&rl_action_sub, &node,
      |                   ^~
../Core/Src/main.c:487:19: warning: unused variable 'rc' [-Wunused-variable]
  487 |         rcl_ret_t rc = rclc_subscription_init_default(&ref_sub, &node,
      |                   ^~
../Core/Src/main.c: At top level:
../Core/Src/main.c:97:26: warning: 'pwm_operated' defined but not used [-Wunused-const-variable=]
   97 |         static const int pwm_operated = PERIOD_CONST - MOTOR_INIT_PERIOD_CONST;
      |                          ^~~~~~~~~~~~
arm-none-eabi-gcc -o "motor_controller.elf" @"objects.list"  -lmicroros -mcpu=cortex-m4 -T"/home/natthanicha/FRA502_ROS2/ROS_PROJECT_WS/firmware/motor_controller/STM32G474RETX_FLASH.ld" --specs=nosys.specs -Wl,-Map="motor_controller.map" -Wl,--gc-sections -static -L../micro_ros_stm32cubemx_utils/microros_static_library_ide/libmicroros --specs=nano.specs -mfpu=fpv4-sp-d16 -mfloat-abi=hard -mthumb -Wl,--start-group -lc -lm -Wl,--end-group
/opt/st/stm32cubeide_1.19.0/plugins/com.st.stm32cube.ide.mcu.externaltools.gnu-tools-for-stm32.13.3.rel1.linux64_1.0.0.202410170706/tools/bin/../lib/gcc/arm-none-eabi/13.3.1/../../../../arm-none-eabi/bin/ld: /opt/st/stm32cubeide_1.19.0/plugins/com.st.stm32cube.ide.mcu.externaltools.gnu-tools-for-stm32.13.3.rel1.linux64_1.0.0.202410170706/tools/bin/../lib/gcc/arm-none-eabi/13.3.1/../../../../arm-none-eabi/lib/thumb/v7e-m+fp/hard/libc_nano.a(libc_a-gettimeofdayr.o): in function `_gettimeofday_r':
(.text._gettimeofday_r+0xe): warning: _gettimeofday is not implemented and will always fail
/opt/st/stm32cubeide_1.19.0/plugins/com.st.stm32cube.ide.mcu.externaltools.gnu-tools-for-stm32.13.3.rel1.linux64_1.0.0.202410170706/tools/bin/../lib/gcc/arm-none-eabi/13.3.1/../../../../arm-none-eabi/bin/ld: /opt/st/stm32cubeide_1.19.0/plugins/com.st.stm32cube.ide.mcu.externaltools.gnu-tools-for-stm32.13.3.rel1.linux64_1.0.0.202410170706/tools/bin/../lib/gcc/arm-none-eabi/13.3.1/../../../../arm-none-eabi/lib/thumb/v7e-m+fp/hard/libc_nano.a(libc_a-gettimeofdayr.o): note: the message above does not take linker garbage collection into account
Finished building target: motor_controller.elf
 
arm-none-eabi-size  motor_controller.elf 
arm-none-eabi-objdump -h -S motor_controller.elf  > "motor_controller.list"
   text	   data	    bss	    dec	    hex	filename
 110124	    736	  46176	 157036	  2656c	motor_controller.elf
Finished building: default.size.stdout
 
Finished building: motor_controller.list
 
15:53:17 **** Incremental Build of configuration Debug for project motor_controller ****
make -j16 all 
docker pull microros/micro_ros_static_library_builder:humble && docker run --rm -v /home/natthanicha/FRA502_ROS2/ROS_PROJECT_WS/firmware/motor_controller:/project --env MICROROS_LIBRARY_FOLDER=micro_ros_stm32cubemx_utils/microros_static_library_ide microros/micro_ros_static_library_builder:humble
humble: Pulling from microros/micro_ros_static_library_builder
Digest: sha256:e291f74890e81b31eb1d70731cb79b2d767dd585269325031effc72952b24b9d
Status: Image is up to date for microros/micro_ros_static_library_builder:humble
docker.io/microros/micro_ros_static_library_builder:humble
dos2unix: converting file /project/micro_ros_stm32cubemx_utils/microros_static_library_ide/library_generation/library_generation.sh to Unix format...
micro-ROS library found. Skipping...
Delete micro_ros_stm32cubemx_utils/microros_static_library_ide/libmicroros/ for rebuild.
 
arm-none-eabi-size  motor_controller.elf 
   text	   data	    bss	    dec	    hex	filename
 110124	    736	  46176	 157036	  2656c	motor_controller.elf
Finished building: default.size.stdout
 
16:21:25 **** Incremental Build of configuration Debug for project motor_controller ****
make -j16 all 
docker pull microros/micro_ros_static_library_builder:humble && docker run --rm -v /home/natthanicha/FRA502_ROS2/ROS_PROJECT_WS/firmware/motor_controller:/project --env MICROROS_LIBRARY_FOLDER=micro_ros_stm32cubemx_utils/microros_static_library_ide microros/micro_ros_static_library_builder:humble
humble: Pulling from microros/micro_ros_static_library_builder
Digest: sha256:e291f74890e81b31eb1d70731cb79b2d767dd585269325031effc72952b24b9d
Status: Image is up to date for microros/micro_ros_static_library_builder:humble
docker.io/microros/micro_ros_static_library_builder:humble
dos2unix: converting file /project/micro_ros_stm32cubemx_utils/microros_static_library_ide/library_generation/library_generation.sh to Unix format...
micro-ROS library found. Skipping...
Delete micro_ros_stm32cubemx_utils/microros_static_library_ide/libmicroros/ for rebuild.
 
arm-none-eabi-gcc "../Core/Src/main.c" -mcpu=cortex-m4 -std=gnu11 -g3 -DDEBUG -DUSE_HAL_DRIVER -DSTM32G474xx -c -I../Core/Inc -I../micro_ros_stm32cubemx_utils/microros_static_library_ide/libmicroros/include -I../Drivers/STM32G4xx_HAL_Driver/Inc -I../Drivers/STM32G4xx_HAL_Driver/Inc/Legacy -I../Drivers/CMSIS/Device/ST/STM32G4xx/Include -I../Drivers/CMSIS/Include -I../Middlewares/Third_Party/FreeRTOS/Source/include -I../Middlewares/Third_Party/FreeRTOS/Source/CMSIS_RTOS_V2 -I../Middlewares/Third_Party/FreeRTOS/Source/portable/GCC/ARM_CM4F -O0 -ffunction-sections -fdata-sections -Wall -fstack-usage -fcyclomatic-complexity -MMD -MP -MF"Core/Src/main.d" -MT"Core/Src/main.o" --specs=nano.specs -mfpu=fpv4-sp-d16 -mfloat-abi=hard -mthumb -o "Core/Src/main.o"
../Core/Src/main.c: In function 'MIT_Controller_Update':
../Core/Src/main.c:196:15: warning: unused variable 'Ke' [-Wunused-variable]
  196 |         float Ke = gain_sub_msg.data.data[3];
      |               ^~
../Core/Src/main.c: In function 'QEIEncoderPosVel_Update':
../Core/Src/main.c:310:9: error: 'raw_val_debug' undeclared (first use in this function); did you mean 'raw_vel_debug'?
  310 |         raw_val_debug = (float) diffPosition / diffTime / 3072.0* 2 * M_PI;
      |         ^~~~~~~~~~~~~
      |         raw_vel_debug
../Core/Src/main.c:310:9: note: each undeclared identifier is reported only once for each function it appears in
../Core/Src/main.c: In function 'reference_subscription_callback':
../Core/Src/main.c:403:49: warning: unused variable 'ref_sub_msg' [-Wunused-variable]
  403 |         const std_msgs__msg__Float32MultiArray *ref_sub_msg =
      |                                                 ^~~~~~~~~~~
../Core/Src/main.c: In function 'gain_subscription_callback':
../Core/Src/main.c:409:49: warning: unused variable 'gain_sub_msg' [-Wunused-variable]
  409 |         const std_msgs__msg__Float32MultiArray *gain_sub_msg =
      |                                                 ^~~~~~~~~~~~
../Core/Src/main.c: In function 'rl_action_subscription_callback':
../Core/Src/main.c:415:49: warning: unused variable 'rl_action_msg' [-Wunused-variable]
  415 |         const std_msgs__msg__Float32MultiArray *rl_action_msg =
      |                                                 ^~~~~~~~~~~~~
../Core/Src/main.c: In function 'StartDefaultTask':
../Core/Src/main.c:526:19: warning: unused variable 'puku' [-Wunused-variable]
  526 |         rcl_ret_t puku = rclc_subscription_init_default(&gain_sub, &node,
      |                   ^~~~
../Core/Src/main.c:521:19: warning: unused variable 'rl' [-Wunused-variable]
  521 |         rcl_ret_t rl = rclc_subscription_init_default(&rl_action_sub, &node,
      |                   ^~
../Core/Src/main.c:492:19: warning: unused variable 'rc' [-Wunused-variable]
  492 |         rcl_ret_t rc = rclc_subscription_init_default(&ref_sub, &node,
      |                   ^~
../Core/Src/main.c: At top level:
../Core/Src/main.c:97:26: warning: 'pwm_operated' defined but not used [-Wunused-const-variable=]
   97 |         static const int pwm_operated = PERIOD_CONST - MOTOR_INIT_PERIOD_CONST;
      |                          ^~~~~~~~~~~~
make[1]: *** [Core/Src/subdir.mk:64: Core/Src/main.o] Error 1
make: *** [makefile:62: all] Error 2
"make -j16 all" terminated with exit code 2. Build might be incomplete.
16:21:39 **** Incremental Build of configuration Debug for project motor_controller ****
make -j16 all 
docker pull microros/micro_ros_static_library_builder:humble && docker run --rm -v /home/natthanicha/FRA502_ROS2/ROS_PROJECT_WS/firmware/motor_controller:/project --env MICROROS_LIBRARY_FOLDER=micro_ros_stm32cubemx_utils/microros_static_library_ide microros/micro_ros_static_library_builder:humble
humble: Pulling from microros/micro_ros_static_library_builder
Digest: sha256:e291f74890e81b31eb1d70731cb79b2d767dd585269325031effc72952b24b9d
Status: Image is up to date for microros/micro_ros_static_library_builder:humble
docker.io/microros/micro_ros_static_library_builder:humble
dos2unix: converting file /project/micro_ros_stm32cubemx_utils/microros_static_library_ide/library_generation/library_generation.sh to Unix format...
micro-ROS library found. Skipping...
Delete micro_ros_stm32cubemx_utils/microros_static_library_ide/libmicroros/ for rebuild.
 
arm-none-eabi-gcc "../Core/Src/main.c" -mcpu=cortex-m4 -std=gnu11 -g3 -DDEBUG -DUSE_HAL_DRIVER -DSTM32G474xx -c -I../Core/Inc -I../micro_ros_stm32cubemx_utils/microros_static_library_ide/libmicroros/include -I../Drivers/STM32G4xx_HAL_Driver/Inc -I../Drivers/STM32G4xx_HAL_Driver/Inc/Legacy -I../Drivers/CMSIS/Device/ST/STM32G4xx/Include -I../Drivers/CMSIS/Include -I../Middlewares/Third_Party/FreeRTOS/Source/include -I../Middlewares/Third_Party/FreeRTOS/Source/CMSIS_RTOS_V2 -I../Middlewares/Third_Party/FreeRTOS/Source/portable/GCC/ARM_CM4F -O0 -ffunction-sections -fdata-sections -Wall -fstack-usage -fcyclomatic-complexity -MMD -MP -MF"Core/Src/main.d" -MT"Core/Src/main.o" --specs=nano.specs -mfpu=fpv4-sp-d16 -mfloat-abi=hard -mthumb -o "Core/Src/main.o"
../Core/Src/main.c: In function 'MIT_Controller_Update':
../Core/Src/main.c:196:15: warning: unused variable 'Ke' [-Wunused-variable]
  196 |         float Ke = gain_sub_msg.data.data[3];
      |               ^~
../Core/Src/main.c: In function 'QEIEncoderPosVel_Update':
../Core/Src/main.c:310:9: error: 'raw_val_debug' undeclared (first use in this function); did you mean 'raw_vel_debug'?
  310 |         raw_val_debug = (float) diffPosition / diffTime / 3072.0* 2 * M_PI;
      |         ^~~~~~~~~~~~~
      |         raw_vel_debug
../Core/Src/main.c:310:9: note: each undeclared identifier is reported only once for each function it appears in
../Core/Src/main.c: In function 'reference_subscription_callback':
../Core/Src/main.c:403:49: warning: unused variable 'ref_sub_msg' [-Wunused-variable]
  403 |         const std_msgs__msg__Float32MultiArray *ref_sub_msg =
      |                                                 ^~~~~~~~~~~
../Core/Src/main.c: In function 'gain_subscription_callback':
../Core/Src/main.c:409:49: warning: unused variable 'gain_sub_msg' [-Wunused-variable]
  409 |         const std_msgs__msg__Float32MultiArray *gain_sub_msg =
      |                                                 ^~~~~~~~~~~~
../Core/Src/main.c: In function 'rl_action_subscription_callback':
../Core/Src/main.c:415:49: warning: unused variable 'rl_action_msg' [-Wunused-variable]
  415 |         const std_msgs__msg__Float32MultiArray *rl_action_msg =
      |                                                 ^~~~~~~~~~~~~
../Core/Src/main.c: In function 'StartDefaultTask':
../Core/Src/main.c:526:19: warning: unused variable 'puku' [-Wunused-variable]
  526 |         rcl_ret_t puku = rclc_subscription_init_default(&gain_sub, &node,
      |                   ^~~~
../Core/Src/main.c:521:19: warning: unused variable 'rl' [-Wunused-variable]
  521 |         rcl_ret_t rl = rclc_subscription_init_default(&rl_action_sub, &node,
      |                   ^~
../Core/Src/main.c:492:19: warning: unused variable 'rc' [-Wunused-variable]
  492 |         rcl_ret_t rc = rclc_subscription_init_default(&ref_sub, &node,
      |                   ^~
../Core/Src/main.c: At top level:
../Core/Src/main.c:97:26: warning: 'pwm_operated' defined but not used [-Wunused-const-variable=]
   97 |         static const int pwm_operated = PERIOD_CONST - MOTOR_INIT_PERIOD_CONST;
      |                          ^~~~~~~~~~~~
make[1]: *** [Core/Src/subdir.mk:64: Core/Src/main.o] Error 1
make: *** [makefile:62: all] Error 2
"make -j16 all" terminated with exit code 2. Build might be incomplete.
16:22:17 **** Incremental Build of configuration Debug for project motor_controller ****
make -j16 all 
docker pull microros/micro_ros_static_library_builder:humble && docker run --rm -v /home/natthanicha/FRA502_ROS2/ROS_PROJECT_WS/firmware/motor_controller:/project --env MICROROS_LIBRARY_FOLDER=micro_ros_stm32cubemx_utils/microros_static_library_ide microros/micro_ros_static_library_builder:humble
humble: Pulling from microros/micro_ros_static_library_builder
Digest: sha256:e291f74890e81b31eb1d70731cb79b2d767dd585269325031effc72952b24b9d
Status: Image is up to date for microros/micro_ros_static_library_builder:humble
docker.io/microros/micro_ros_static_library_builder:humble
dos2unix: converting file /project/micro_ros_stm32cubemx_utils/microros_static_library_ide/library_generation/library_generation.sh to Unix format...
micro-ROS library found. Skipping...
Delete micro_ros_stm32cubemx_utils/microros_static_library_ide/libmicroros/ for rebuild.
 
arm-none-eabi-gcc "../Core/Src/main.c" -mcpu=cortex-m4 -std=gnu11 -g3 -DDEBUG -DUSE_HAL_DRIVER -DSTM32G474xx -c -I../Core/Inc -I../micro_ros_stm32cubemx_utils/microros_static_library_ide/libmicroros/include -I../Drivers/STM32G4xx_HAL_Driver/Inc -I../Drivers/STM32G4xx_HAL_Driver/Inc/Legacy -I../Drivers/CMSIS/Device/ST/STM32G4xx/Include -I../Drivers/CMSIS/Include -I../Middlewares/Third_Party/FreeRTOS/Source/include -I../Middlewares/Third_Party/FreeRTOS/Source/CMSIS_RTOS_V2 -I../Middlewares/Third_Party/FreeRTOS/Source/portable/GCC/ARM_CM4F -O0 -ffunction-sections -fdata-sections -Wall -fstack-usage -fcyclomatic-complexity -MMD -MP -MF"Core/Src/main.d" -MT"Core/Src/main.o" --specs=nano.specs -mfpu=fpv4-sp-d16 -mfloat-abi=hard -mthumb -o "Core/Src/main.o"
../Core/Src/main.c: In function 'MIT_Controller_Update':
../Core/Src/main.c:196:15: warning: unused variable 'Ke' [-Wunused-variable]
  196 |         float Ke = gain_sub_msg.data.data[3];
      |               ^~
../Core/Src/main.c: In function 'reference_subscription_callback':
../Core/Src/main.c:403:49: warning: unused variable 'ref_sub_msg' [-Wunused-variable]
  403 |         const std_msgs__msg__Float32MultiArray *ref_sub_msg =
      |                                                 ^~~~~~~~~~~
../Core/Src/main.c: In function 'gain_subscription_callback':
../Core/Src/main.c:409:49: warning: unused variable 'gain_sub_msg' [-Wunused-variable]
  409 |         const std_msgs__msg__Float32MultiArray *gain_sub_msg =
      |                                                 ^~~~~~~~~~~~
../Core/Src/main.c: In function 'rl_action_subscription_callback':
../Core/Src/main.c:415:49: warning: unused variable 'rl_action_msg' [-Wunused-variable]
  415 |         const std_msgs__msg__Float32MultiArray *rl_action_msg =
      |                                                 ^~~~~~~~~~~~~
../Core/Src/main.c: In function 'StartDefaultTask':
../Core/Src/main.c:526:19: warning: unused variable 'puku' [-Wunused-variable]
  526 |         rcl_ret_t puku = rclc_subscription_init_default(&gain_sub, &node,
      |                   ^~~~
../Core/Src/main.c:521:19: warning: unused variable 'rl' [-Wunused-variable]
  521 |         rcl_ret_t rl = rclc_subscription_init_default(&rl_action_sub, &node,
      |                   ^~
../Core/Src/main.c:492:19: warning: unused variable 'rc' [-Wunused-variable]
  492 |         rcl_ret_t rc = rclc_subscription_init_default(&ref_sub, &node,
      |                   ^~
../Core/Src/main.c: At top level:
../Core/Src/main.c:97:26: warning: 'pwm_operated' defined but not used [-Wunused-const-variable=]
   97 |         static const int pwm_operated = PERIOD_CONST - MOTOR_INIT_PERIOD_CONST;
      |                          ^~~~~~~~~~~~
arm-none-eabi-gcc -o "motor_controller.elf" @"objects.list"  -lmicroros -mcpu=cortex-m4 -T"/home/natthanicha/FRA502_ROS2/ROS_PROJECT_WS/firmware/motor_controller/STM32G474RETX_FLASH.ld" --specs=nosys.specs -Wl,-Map="motor_controller.map" -Wl,--gc-sections -static -L../micro_ros_stm32cubemx_utils/microros_static_library_ide/libmicroros --specs=nano.specs -mfpu=fpv4-sp-d16 -mfloat-abi=hard -mthumb -Wl,--start-group -lc -lm -Wl,--end-group
/opt/st/stm32cubeide_1.19.0/plugins/com.st.stm32cube.ide.mcu.externaltools.gnu-tools-for-stm32.13.3.rel1.linux64_1.0.0.202410170706/tools/bin/../lib/gcc/arm-none-eabi/13.3.1/../../../../arm-none-eabi/bin/ld: /opt/st/stm32cubeide_1.19.0/plugins/com.st.stm32cube.ide.mcu.externaltools.gnu-tools-for-stm32.13.3.rel1.linux64_1.0.0.202410170706/tools/bin/../lib/gcc/arm-none-eabi/13.3.1/../../../../arm-none-eabi/lib/thumb/v7e-m+fp/hard/libc_nano.a(libc_a-gettimeofdayr.o): in function `_gettimeofday_r':
(.text._gettimeofday_r+0xe): warning: _gettimeofday is not implemented and will always fail
/opt/st/stm32cubeide_1.19.0/plugins/com.st.stm32cube.ide.mcu.externaltools.gnu-tools-for-stm32.13.3.rel1.linux64_1.0.0.202410170706/tools/bin/../lib/gcc/arm-none-eabi/13.3.1/../../../../arm-none-eabi/bin/ld: /opt/st/stm32cubeide_1.19.0/plugins/com.st.stm32cube.ide.mcu.externaltools.gnu-tools-for-stm32.13.3.rel1.linux64_1.0.0.202410170706/tools/bin/../lib/gcc/arm-none-eabi/13.3.1/../../../../arm-none-eabi/lib/thumb/v7e-m+fp/hard/libc_nano.a(libc_a-gettimeofdayr.o): note: the message above does not take linker garbage collection into account
Finished building target: motor_controller.elf
 
arm-none-eabi-size  motor_controller.elf 
arm-none-eabi-objdump -h -S motor_controller.elf  > "motor_controller.list"
   text	   data	    bss	    dec	    hex	filename
 110220	    736	  46184	 157140	  265d4	motor_controller.elf
Finished building: default.size.stdout
 
Finished building: motor_controller.list
 
16:29:29 **** Incremental Build of configuration Debug for project motor_controller ****
make -j16 all 
docker pull microros/micro_ros_static_library_builder:humble && docker run --rm -v /home/natthanicha/FRA502_ROS2/ROS_PROJECT_WS/firmware/motor_controller:/project --env MICROROS_LIBRARY_FOLDER=micro_ros_stm32cubemx_utils/microros_static_library_ide microros/micro_ros_static_library_builder:humble
humble: Pulling from microros/micro_ros_static_library_builder
Digest: sha256:e291f74890e81b31eb1d70731cb79b2d767dd585269325031effc72952b24b9d
Status: Image is up to date for microros/micro_ros_static_library_builder:humble
docker.io/microros/micro_ros_static_library_builder:humble
dos2unix: converting file /project/micro_ros_stm32cubemx_utils/microros_static_library_ide/library_generation/library_generation.sh to Unix format...
micro-ROS library found. Skipping...
Delete micro_ros_stm32cubemx_utils/microros_static_library_ide/libmicroros/ for rebuild.
 
arm-none-eabi-gcc "../Core/Src/main.c" -mcpu=cortex-m4 -std=gnu11 -g3 -DDEBUG -DUSE_HAL_DRIVER -DSTM32G474xx -c -I../Core/Inc -I../micro_ros_stm32cubemx_utils/microros_static_library_ide/libmicroros/include -I../Drivers/STM32G4xx_HAL_Driver/Inc -I../Drivers/STM32G4xx_HAL_Driver/Inc/Legacy -I../Drivers/CMSIS/Device/ST/STM32G4xx/Include -I../Drivers/CMSIS/Include -I../Middlewares/Third_Party/FreeRTOS/Source/include -I../Middlewares/Third_Party/FreeRTOS/Source/CMSIS_RTOS_V2 -I../Middlewares/Third_Party/FreeRTOS/Source/portable/GCC/ARM_CM4F -O0 -ffunction-sections -fdata-sections -Wall -fstack-usage -fcyclomatic-complexity -MMD -MP -MF"Core/Src/main.d" -MT"Core/Src/main.o" --specs=nano.specs -mfpu=fpv4-sp-d16 -mfloat-abi=hard -mthumb -o "Core/Src/main.o"
../Core/Src/main.c: In function 'MIT_Controller_Update':
../Core/Src/main.c:196:15: warning: unused variable 'Ke' [-Wunused-variable]
  196 |         float Ke = gain_sub_msg.data.data[3];
      |               ^~
../Core/Src/main.c: In function 'reference_subscription_callback':
../Core/Src/main.c:403:49: warning: unused variable 'ref_sub_msg' [-Wunused-variable]
  403 |         const std_msgs__msg__Float32MultiArray *ref_sub_msg =
      |                                                 ^~~~~~~~~~~
../Core/Src/main.c: In function 'gain_subscription_callback':
../Core/Src/main.c:409:49: warning: unused variable 'gain_sub_msg' [-Wunused-variable]
  409 |         const std_msgs__msg__Float32MultiArray *gain_sub_msg =
      |                                                 ^~~~~~~~~~~~
../Core/Src/main.c: In function 'rl_action_subscription_callback':
../Core/Src/main.c:415:49: warning: unused variable 'rl_action_msg' [-Wunused-variable]
  415 |         const std_msgs__msg__Float32MultiArray *rl_action_msg =
      |                                                 ^~~~~~~~~~~~~
../Core/Src/main.c: In function 'StartDefaultTask':
../Core/Src/main.c:526:19: warning: unused variable 'puku' [-Wunused-variable]
  526 |         rcl_ret_t puku = rclc_subscription_init_default(&gain_sub, &node,
      |                   ^~~~
../Core/Src/main.c:521:19: warning: unused variable 'rl' [-Wunused-variable]
  521 |         rcl_ret_t rl = rclc_subscription_init_default(&rl_action_sub, &node,
      |                   ^~
../Core/Src/main.c:492:19: warning: unused variable 'rc' [-Wunused-variable]
  492 |         rcl_ret_t rc = rclc_subscription_init_default(&ref_sub, &node,
      |                   ^~
../Core/Src/main.c: At top level:
../Core/Src/main.c:97:26: warning: 'pwm_operated' defined but not used [-Wunused-const-variable=]
   97 |         static const int pwm_operated = PERIOD_CONST - MOTOR_INIT_PERIOD_CONST;
      |                          ^~~~~~~~~~~~
arm-none-eabi-gcc -o "motor_controller.elf" @"objects.list"  -lmicroros -mcpu=cortex-m4 -T"/home/natthanicha/FRA502_ROS2/ROS_PROJECT_WS/firmware/motor_controller/STM32G474RETX_FLASH.ld" --specs=nosys.specs -Wl,-Map="motor_controller.map" -Wl,--gc-sections -static -L../micro_ros_stm32cubemx_utils/microros_static_library_ide/libmicroros --specs=nano.specs -mfpu=fpv4-sp-d16 -mfloat-abi=hard -mthumb -Wl,--start-group -lc -lm -Wl,--end-group
/opt/st/stm32cubeide_1.19.0/plugins/com.st.stm32cube.ide.mcu.externaltools.gnu-tools-for-stm32.13.3.rel1.linux64_1.0.0.202410170706/tools/bin/../lib/gcc/arm-none-eabi/13.3.1/../../../../arm-none-eabi/bin/ld: /opt/st/stm32cubeide_1.19.0/plugins/com.st.stm32cube.ide.mcu.externaltools.gnu-tools-for-stm32.13.3.rel1.linux64_1.0.0.202410170706/tools/bin/../lib/gcc/arm-none-eabi/13.3.1/../../../../arm-none-eabi/lib/thumb/v7e-m+fp/hard/libc_nano.a(libc_a-gettimeofdayr.o): in function `_gettimeofday_r':
(.text._gettimeofday_r+0xe): warning: _gettimeofday is not implemented and will always fail
/opt/st/stm32cubeide_1.19.0/plugins/com.st.stm32cube.ide.mcu.externaltools.gnu-tools-for-stm32.13.3.rel1.linux64_1.0.0.202410170706/tools/bin/../lib/gcc/arm-none-eabi/13.3.1/../../../../arm-none-eabi/bin/ld: /opt/st/stm32cubeide_1.19.0/plugins/com.st.stm32cube.ide.mcu.externaltools.gnu-tools-for-stm32.13.3.rel1.linux64_1.0.0.202410170706/tools/bin/../lib/gcc/arm-none-eabi/13.3.1/../../../../arm-none-eabi/lib/thumb/v7e-m+fp/hard/libc_nano.a(libc_a-gettimeofdayr.o): note: the message above does not take linker garbage collection into account
Finished building target: motor_controller.elf
 
arm-none-eabi-size  motor_controller.elf 
arm-none-eabi-objdump -h -S motor_controller.elf  > "motor_controller.list"
   text	   data	    bss	    dec	    hex	filename
 110124	    736	  46184	 157044	  26574	motor_controller.elf
Finished building: default.size.stdout
 
Finished building: motor_controller.list
 
16:31:17 **** Incremental Build of configuration Debug for project motor_controller ****
make -j16 all 
docker pull microros/micro_ros_static_library_builder:humble && docker run --rm -v /home/natthanicha/FRA502_ROS2/ROS_PROJECT_WS/firmware/motor_controller:/project --env MICROROS_LIBRARY_FOLDER=micro_ros_stm32cubemx_utils/microros_static_library_ide microros/micro_ros_static_library_builder:humble
humble: Pulling from microros/micro_ros_static_library_builder
Digest: sha256:e291f74890e81b31eb1d70731cb79b2d767dd585269325031effc72952b24b9d
Status: Image is up to date for microros/micro_ros_static_library_builder:humble
docker.io/microros/micro_ros_static_library_builder:humble
dos2unix: converting file /project/micro_ros_stm32cubemx_utils/microros_static_library_ide/library_generation/library_generation.sh to Unix format...
micro-ROS library found. Skipping...
Delete micro_ros_stm32cubemx_utils/microros_static_library_ide/libmicroros/ for rebuild.
 
arm-none-eabi-gcc "../Core/Src/main.c" -mcpu=cortex-m4 -std=gnu11 -g3 -DDEBUG -DUSE_HAL_DRIVER -DSTM32G474xx -c -I../Core/Inc -I../micro_ros_stm32cubemx_utils/microros_static_library_ide/libmicroros/include -I../Drivers/STM32G4xx_HAL_Driver/Inc -I../Drivers/STM32G4xx_HAL_Driver/Inc/Legacy -I../Drivers/CMSIS/Device/ST/STM32G4xx/Include -I../Drivers/CMSIS/Include -I../Middlewares/Third_Party/FreeRTOS/Source/include -I../Middlewares/Third_Party/FreeRTOS/Source/CMSIS_RTOS_V2 -I../Middlewares/Third_Party/FreeRTOS/Source/portable/GCC/ARM_CM4F -O0 -ffunction-sections -fdata-sections -Wall -fstack-usage -fcyclomatic-complexity -MMD -MP -MF"Core/Src/main.d" -MT"Core/Src/main.o" --specs=nano.specs -mfpu=fpv4-sp-d16 -mfloat-abi=hard -mthumb -o "Core/Src/main.o"
../Core/Src/main.c: In function 'MIT_Controller_Update':
../Core/Src/main.c:196:15: warning: unused variable 'Ke' [-Wunused-variable]
  196 |         float Ke = gain_sub_msg.data.data[3];
      |               ^~
../Core/Src/main.c: In function 'reference_subscription_callback':
../Core/Src/main.c:403:49: warning: unused variable 'ref_sub_msg' [-Wunused-variable]
  403 |         const std_msgs__msg__Float32MultiArray *ref_sub_msg =
      |                                                 ^~~~~~~~~~~
../Core/Src/main.c: In function 'gain_subscription_callback':
../Core/Src/main.c:409:49: warning: unused variable 'gain_sub_msg' [-Wunused-variable]
  409 |         const std_msgs__msg__Float32MultiArray *gain_sub_msg =
      |                                                 ^~~~~~~~~~~~
../Core/Src/main.c: In function 'rl_action_subscription_callback':
../Core/Src/main.c:415:49: warning: unused variable 'rl_action_msg' [-Wunused-variable]
  415 |         const std_msgs__msg__Float32MultiArray *rl_action_msg =
      |                                                 ^~~~~~~~~~~~~
../Core/Src/main.c: In function 'StartDefaultTask':
../Core/Src/main.c:526:19: warning: unused variable 'puku' [-Wunused-variable]
  526 |         rcl_ret_t puku = rclc_subscription_init_default(&gain_sub, &node,
      |                   ^~~~
../Core/Src/main.c:521:19: warning: unused variable 'rl' [-Wunused-variable]
  521 |         rcl_ret_t rl = rclc_subscription_init_default(&rl_action_sub, &node,
      |                   ^~
../Core/Src/main.c:492:19: warning: unused variable 'rc' [-Wunused-variable]
  492 |         rcl_ret_t rc = rclc_subscription_init_default(&ref_sub, &node,
      |                   ^~
../Core/Src/main.c: At top level:
../Core/Src/main.c:97:26: warning: 'pwm_operated' defined but not used [-Wunused-const-variable=]
   97 |         static const int pwm_operated = PERIOD_CONST - MOTOR_INIT_PERIOD_CONST;
      |                          ^~~~~~~~~~~~
arm-none-eabi-gcc -o "motor_controller.elf" @"objects.list"  -lmicroros -mcpu=cortex-m4 -T"/home/natthanicha/FRA502_ROS2/ROS_PROJECT_WS/firmware/motor_controller/STM32G474RETX_FLASH.ld" --specs=nosys.specs -Wl,-Map="motor_controller.map" -Wl,--gc-sections -static -L../micro_ros_stm32cubemx_utils/microros_static_library_ide/libmicroros --specs=nano.specs -mfpu=fpv4-sp-d16 -mfloat-abi=hard -mthumb -Wl,--start-group -lc -lm -Wl,--end-group
/opt/st/stm32cubeide_1.19.0/plugins/com.st.stm32cube.ide.mcu.externaltools.gnu-tools-for-stm32.13.3.rel1.linux64_1.0.0.202410170706/tools/bin/../lib/gcc/arm-none-eabi/13.3.1/../../../../arm-none-eabi/bin/ld: /opt/st/stm32cubeide_1.19.0/plugins/com.st.stm32cube.ide.mcu.externaltools.gnu-tools-for-stm32.13.3.rel1.linux64_1.0.0.202410170706/tools/bin/../lib/gcc/arm-none-eabi/13.3.1/../../../../arm-none-eabi/lib/thumb/v7e-m+fp/hard/libc_nano.a(libc_a-gettimeofdayr.o): in function `_gettimeofday_r':
(.text._gettimeofday_r+0xe): warning: _gettimeofday is not implemented and will always fail
/opt/st/stm32cubeide_1.19.0/plugins/com.st.stm32cube.ide.mcu.externaltools.gnu-tools-for-stm32.13.3.rel1.linux64_1.0.0.202410170706/tools/bin/../lib/gcc/arm-none-eabi/13.3.1/../../../../arm-none-eabi/bin/ld: /opt/st/stm32cubeide_1.19.0/plugins/com.st.stm32cube.ide.mcu.externaltools.gnu-tools-for-stm32.13.3.rel1.linux64_1.0.0.202410170706/tools/bin/../lib/gcc/arm-none-eabi/13.3.1/../../../../arm-none-eabi/lib/thumb/v7e-m+fp/hard/libc_nano.a(libc_a-gettimeofdayr.o): note: the message above does not take linker garbage collection into account
Finished building target: motor_controller.elf
 
arm-none-eabi-size  motor_controller.elf 
arm-none-eabi-objdump -h -S motor_controller.elf  > "motor_controller.list"
   text	   data	    bss	    dec	    hex	filename
 110220	    736	  46184	 157140	  265d4	motor_controller.elf
Finished building: default.size.stdout
 
Finished building: motor_controller.list
 
20:04:37 **** Incremental Build of configuration Debug for project motor_controller ****
make -j16 all 
docker pull microros/micro_ros_static_library_builder:humble && docker run --rm -v /home/natthanicha/FRA502_ROS2/ROS_PROJECT_WS/firmware/motor_controller:/project --env MICROROS_LIBRARY_FOLDER=micro_ros_stm32cubemx_utils/microros_static_library_ide microros/micro_ros_static_library_builder:humble
humble: Pulling from microros/micro_ros_static_library_builder
Digest: sha256:e291f74890e81b31eb1d70731cb79b2d767dd585269325031effc72952b24b9d
Status: Image is up to date for microros/micro_ros_static_library_builder:humble
docker.io/microros/micro_ros_static_library_builder:humble
dos2unix: converting file /project/micro_ros_stm32cubemx_utils/microros_static_library_ide/library_generation/library_generation.sh to Unix format...
micro-ROS library found. Skipping...
Delete micro_ros_stm32cubemx_utils/microros_static_library_ide/libmicroros/ for rebuild.
 
arm-none-eabi-gcc "../Core/Src/main.c" -mcpu=cortex-m4 -std=gnu11 -g3 -DDEBUG -DUSE_HAL_DRIVER -DSTM32G474xx -c -I../Core/Inc -I../micro_ros_stm32cubemx_utils/microros_static_library_ide/libmicroros/include -I../Drivers/STM32G4xx_HAL_Driver/Inc -I../Drivers/STM32G4xx_HAL_Driver/Inc/Legacy -I../Drivers/CMSIS/Device/ST/STM32G4xx/Include -I../Drivers/CMSIS/Include -I../Middlewares/Third_Party/FreeRTOS/Source/include -I../Middlewares/Third_Party/FreeRTOS/Source/CMSIS_RTOS_V2 -I../Middlewares/Third_Party/FreeRTOS/Source/portable/GCC/ARM_CM4F -O0 -ffunction-sections -fdata-sections -Wall -fstack-usage -fcyclomatic-complexity -MMD -MP -MF"Core/Src/main.d" -MT"Core/Src/main.o" --specs=nano.specs -mfpu=fpv4-sp-d16 -mfloat-abi=hard -mthumb -o "Core/Src/main.o"
../Core/Src/main.c: In function 'MIT_Controller_Update':
../Core/Src/main.c:197:15: warning: unused variable 'Ke' [-Wunused-variable]
  197 |         float Ke = gain_sub_msg.data.data[3];
      |               ^~
../Core/Src/main.c: In function 'reference_subscription_callback':
../Core/Src/main.c:404:49: warning: unused variable 'ref_sub_msg' [-Wunused-variable]
  404 |         const std_msgs__msg__Float32MultiArray *ref_sub_msg =
      |                                                 ^~~~~~~~~~~
../Core/Src/main.c: In function 'gain_subscription_callback':
../Core/Src/main.c:410:49: warning: unused variable 'gain_sub_msg' [-Wunused-variable]
  410 |         const std_msgs__msg__Float32MultiArray *gain_sub_msg =
      |                                                 ^~~~~~~~~~~~
../Core/Src/main.c: In function 'rl_action_subscription_callback':
../Core/Src/main.c:416:49: warning: unused variable 'rl_action_msg' [-Wunused-variable]
  416 |         const std_msgs__msg__Float32MultiArray *rl_action_msg =
      |                                                 ^~~~~~~~~~~~~
../Core/Src/main.c: In function 'StartDefaultTask':
../Core/Src/main.c:527:19: warning: unused variable 'puku' [-Wunused-variable]
  527 |         rcl_ret_t puku = rclc_subscription_init_default(&gain_sub, &node,
      |                   ^~~~
../Core/Src/main.c:522:19: warning: unused variable 'rl' [-Wunused-variable]
  522 |         rcl_ret_t rl = rclc_subscription_init_default(&rl_action_sub, &node,
      |                   ^~
../Core/Src/main.c:493:19: warning: unused variable 'rc' [-Wunused-variable]
  493 |         rcl_ret_t rc = rclc_subscription_init_default(&ref_sub, &node,
      |                   ^~
../Core/Src/main.c: At top level:
../Core/Src/main.c:97:26: warning: 'pwm_operated' defined but not used [-Wunused-const-variable=]
   97 |         static const int pwm_operated = PERIOD_CONST - MOTOR_INIT_PERIOD_CONST;
      |                          ^~~~~~~~~~~~
arm-none-eabi-gcc -o "motor_controller.elf" @"objects.list"  -lmicroros -mcpu=cortex-m4 -T"/home/natthanicha/FRA502_ROS2/ROS_PROJECT_WS/firmware/motor_controller/STM32G474RETX_FLASH.ld" --specs=nosys.specs -Wl,-Map="motor_controller.map" -Wl,--gc-sections -static -L../micro_ros_stm32cubemx_utils/microros_static_library_ide/libmicroros --specs=nano.specs -mfpu=fpv4-sp-d16 -mfloat-abi=hard -mthumb -Wl,--start-group -lc -lm -Wl,--end-group
/opt/st/stm32cubeide_1.19.0/plugins/com.st.stm32cube.ide.mcu.externaltools.gnu-tools-for-stm32.13.3.rel1.linux64_1.0.0.202410170706/tools/bin/../lib/gcc/arm-none-eabi/13.3.1/../../../../arm-none-eabi/bin/ld: /opt/st/stm32cubeide_1.19.0/plugins/com.st.stm32cube.ide.mcu.externaltools.gnu-tools-for-stm32.13.3.rel1.linux64_1.0.0.202410170706/tools/bin/../lib/gcc/arm-none-eabi/13.3.1/../../../../arm-none-eabi/lib/thumb/v7e-m+fp/hard/libc_nano.a(libc_a-gettimeofdayr.o): in function `_gettimeofday_r':
(.text._gettimeofday_r+0xe): warning: _gettimeofday is not implemented and will always fail
/opt/st/stm32cubeide_1.19.0/plugins/com.st.stm32cube.ide.mcu.externaltools.gnu-tools-for-stm32.13.3.rel1.linux64_1.0.0.202410170706/tools/bin/../lib/gcc/arm-none-eabi/13.3.1/../../../../arm-none-eabi/bin/ld: /opt/st/stm32cubeide_1.19.0/plugins/com.st.stm32cube.ide.mcu.externaltools.gnu-tools-for-stm32.13.3.rel1.linux64_1.0.0.202410170706/tools/bin/../lib/gcc/arm-none-eabi/13.3.1/../../../../arm-none-eabi/lib/thumb/v7e-m+fp/hard/libc_nano.a(libc_a-gettimeofdayr.o): note: the message above does not take linker garbage collection into account
Finished building target: motor_controller.elf
 
arm-none-eabi-size  motor_controller.elf 
arm-none-eabi-objdump -h -S motor_controller.elf  > "motor_controller.list"
   text	   data	    bss	    dec	    hex	filename
 110220	    736	  46184	 157140	  265d4	motor_controller.elf
Finished building: default.size.stdout
 
Finished building: motor_controller.list
 
20:34:20 **** Incremental Build of configuration Debug for project motor_controller ****
make -j16 all 
docker pull microros/micro_ros_static_library_builder:humble && docker run --rm -v /home/natthanicha/FRA502_ROS2/ROS_PROJECT_WS/firmware/motor_controller:/project --env MICROROS_LIBRARY_FOLDER=micro_ros_stm32cubemx_utils/microros_static_library_ide microros/micro_ros_static_library_builder:humble
humble: Pulling from microros/micro_ros_static_library_builder
Digest: sha256:e291f74890e81b31eb1d70731cb79b2d767dd585269325031effc72952b24b9d
Status: Image is up to date for microros/micro_ros_static_library_builder:humble
docker.io/microros/micro_ros_static_library_builder:humble
dos2unix: converting file /project/micro_ros_stm32cubemx_utils/microros_static_library_ide/library_generation/library_generation.sh to Unix format...
micro-ROS library found. Skipping...
Delete micro_ros_stm32cubemx_utils/microros_static_library_ide/libmicroros/ for rebuild.
 
arm-none-eabi-gcc "../Core/Src/main.c" -mcpu=cortex-m4 -std=gnu11 -g3 -DDEBUG -DUSE_HAL_DRIVER -DSTM32G474xx -c -I../Core/Inc -I../micro_ros_stm32cubemx_utils/microros_static_library_ide/libmicroros/include -I../Drivers/STM32G4xx_HAL_Driver/Inc -I../Drivers/STM32G4xx_HAL_Driver/Inc/Legacy -I../Drivers/CMSIS/Device/ST/STM32G4xx/Include -I../Drivers/CMSIS/Include -I../Middlewares/Third_Party/FreeRTOS/Source/include -I../Middlewares/Third_Party/FreeRTOS/Source/CMSIS_RTOS_V2 -I../Middlewares/Third_Party/FreeRTOS/Source/portable/GCC/ARM_CM4F -O0 -ffunction-sections -fdata-sections -Wall -fstack-usage -fcyclomatic-complexity -MMD -MP -MF"Core/Src/main.d" -MT"Core/Src/main.o" --specs=nano.specs -mfpu=fpv4-sp-d16 -mfloat-abi=hard -mthumb -o "Core/Src/main.o"
../Core/Src/main.c: In function 'MIT_Controller_Update':
../Core/Src/main.c:197:15: warning: unused variable 'Ke' [-Wunused-variable]
  197 |         float Ke = gain_sub_msg.data.data[3];
      |               ^~
../Core/Src/main.c: In function 'reference_subscription_callback':
../Core/Src/main.c:405:49: warning: unused variable 'ref_sub_msg' [-Wunused-variable]
  405 |         const std_msgs__msg__Float32MultiArray *ref_sub_msg =
      |                                                 ^~~~~~~~~~~
../Core/Src/main.c: In function 'gain_subscription_callback':
../Core/Src/main.c:411:49: warning: unused variable 'gain_sub_msg' [-Wunused-variable]
  411 |         const std_msgs__msg__Float32MultiArray *gain_sub_msg =
      |                                                 ^~~~~~~~~~~~
../Core/Src/main.c: In function 'rl_action_subscription_callback':
../Core/Src/main.c:417:49: warning: unused variable 'rl_action_msg' [-Wunused-variable]
  417 |         const std_msgs__msg__Float32MultiArray *rl_action_msg =
      |                                                 ^~~~~~~~~~~~~
../Core/Src/main.c: In function 'StartDefaultTask':
../Core/Src/main.c:528:19: warning: unused variable 'puku' [-Wunused-variable]
  528 |         rcl_ret_t puku = rclc_subscription_init_default(&gain_sub, &node,
      |                   ^~~~
../Core/Src/main.c:523:19: warning: unused variable 'rl' [-Wunused-variable]
  523 |         rcl_ret_t rl = rclc_subscription_init_default(&rl_action_sub, &node,
      |                   ^~
../Core/Src/main.c:494:19: warning: unused variable 'rc' [-Wunused-variable]
  494 |         rcl_ret_t rc = rclc_subscription_init_default(&ref_sub, &node,
      |                   ^~
../Core/Src/main.c: At top level:
../Core/Src/main.c:97:26: warning: 'pwm_operated' defined but not used [-Wunused-const-variable=]
   97 |         static const int pwm_operated = PERIOD_CONST - MOTOR_INIT_PERIOD_CONST;
      |                          ^~~~~~~~~~~~
arm-none-eabi-gcc -o "motor_controller.elf" @"objects.list"  -lmicroros -mcpu=cortex-m4 -T"/home/natthanicha/FRA502_ROS2/ROS_PROJECT_WS/firmware/motor_controller/STM32G474RETX_FLASH.ld" --specs=nosys.specs -Wl,-Map="motor_controller.map" -Wl,--gc-sections -static -L../micro_ros_stm32cubemx_utils/microros_static_library_ide/libmicroros --specs=nano.specs -mfpu=fpv4-sp-d16 -mfloat-abi=hard -mthumb -Wl,--start-group -lc -lm -Wl,--end-group
/opt/st/stm32cubeide_1.19.0/plugins/com.st.stm32cube.ide.mcu.externaltools.gnu-tools-for-stm32.13.3.rel1.linux64_1.0.0.202410170706/tools/bin/../lib/gcc/arm-none-eabi/13.3.1/../../../../arm-none-eabi/bin/ld: /opt/st/stm32cubeide_1.19.0/plugins/com.st.stm32cube.ide.mcu.externaltools.gnu-tools-for-stm32.13.3.rel1.linux64_1.0.0.202410170706/tools/bin/../lib/gcc/arm-none-eabi/13.3.1/../../../../arm-none-eabi/lib/thumb/v7e-m+fp/hard/libc_nano.a(libc_a-gettimeofdayr.o): in function `_gettimeofday_r':
(.text._gettimeofday_r+0xe): warning: _gettimeofday is not implemented and will always fail
/opt/st/stm32cubeide_1.19.0/plugins/com.st.stm32cube.ide.mcu.externaltools.gnu-tools-for-stm32.13.3.rel1.linux64_1.0.0.202410170706/tools/bin/../lib/gcc/arm-none-eabi/13.3.1/../../../../arm-none-eabi/bin/ld: /opt/st/stm32cubeide_1.19.0/plugins/com.st.stm32cube.ide.mcu.externaltools.gnu-tools-for-stm32.13.3.rel1.linux64_1.0.0.202410170706/tools/bin/../lib/gcc/arm-none-eabi/13.3.1/../../../../arm-none-eabi/lib/thumb/v7e-m+fp/hard/libc_nano.a(libc_a-gettimeofdayr.o): note: the message above does not take linker garbage collection into account
Finished building target: motor_controller.elf
 
arm-none-eabi-size  motor_controller.elf 
arm-none-eabi-objdump -h -S motor_controller.elf  > "motor_controller.list"
   text	   data	    bss	    dec	    hex	filename
 110236	    736	  46184	 157156	  265e4	motor_controller.elf
Finished building: default.size.stdout
 
Finished building: motor_controller.list
 
20:36:39 **** Incremental Build of configuration Debug for project motor_controller ****
make -j16 all 
docker pull microros/micro_ros_static_library_builder:humble && docker run --rm -v /home/natthanicha/FRA502_ROS2/ROS_PROJECT_WS/firmware/motor_controller:/project --env MICROROS_LIBRARY_FOLDER=micro_ros_stm32cubemx_utils/microros_static_library_ide microros/micro_ros_static_library_builder:humble
humble: Pulling from microros/micro_ros_static_library_builder
Digest: sha256:e291f74890e81b31eb1d70731cb79b2d767dd585269325031effc72952b24b9d
Status: Image is up to date for microros/micro_ros_static_library_builder:humble
docker.io/microros/micro_ros_static_library_builder:humble
dos2unix: converting file /project/micro_ros_stm32cubemx_utils/microros_static_library_ide/library_generation/library_generation.sh to Unix format...
micro-ROS library found. Skipping...
Delete micro_ros_stm32cubemx_utils/microros_static_library_ide/libmicroros/ for rebuild.
 
arm-none-eabi-size  motor_controller.elf 
   text	   data	    bss	    dec	    hex	filename
 110236	    736	  46184	 157156	  265e4	motor_controller.elf
Finished building: default.size.stdout
 
20:50:59 **** Incremental Build of configuration Debug for project motor_controller ****
make -j16 all 
docker pull microros/micro_ros_static_library_builder:humble && docker run --rm -v /home/natthanicha/FRA502_ROS2/ROS_PROJECT_WS/firmware/motor_controller:/project --env MICROROS_LIBRARY_FOLDER=micro_ros_stm32cubemx_utils/microros_static_library_ide microros/micro_ros_static_library_builder:humble
humble: Pulling from microros/micro_ros_static_library_builder
Digest: sha256:e291f74890e81b31eb1d70731cb79b2d767dd585269325031effc72952b24b9d
Status: Image is up to date for microros/micro_ros_static_library_builder:humble
docker.io/microros/micro_ros_static_library_builder:humble
dos2unix: converting file /project/micro_ros_stm32cubemx_utils/microros_static_library_ide/library_generation/library_generation.sh to Unix format...
micro-ROS library found. Skipping...
Delete micro_ros_stm32cubemx_utils/microros_static_library_ide/libmicroros/ for rebuild.
 
arm-none-eabi-size  motor_controller.elf 
   text	   data	    bss	    dec	    hex	filename
 110236	    736	  46184	 157156	  265e4	motor_controller.elf
Finished building: default.size.stdout
 
20:59:01 **** Incremental Build of configuration Debug for project motor_controller ****
make -j16 all 
docker pull microros/micro_ros_static_library_builder:humble && docker run --rm -v /home/natthanicha/FRA502_ROS2/ROS_PROJECT_WS/firmware/motor_controller:/project --env MICROROS_LIBRARY_FOLDER=micro_ros_stm32cubemx_utils/microros_static_library_ide microros/micro_ros_static_library_builder:humble
humble: Pulling from microros/micro_ros_static_library_builder
Digest: sha256:e291f74890e81b31eb1d70731cb79b2d767dd585269325031effc72952b24b9d
Status: Image is up to date for microros/micro_ros_static_library_builder:humble
docker.io/microros/micro_ros_static_library_builder:humble
dos2unix: converting file /project/micro_ros_stm32cubemx_utils/microros_static_library_ide/library_generation/library_generation.sh to Unix format...
micro-ROS library found. Skipping...
Delete micro_ros_stm32cubemx_utils/microros_static_library_ide/libmicroros/ for rebuild.
 
arm-none-eabi-size  motor_controller.elf 
   text	   data	    bss	    dec	    hex	filename
 110236	    736	  46184	 157156	  265e4	motor_controller.elf
Finished building: default.size.stdout
 
21:05:09 **** Incremental Build of configuration Debug for project motor_controller ****
make -j16 all 
docker pull microros/micro_ros_static_library_builder:humble && docker run --rm -v /home/natthanicha/FRA502_ROS2/ROS_PROJECT_WS/firmware/motor_controller:/project --env MICROROS_LIBRARY_FOLDER=micro_ros_stm32cubemx_utils/microros_static_library_ide microros/micro_ros_static_library_builder:humble
humble: Pulling from microros/micro_ros_static_library_builder
Digest: sha256:e291f74890e81b31eb1d70731cb79b2d767dd585269325031effc72952b24b9d
Status: Image is up to date for microros/micro_ros_static_library_builder:humble
docker.io/microros/micro_ros_static_library_builder:humble
dos2unix: converting file /project/micro_ros_stm32cubemx_utils/microros_static_library_ide/library_generation/library_generation.sh to Unix format...
micro-ROS library found. Skipping...
Delete micro_ros_stm32cubemx_utils/microros_static_library_ide/libmicroros/ for rebuild.
 
arm-none-eabi-size  motor_controller.elf 
   text	   data	    bss	    dec	    hex	filename
 110236	    736	  46184	 157156	  265e4	motor_controller.elf
Finished building: default.size.stdout
 
21:08:15 **** Incremental Build of configuration Debug for project motor_controller ****
make -j16 all 
docker pull microros/micro_ros_static_library_builder:humble && docker run --rm -v /home/natthanicha/FRA502_ROS2/ROS_PROJECT_WS/firmware/motor_controller:/project --env MICROROS_LIBRARY_FOLDER=micro_ros_stm32cubemx_utils/microros_static_library_ide microros/micro_ros_static_library_builder:humble
humble: Pulling from microros/micro_ros_static_library_builder
Digest: sha256:e291f74890e81b31eb1d70731cb79b2d767dd585269325031effc72952b24b9d
Status: Image is up to date for microros/micro_ros_static_library_builder:humble
docker.io/microros/micro_ros_static_library_builder:humble
dos2unix: converting file /project/micro_ros_stm32cubemx_utils/microros_static_library_ide/library_generation/library_generation.sh to Unix format...
micro-ROS library found. Skipping...
Delete micro_ros_stm32cubemx_utils/microros_static_library_ide/libmicroros/ for rebuild.
 
arm-none-eabi-size  motor_controller.elf 
   text	   data	    bss	    dec	    hex	filename
 110236	    736	  46184	 157156	  265e4	motor_controller.elf
Finished building: default.size.stdout
 
21:48:29 **** Build of configuration Debug for project sensor_fusion ****
make -j16 all 
docker pull microros/micro_ros_static_library_builder:humble && docker run --rm -v /home/natthanicha/FRA502_ROS2/ROS_PROJECT_WS/firmware/sensor_fusion:/project --env MICROROS_LIBRARY_FOLDER=micro_ros_stm32cubemx_utils/microros_static_library_ide microros/micro_ros_static_library_builder:humble
humble: Pulling from microros/micro_ros_static_library_builder
Digest: sha256:e291f74890e81b31eb1d70731cb79b2d767dd585269325031effc72952b24b9d
Status: Image is up to date for microros/micro_ros_static_library_builder:humble
docker.io/microros/micro_ros_static_library_builder:humble
dos2unix: converting file /project/micro_ros_stm32cubemx_utils/microros_static_library_ide/library_generation/library_generation.sh to Unix format...
micro-ROS library found. Skipping...
Delete micro_ros_stm32cubemx_utils/microros_static_library_ide/libmicroros/ for rebuild.
 
arm-none-eabi-size  sensor_fusion.elf 
   text	   data	    bss	    dec	    hex	filename
 110992	   1988	  46184	 159164	  26dbc	sensor_fusion.elf
Finished building: default.size.stdout
 
21:50:05 **** Incremental Build of configuration Debug for project sensor_fusion ****
make -j16 all 
docker pull microros/micro_ros_static_library_builder:humble && docker run --rm -v /home/natthanicha/FRA502_ROS2/ROS_PROJECT_WS/firmware/sensor_fusion:/project --env MICROROS_LIBRARY_FOLDER=micro_ros_stm32cubemx_utils/microros_static_library_ide microros/micro_ros_static_library_builder:humble
humble: Pulling from microros/micro_ros_static_library_builder
Digest: sha256:e291f74890e81b31eb1d70731cb79b2d767dd585269325031effc72952b24b9d
Status: Image is up to date for microros/micro_ros_static_library_builder:humble
docker.io/microros/micro_ros_static_library_builder:humble
dos2unix: converting file /project/micro_ros_stm32cubemx_utils/microros_static_library_ide/library_generation/library_generation.sh to Unix format...
micro-ROS library found. Skipping...
Delete micro_ros_stm32cubemx_utils/microros_static_library_ide/libmicroros/ for rebuild.
 
arm-none-eabi-size  sensor_fusion.elf 
   text	   data	    bss	    dec	    hex	filename
 110992	   1988	  46184	 159164	  26dbc	sensor_fusion.elf
Finished building: default.size.stdout
 
21:50:37 **** Incremental Build of configuration Debug for project sensor_fusion ****
make -j16 all 
docker pull microros/micro_ros_static_library_builder:humble && docker run --rm -v /home/natthanicha/FRA502_ROS2/ROS_PROJECT_WS/firmware/sensor_fusion:/project --env MICROROS_LIBRARY_FOLDER=micro_ros_stm32cubemx_utils/microros_static_library_ide microros/micro_ros_static_library_builder:humble
humble: Pulling from microros/micro_ros_static_library_builder
Digest: sha256:e291f74890e81b31eb1d70731cb79b2d767dd585269325031effc72952b24b9d
Status: Image is up to date for microros/micro_ros_static_library_builder:humble
docker.io/microros/micro_ros_static_library_builder:humble
dos2unix: converting file /project/micro_ros_stm32cubemx_utils/microros_static_library_ide/library_generation/library_generation.sh to Unix format...
micro-ROS library found. Skipping...
Delete micro_ros_stm32cubemx_utils/microros_static_library_ide/libmicroros/ for rebuild.
 
arm-none-eabi-size  sensor_fusion.elf 
   text	   data	    bss	    dec	    hex	filename
 110992	   1988	  46184	 159164	  26dbc	sensor_fusion.elf
Finished building: default.size.stdout
 
21:51:57 **** Incremental Build of configuration Debug for project sensor_fusion ****
make -j16 all 
docker pull microros/micro_ros_static_library_builder:humble && docker run --rm -v /home/natthanicha/FRA502_ROS2/ROS_PROJECT_WS/firmware/sensor_fusion:/project --env MICROROS_LIBRARY_FOLDER=micro_ros_stm32cubemx_utils/microros_static_library_ide microros/micro_ros_static_library_builder:humble
humble: Pulling from microros/micro_ros_static_library_builder
Digest: sha256:e291f74890e81b31eb1d70731cb79b2d767dd585269325031effc72952b24b9d
Status: Image is up to date for microros/micro_ros_static_library_builder:humble
docker.io/microros/micro_ros_static_library_builder:humble
dos2unix: converting file /project/micro_ros_stm32cubemx_utils/microros_static_library_ide/library_generation/library_generation.sh to Unix format...
micro-ROS library found. Skipping...
Delete micro_ros_stm32cubemx_utils/microros_static_library_ide/libmicroros/ for rebuild.
 
arm-none-eabi-size  sensor_fusion.elf 
   text	   data	    bss	    dec	    hex	filename
 110992	   1988	  46184	 159164	  26dbc	sensor_fusion.elf
Finished building: default.size.stdout
 
21:52:22 **** Incremental Build of configuration Debug for project sensor_fusion ****
make -j16 all 
docker pull microros/micro_ros_static_library_builder:humble && docker run --rm -v /home/natthanicha/FRA502_ROS2/ROS_PROJECT_WS/firmware/sensor_fusion:/project --env MICROROS_LIBRARY_FOLDER=micro_ros_stm32cubemx_utils/microros_static_library_ide microros/micro_ros_static_library_builder:humble
humble: Pulling from microros/micro_ros_static_library_builder
Digest: sha256:e291f74890e81b31eb1d70731cb79b2d767dd585269325031effc72952b24b9d
Status: Image is up to date for microros/micro_ros_static_library_builder:humble
docker.io/microros/micro_ros_static_library_builder:humble
dos2unix: converting file /project/micro_ros_stm32cubemx_utils/microros_static_library_ide/library_generation/library_generation.sh to Unix format...
micro-ROS library found. Skipping...
Delete micro_ros_stm32cubemx_utils/microros_static_library_ide/libmicroros/ for rebuild.
 
arm-none-eabi-size  sensor_fusion.elf 
   text	   data	    bss	    dec	    hex	filename
 110992	   1988	  46184	 159164	  26dbc	sensor_fusion.elf
Finished building: default.size.stdout
 
21:52:41 **** Incremental Build of configuration Debug for project sensor_fusion ****
make -j16 all 
docker pull microros/micro_ros_static_library_builder:humble && docker run --rm -v /home/natthanicha/FRA502_ROS2/ROS_PROJECT_WS/firmware/sensor_fusion:/project --env MICROROS_LIBRARY_FOLDER=micro_ros_stm32cubemx_utils/microros_static_library_ide microros/micro_ros_static_library_builder:humble
humble: Pulling from microros/micro_ros_static_library_builder
Digest: sha256:e291f74890e81b31eb1d70731cb79b2d767dd585269325031effc72952b24b9d
Status: Image is up to date for microros/micro_ros_static_library_builder:humble
docker.io/microros/micro_ros_static_library_builder:humble
dos2unix: converting file /project/micro_ros_stm32cubemx_utils/microros_static_library_ide/library_generation/library_generation.sh to Unix format...
micro-ROS library found. Skipping...
Delete micro_ros_stm32cubemx_utils/microros_static_library_ide/libmicroros/ for rebuild.
 
arm-none-eabi-size  sensor_fusion.elf 
   text	   data	    bss	    dec	    hex	filename
 110992	   1988	  46184	 159164	  26dbc	sensor_fusion.elf
Finished building: default.size.stdout
 
22:00:16 **** Incremental Build of configuration Debug for project sensor_fusion ****
make -j16 all 
docker pull microros/micro_ros_static_library_builder:humble && docker run --rm -v /home/natthanicha/FRA502_ROS2/ROS_PROJECT_WS/firmware/sensor_fusion:/project --env MICROROS_LIBRARY_FOLDER=micro_ros_stm32cubemx_utils/microros_static_library_ide microros/micro_ros_static_library_builder:humble
humble: Pulling from microros/micro_ros_static_library_builder
Digest: sha256:e291f74890e81b31eb1d70731cb79b2d767dd585269325031effc72952b24b9d
Status: Image is up to date for microros/micro_ros_static_library_builder:humble
docker.io/microros/micro_ros_static_library_builder:humble
dos2unix: converting file /project/micro_ros_stm32cubemx_utils/microros_static_library_ide/library_generation/library_generation.sh to Unix format...
micro-ROS library found. Skipping...
Delete micro_ros_stm32cubemx_utils/microros_static_library_ide/libmicroros/ for rebuild.
 
arm-none-eabi-size  sensor_fusion.elf 
   text	   data	    bss	    dec	    hex	filename
 110992	   1988	  46184	 159164	  26dbc	sensor_fusion.elf
Finished building: default.size.stdout
 
22:01:09 **** Incremental Build of configuration Debug for project sensor_fusion ****
make -j16 all 
docker pull microros/micro_ros_static_library_builder:humble && docker run --rm -v /home/natthanicha/FRA502_ROS2/ROS_PROJECT_WS/firmware/sensor_fusion:/project --env MICROROS_LIBRARY_FOLDER=micro_ros_stm32cubemx_utils/microros_static_library_ide microros/micro_ros_static_library_builder:humble
humble: Pulling from microros/micro_ros_static_library_builder
Digest: sha256:e291f74890e81b31eb1d70731cb79b2d767dd585269325031effc72952b24b9d
Status: Image is up to date for microros/micro_ros_static_library_builder:humble
docker.io/microros/micro_ros_static_library_builder:humble
dos2unix: converting file /project/micro_ros_stm32cubemx_utils/microros_static_library_ide/library_generation/library_generation.sh to Unix format...
micro-ROS library found. Skipping...
Delete micro_ros_stm32cubemx_utils/microros_static_library_ide/libmicroros/ for rebuild.
 
arm-none-eabi-size  sensor_fusion.elf 
   text	   data	    bss	    dec	    hex	filename
 110992	   1988	  46184	 159164	  26dbc	sensor_fusion.elf
Finished building: default.size.stdout
 
22:06:17 **** Incremental Build of configuration Debug for project sensor_fusion ****
make -j16 all 
docker pull microros/micro_ros_static_library_builder:humble && docker run --rm -v /home/natthanicha/FRA502_ROS2/ROS_PROJECT_WS/firmware/sensor_fusion:/project --env MICROROS_LIBRARY_FOLDER=micro_ros_stm32cubemx_utils/microros_static_library_ide microros/micro_ros_static_library_builder:humble
humble: Pulling from microros/micro_ros_static_library_builder
Digest: sha256:e291f74890e81b31eb1d70731cb79b2d767dd585269325031effc72952b24b9d
Status: Image is up to date for microros/micro_ros_static_library_builder:humble
docker.io/microros/micro_ros_static_library_builder:humble
dos2unix: converting file /project/micro_ros_stm32cubemx_utils/microros_static_library_ide/library_generation/library_generation.sh to Unix format...
micro-ROS library found. Skipping...
Delete micro_ros_stm32cubemx_utils/microros_static_library_ide/libmicroros/ for rebuild.
 
arm-none-eabi-size  sensor_fusion.elf 
   text	   data	    bss	    dec	    hex	filename
 110992	   1988	  46184	 159164	  26dbc	sensor_fusion.elf
Finished building: default.size.stdout
 
23:36:17 **** Incremental Build of configuration Debug for project sensor_fusion ****
make -j16 all 
docker pull microros/micro_ros_static_library_builder:humble && docker run --rm -v /home/natthanicha/FRA502_ROS2/ROS_PROJECT_WS/firmware/sensor_fusion:/project --env MICROROS_LIBRARY_FOLDER=micro_ros_stm32cubemx_utils/microros_static_library_ide microros/micro_ros_static_library_builder:humble
humble: Pulling from microros/micro_ros_static_library_builder
Digest: sha256:e291f74890e81b31eb1d70731cb79b2d767dd585269325031effc72952b24b9d
Status: Image is up to date for microros/micro_ros_static_library_builder:humble
docker.io/microros/micro_ros_static_library_builder:humble
dos2unix: converting file /project/micro_ros_stm32cubemx_utils/microros_static_library_ide/library_generation/library_generation.sh to Unix format...
micro-ROS library found. Skipping...
Delete micro_ros_stm32cubemx_utils/microros_static_library_ide/libmicroros/ for rebuild.
 
arm-none-eabi-gcc "../Core/Src/main.c" -mcpu=cortex-m4 -std=gnu11 -g3 -DDEBUG -DUSE_HAL_DRIVER -DSTM32G474xx -c -I../Core/Inc -I../MPU6050/Src -I../Drivers/STM32G4xx_HAL_Driver/Inc -I../micro_ros_stm32cubemx_utils/microros_static_library_ide/libmicroros/include -I../Drivers/STM32G4xx_HAL_Driver/Inc/Legacy -I../Drivers/CMSIS/Device/ST/STM32G4xx/Include -I../Drivers/CMSIS/Include -I../Middlewares/Third_Party/FreeRTOS/Source/include -I../Middlewares/Third_Party/FreeRTOS/Source/CMSIS_RTOS_V2 -I../Middlewares/Third_Party/FreeRTOS/Source/portable/GCC/ARM_CM4F -O0 -ffunction-sections -fdata-sections -Wall -fstack-usage -fcyclomatic-complexity -MMD -MP -MF"Core/Src/main.d" -MT"Core/Src/main.o" --specs=nano.specs -mfpu=fpv4-sp-d16 -mfloat-abi=hard -mthumb -o "Core/Src/main.o"
arm-none-eabi-gcc -o "sensor_fusion.elf" @"objects.list"  -lmicroros -mcpu=cortex-m4 -T"/home/natthanicha/FRA502_ROS2/ROS_PROJECT_WS/firmware/sensor_fusion/STM32G474RETX_FLASH.ld" --specs=nosys.specs -Wl,-Map="sensor_fusion.map" -Wl,--gc-sections -static -L../micro_ros_stm32cubemx_utils/microros_static_library_ide/libmicroros --specs=nano.specs -mfpu=fpv4-sp-d16 -mfloat-abi=hard -mthumb -Wl,--start-group -lc -lm -Wl,--end-group
/opt/st/stm32cubeide_1.19.0/plugins/com.st.stm32cube.ide.mcu.externaltools.gnu-tools-for-stm32.13.3.rel1.linux64_1.0.0.202410170706/tools/bin/../lib/gcc/arm-none-eabi/13.3.1/../../../../arm-none-eabi/bin/ld: /opt/st/stm32cubeide_1.19.0/plugins/com.st.stm32cube.ide.mcu.externaltools.gnu-tools-for-stm32.13.3.rel1.linux64_1.0.0.202410170706/tools/bin/../lib/gcc/arm-none-eabi/13.3.1/../../../../arm-none-eabi/lib/thumb/v7e-m+fp/hard/libc_nano.a(libc_a-gettimeofdayr.o): in function `_gettimeofday_r':
(.text._gettimeofday_r+0xe): warning: _gettimeofday is not implemented and will always fail
/opt/st/stm32cubeide_1.19.0/plugins/com.st.stm32cube.ide.mcu.externaltools.gnu-tools-for-stm32.13.3.rel1.linux64_1.0.0.202410170706/tools/bin/../lib/gcc/arm-none-eabi/13.3.1/../../../../arm-none-eabi/bin/ld: /opt/st/stm32cubeide_1.19.0/plugins/com.st.stm32cube.ide.mcu.externaltools.gnu-tools-for-stm32.13.3.rel1.linux64_1.0.0.202410170706/tools/bin/../lib/gcc/arm-none-eabi/13.3.1/../../../../arm-none-eabi/lib/thumb/v7e-m+fp/hard/libc_nano.a(libc_a-gettimeofdayr.o): note: the message above does not take linker garbage collection into account
Finished building target: sensor_fusion.elf
 
arm-none-eabi-size  sensor_fusion.elf 
arm-none-eabi-objdump -h -S sensor_fusion.elf  > "sensor_fusion.list"
   text	   data	    bss	    dec	    hex	filename
 110992	   1988	  46184	 159164	  26dbc	sensor_fusion.elf
Finished building: default.size.stdout
 
Finished building: sensor_fusion.list
 
23:40:30 **** Incremental Build of configuration Debug for project sensor_fusion ****
make -j16 all 
docker pull microros/micro_ros_static_library_builder:humble && docker run --rm -v /home/natthanicha/FRA502_ROS2/ROS_PROJECT_WS/firmware/sensor_fusion:/project --env MICROROS_LIBRARY_FOLDER=micro_ros_stm32cubemx_utils/microros_static_library_ide microros/micro_ros_static_library_builder:humble
humble: Pulling from microros/micro_ros_static_library_builder
Digest: sha256:e291f74890e81b31eb1d70731cb79b2d767dd585269325031effc72952b24b9d
Status: Image is up to date for microros/micro_ros_static_library_builder:humble
docker.io/microros/micro_ros_static_library_builder:humble
dos2unix: converting file /project/micro_ros_stm32cubemx_utils/microros_static_library_ide/library_generation/library_generation.sh to Unix format...
micro-ROS library found. Skipping...
Delete micro_ros_stm32cubemx_utils/microros_static_library_ide/libmicroros/ for rebuild.
 
arm-none-eabi-gcc "../Core/Src/main.c" -mcpu=cortex-m4 -std=gnu11 -g3 -DDEBUG -DUSE_HAL_DRIVER -DSTM32G474xx -c -I../Core/Inc -I../MPU6050/Src -I../Drivers/STM32G4xx_HAL_Driver/Inc -I../micro_ros_stm32cubemx_utils/microros_static_library_ide/libmicroros/include -I../Drivers/STM32G4xx_HAL_Driver/Inc/Legacy -I../Drivers/CMSIS/Device/ST/STM32G4xx/Include -I../Drivers/CMSIS/Include -I../Middlewares/Third_Party/FreeRTOS/Source/include -I../Middlewares/Third_Party/FreeRTOS/Source/CMSIS_RTOS_V2 -I../Middlewares/Third_Party/FreeRTOS/Source/portable/GCC/ARM_CM4F -O0 -ffunction-sections -fdata-sections -Wall -fstack-usage -fcyclomatic-complexity -MMD -MP -MF"Core/Src/main.d" -MT"Core/Src/main.o" --specs=nano.specs -mfpu=fpv4-sp-d16 -mfloat-abi=hard -mthumb -o "Core/Src/main.o"
arm-none-eabi-gcc -o "sensor_fusion.elf" @"objects.list"  -lmicroros -mcpu=cortex-m4 -T"/home/natthanicha/FRA502_ROS2/ROS_PROJECT_WS/firmware/sensor_fusion/STM32G474RETX_FLASH.ld" --specs=nosys.specs -Wl,-Map="sensor_fusion.map" -Wl,--gc-sections -static -L../micro_ros_stm32cubemx_utils/microros_static_library_ide/libmicroros --specs=nano.specs -mfpu=fpv4-sp-d16 -mfloat-abi=hard -mthumb -Wl,--start-group -lc -lm -Wl,--end-group
/opt/st/stm32cubeide_1.19.0/plugins/com.st.stm32cube.ide.mcu.externaltools.gnu-tools-for-stm32.13.3.rel1.linux64_1.0.0.202410170706/tools/bin/../lib/gcc/arm-none-eabi/13.3.1/../../../../arm-none-eabi/bin/ld: /opt/st/stm32cubeide_1.19.0/plugins/com.st.stm32cube.ide.mcu.externaltools.gnu-tools-for-stm32.13.3.rel1.linux64_1.0.0.202410170706/tools/bin/../lib/gcc/arm-none-eabi/13.3.1/../../../../arm-none-eabi/lib/thumb/v7e-m+fp/hard/libc_nano.a(libc_a-gettimeofdayr.o): in function `_gettimeofday_r':
(.text._gettimeofday_r+0xe): warning: _gettimeofday is not implemented and will always fail
/opt/st/stm32cubeide_1.19.0/plugins/com.st.stm32cube.ide.mcu.externaltools.gnu-tools-for-stm32.13.3.rel1.linux64_1.0.0.202410170706/tools/bin/../lib/gcc/arm-none-eabi/13.3.1/../../../../arm-none-eabi/bin/ld: /opt/st/stm32cubeide_1.19.0/plugins/com.st.stm32cube.ide.mcu.externaltools.gnu-tools-for-stm32.13.3.rel1.linux64_1.0.0.202410170706/tools/bin/../lib/gcc/arm-none-eabi/13.3.1/../../../../arm-none-eabi/lib/thumb/v7e-m+fp/hard/libc_nano.a(libc_a-gettimeofdayr.o): note: the message above does not take linker garbage collection into account
Finished building target: sensor_fusion.elf
 
arm-none-eabi-size  sensor_fusion.elf 
arm-none-eabi-objdump -h -S sensor_fusion.elf  > "sensor_fusion.list"
   text	   data	    bss	    dec	    hex	filename
 110992	   1988	  46184	 159164	  26dbc	sensor_fusion.elf
Finished building: default.size.stdout
 
Finished building: sensor_fusion.list
 
18:23:11 **** Build of configuration Debug for project motor_controller ****
make -j16 all 
docker pull microros/micro_ros_static_library_builder:humble && docker run --rm -v /home/natthanicha/FRA502_ROS2/ROS_PROJECT_WS/firmware/motor_controller:/project --env MICROROS_LIBRARY_FOLDER=micro_ros_stm32cubemx_utils/microros_static_library_ide microros/micro_ros_static_library_builder:humble
humble: Pulling from microros/micro_ros_static_library_builder
Digest: sha256:e291f74890e81b31eb1d70731cb79b2d767dd585269325031effc72952b24b9d
Status: Image is up to date for microros/micro_ros_static_library_builder:humble
docker.io/microros/micro_ros_static_library_builder:humble
dos2unix: converting file /project/micro_ros_stm32cubemx_utils/microros_static_library_ide/library_generation/library_generation.sh to Unix format...
micro-ROS library found. Skipping...
Delete micro_ros_stm32cubemx_utils/microros_static_library_ide/libmicroros/ for rebuild.
 
arm-none-eabi-size  motor_controller.elf 
   text	   data	    bss	    dec	    hex	filename
 110236	    736	  46184	 157156	  265e4	motor_controller.elf
Finished building: default.size.stdout
 
14:35:29 **** Incremental Build of configuration Debug for project motor_controller ****
make -j16 all 
docker pull microros/micro_ros_static_library_builder:humble && docker run --rm -v /home/natthanicha/FRA502_ROS2/ROS_PROJECT_WS/firmware/motor_controller:/project --env MICROROS_LIBRARY_FOLDER=micro_ros_stm32cubemx_utils/microros_static_library_ide microros/micro_ros_static_library_builder:humble
humble: Pulling from microros/micro_ros_static_library_builder
Digest: sha256:e291f74890e81b31eb1d70731cb79b2d767dd585269325031effc72952b24b9d
Status: Image is up to date for microros/micro_ros_static_library_builder:humble
docker.io/microros/micro_ros_static_library_builder:humble
dos2unix: converting file /project/micro_ros_stm32cubemx_utils/microros_static_library_ide/library_generation/library_generation.sh to Unix format...
micro-ROS library found. Skipping...
Delete micro_ros_stm32cubemx_utils/microros_static_library_ide/libmicroros/ for rebuild.
 
arm-none-eabi-size  motor_controller.elf 
   text	   data	    bss	    dec	    hex	filename
 110236	    736	  46184	 157156	  265e4	motor_controller.elf
Finished building: default.size.stdout
 
14:47:20 **** Incremental Build of configuration Debug for project motor_controller ****
make -j16 all 
docker pull microros/micro_ros_static_library_builder:humble && docker run --rm -v /home/natthanicha/FRA502_ROS2/ROS_PROJECT_WS/firmware/motor_controller:/project --env MICROROS_LIBRARY_FOLDER=micro_ros_stm32cubemx_utils/microros_static_library_ide microros/micro_ros_static_library_builder:humble
humble: Pulling from microros/micro_ros_static_library_builder
Digest: sha256:e291f74890e81b31eb1d70731cb79b2d767dd585269325031effc72952b24b9d
Status: Image is up to date for microros/micro_ros_static_library_builder:humble
docker.io/microros/micro_ros_static_library_builder:humble
dos2unix: converting file /project/micro_ros_stm32cubemx_utils/microros_static_library_ide/library_generation/library_generation.sh to Unix format...
micro-ROS library found. Skipping...
Delete micro_ros_stm32cubemx_utils/microros_static_library_ide/libmicroros/ for rebuild.
 
arm-none-eabi-size  motor_controller.elf 
   text	   data	    bss	    dec	    hex	filename
 110236	    736	  46184	 157156	  265e4	motor_controller.elf
Finished building: default.size.stdout
 
15:03:05 **** Build of configuration Debug for project sensor_fusion ****
make -j16 all 
docker pull microros/micro_ros_static_library_builder:humble && docker run --rm -v /home/natthanicha/FRA502_ROS2/ROS_PROJECT_WS/firmware/sensor_fusion:/project --env MICROROS_LIBRARY_FOLDER=micro_ros_stm32cubemx_utils/microros_static_library_ide microros/micro_ros_static_library_builder:humble
humble: Pulling from microros/micro_ros_static_library_builder
Digest: sha256:e291f74890e81b31eb1d70731cb79b2d767dd585269325031effc72952b24b9d
Status: Image is up to date for microros/micro_ros_static_library_builder:humble
docker.io/microros/micro_ros_static_library_builder:humble
dos2unix: converting file /project/micro_ros_stm32cubemx_utils/microros_static_library_ide/library_generation/library_generation.sh to Unix format...
micro-ROS library found. Skipping...
Delete micro_ros_stm32cubemx_utils/microros_static_library_ide/libmicroros/ for rebuild.
 
arm-none-eabi-gcc "../Middlewares/Third_Party/FreeRTOS/Source/portable/MemMang/heap_4.c" -mcpu=cortex-m4 -std=gnu11 -g3 -DDEBUG -DUSE_HAL_DRIVER -DSTM32G474xx -c -I../Core/Inc -I../MPU6050/Src -I../Drivers/STM32G4xx_HAL_Driver/Inc -I../micro_ros_stm32cubemx_utils/microros_static_library_ide/libmicroros/include -I../Drivers/STM32G4xx_HAL_Driver/Inc/Legacy -I../Drivers/CMSIS/Device/ST/STM32G4xx/Include -I../Drivers/CMSIS/Include -I../Middlewares/Third_Party/FreeRTOS/Source/include -I../Middlewares/Third_Party/FreeRTOS/Source/CMSIS_RTOS_V2 -I../Middlewares/Third_Party/FreeRTOS/Source/portable/GCC/ARM_CM4F -O0 -ffunction-sections -fdata-sections -Wall -fstack-usage -fcyclomatic-complexity -MMD -MP -MF"Middlewares/Third_Party/FreeRTOS/Source/portable/MemMang/heap_4.d" -MT"Middlewares/Third_Party/FreeRTOS/Source/portable/MemMang/heap_4.o" --specs=nano.specs -mfpu=fpv4-sp-d16 -mfloat-abi=hard -mthumb -o "Middlewares/Third_Party/FreeRTOS/Source/portable/MemMang/heap_4.o"
arm-none-eabi-gcc "../Middlewares/Third_Party/FreeRTOS/Source/portable/GCC/ARM_CM4F/port.c" -mcpu=cortex-m4 -std=gnu11 -g3 -DDEBUG -DUSE_HAL_DRIVER -DSTM32G474xx -c -I../Core/Inc -I../MPU6050/Src -I../Drivers/STM32G4xx_HAL_Driver/Inc -I../micro_ros_stm32cubemx_utils/microros_static_library_ide/libmicroros/include -I../Drivers/STM32G4xx_HAL_Driver/Inc/Legacy -I../Drivers/CMSIS/Device/ST/STM32G4xx/Include -I../Drivers/CMSIS/Include -I../Middlewares/Third_Party/FreeRTOS/Source/include -I../Middlewares/Third_Party/FreeRTOS/Source/CMSIS_RTOS_V2 -I../Middlewares/Third_Party/FreeRTOS/Source/portable/GCC/ARM_CM4F -O0 -ffunction-sections -fdata-sections -Wall -fstack-usage -fcyclomatic-complexity -MMD -MP -MF"Middlewares/Third_Party/FreeRTOS/Source/portable/GCC/ARM_CM4F/port.d" -MT"Middlewares/Third_Party/FreeRTOS/Source/portable/GCC/ARM_CM4F/port.o" --specs=nano.specs -mfpu=fpv4-sp-d16 -mfloat-abi=hard -mthumb -o "Middlewares/Third_Party/FreeRTOS/Source/portable/GCC/ARM_CM4F/port.o"
arm-none-eabi-gcc "../Middlewares/Third_Party/FreeRTOS/Source/CMSIS_RTOS_V2/cmsis_os2.c" -mcpu=cortex-m4 -std=gnu11 -g3 -DDEBUG -DUSE_HAL_DRIVER -DSTM32G474xx -c -I../Core/Inc -I../MPU6050/Src -I../Drivers/STM32G4xx_HAL_Driver/Inc -I../micro_ros_stm32cubemx_utils/microros_static_library_ide/libmicroros/include -I../Drivers/STM32G4xx_HAL_Driver/Inc/Legacy -I../Drivers/CMSIS/Device/ST/STM32G4xx/Include -I../Drivers/CMSIS/Include -I../Middlewares/Third_Party/FreeRTOS/Source/include -I../Middlewares/Third_Party/FreeRTOS/Source/CMSIS_RTOS_V2 -I../Middlewares/Third_Party/FreeRTOS/Source/portable/GCC/ARM_CM4F -O0 -ffunction-sections -fdata-sections -Wall -fstack-usage -fcyclomatic-complexity -MMD -MP -MF"Middlewares/Third_Party/FreeRTOS/Source/CMSIS_RTOS_V2/cmsis_os2.d" -MT"Middlewares/Third_Party/FreeRTOS/Source/CMSIS_RTOS_V2/cmsis_os2.o" --specs=nano.specs -mfpu=fpv4-sp-d16 -mfloat-abi=hard -mthumb -o "Middlewares/Third_Party/FreeRTOS/Source/CMSIS_RTOS_V2/cmsis_os2.o"
arm-none-eabi-gcc "../Middlewares/Third_Party/FreeRTOS/Source/croutine.c" -mcpu=cortex-m4 -std=gnu11 -g3 -DDEBUG -DUSE_HAL_DRIVER -DSTM32G474xx -c -I../Core/Inc -I../MPU6050/Src -I../Drivers/STM32G4xx_HAL_Driver/Inc -I../micro_ros_stm32cubemx_utils/microros_static_library_ide/libmicroros/include -I../Drivers/STM32G4xx_HAL_Driver/Inc/Legacy -I../Drivers/CMSIS/Device/ST/STM32G4xx/Include -I../Drivers/CMSIS/Include -I../Middlewares/Third_Party/FreeRTOS/Source/include -I../Middlewares/Third_Party/FreeRTOS/Source/CMSIS_RTOS_V2 -I../Middlewares/Third_Party/FreeRTOS/Source/portable/GCC/ARM_CM4F -O0 -ffunction-sections -fdata-sections -Wall -fstack-usage -fcyclomatic-complexity -MMD -MP -MF"Middlewares/Third_Party/FreeRTOS/Source/croutine.d" -MT"Middlewares/Third_Party/FreeRTOS/Source/croutine.o" --specs=nano.specs -mfpu=fpv4-sp-d16 -mfloat-abi=hard -mthumb -o "Middlewares/Third_Party/FreeRTOS/Source/croutine.o"
arm-none-eabi-gcc "../Middlewares/Third_Party/FreeRTOS/Source/event_groups.c" -mcpu=cortex-m4 -std=gnu11 -g3 -DDEBUG -DUSE_HAL_DRIVER -DSTM32G474xx -c -I../Core/Inc -I../MPU6050/Src -I../Drivers/STM32G4xx_HAL_Driver/Inc -I../micro_ros_stm32cubemx_utils/microros_static_library_ide/libmicroros/include -I../Drivers/STM32G4xx_HAL_Driver/Inc/Legacy -I../Drivers/CMSIS/Device/ST/STM32G4xx/Include -I../Drivers/CMSIS/Include -I../Middlewares/Third_Party/FreeRTOS/Source/include -I../Middlewares/Third_Party/FreeRTOS/Source/CMSIS_RTOS_V2 -I../Middlewares/Third_Party/FreeRTOS/Source/portable/GCC/ARM_CM4F -O0 -ffunction-sections -fdata-sections -Wall -fstack-usage -fcyclomatic-complexity -MMD -MP -MF"Middlewares/Third_Party/FreeRTOS/Source/event_groups.d" -MT"Middlewares/Third_Party/FreeRTOS/Source/event_groups.o" --specs=nano.specs -mfpu=fpv4-sp-d16 -mfloat-abi=hard -mthumb -o "Middlewares/Third_Party/FreeRTOS/Source/event_groups.o"
arm-none-eabi-gcc "../Middlewares/Third_Party/FreeRTOS/Source/list.c" -mcpu=cortex-m4 -std=gnu11 -g3 -DDEBUG -DUSE_HAL_DRIVER -DSTM32G474xx -c -I../Core/Inc -I../MPU6050/Src -I../Drivers/STM32G4xx_HAL_Driver/Inc -I../micro_ros_stm32cubemx_utils/microros_static_library_ide/libmicroros/include -I../Drivers/STM32G4xx_HAL_Driver/Inc/Legacy -I../Drivers/CMSIS/Device/ST/STM32G4xx/Include -I../Drivers/CMSIS/Include -I../Middlewares/Third_Party/FreeRTOS/Source/include -I../Middlewares/Third_Party/FreeRTOS/Source/CMSIS_RTOS_V2 -I../Middlewares/Third_Party/FreeRTOS/Source/portable/GCC/ARM_CM4F -O0 -ffunction-sections -fdata-sections -Wall -fstack-usage -fcyclomatic-complexity -MMD -MP -MF"Middlewares/Third_Party/FreeRTOS/Source/list.d" -MT"Middlewares/Third_Party/FreeRTOS/Source/list.o" --specs=nano.specs -mfpu=fpv4-sp-d16 -mfloat-abi=hard -mthumb -o "Middlewares/Third_Party/FreeRTOS/Source/list.o"
arm-none-eabi-gcc "../Middlewares/Third_Party/FreeRTOS/Source/queue.c" -mcpu=cortex-m4 -std=gnu11 -g3 -DDEBUG -DUSE_HAL_DRIVER -DSTM32G474xx -c -I../Core/Inc -I../MPU6050/Src -I../Drivers/STM32G4xx_HAL_Driver/Inc -I../micro_ros_stm32cubemx_utils/microros_static_library_ide/libmicroros/include -I../Drivers/STM32G4xx_HAL_Driver/Inc/Legacy -I../Drivers/CMSIS/Device/ST/STM32G4xx/Include -I../Drivers/CMSIS/Include -I../Middlewares/Third_Party/FreeRTOS/Source/include -I../Middlewares/Third_Party/FreeRTOS/Source/CMSIS_RTOS_V2 -I../Middlewares/Third_Party/FreeRTOS/Source/portable/GCC/ARM_CM4F -O0 -ffunction-sections -fdata-sections -Wall -fstack-usage -fcyclomatic-complexity -MMD -MP -MF"Middlewares/Third_Party/FreeRTOS/Source/queue.d" -MT"Middlewares/Third_Party/FreeRTOS/Source/queue.o" --specs=nano.specs -mfpu=fpv4-sp-d16 -mfloat-abi=hard -mthumb -o "Middlewares/Third_Party/FreeRTOS/Source/queue.o"
arm-none-eabi-gcc "../Middlewares/Third_Party/FreeRTOS/Source/stream_buffer.c" -mcpu=cortex-m4 -std=gnu11 -g3 -DDEBUG -DUSE_HAL_DRIVER -DSTM32G474xx -c -I../Core/Inc -I../MPU6050/Src -I../Drivers/STM32G4xx_HAL_Driver/Inc -I../micro_ros_stm32cubemx_utils/microros_static_library_ide/libmicroros/include -I../Drivers/STM32G4xx_HAL_Driver/Inc/Legacy -I../Drivers/CMSIS/Device/ST/STM32G4xx/Include -I../Drivers/CMSIS/Include -I../Middlewares/Third_Party/FreeRTOS/Source/include -I../Middlewares/Third_Party/FreeRTOS/Source/CMSIS_RTOS_V2 -I../Middlewares/Third_Party/FreeRTOS/Source/portable/GCC/ARM_CM4F -O0 -ffunction-sections -fdata-sections -Wall -fstack-usage -fcyclomatic-complexity -MMD -MP -MF"Middlewares/Third_Party/FreeRTOS/Source/stream_buffer.d" -MT"Middlewares/Third_Party/FreeRTOS/Source/stream_buffer.o" --specs=nano.specs -mfpu=fpv4-sp-d16 -mfloat-abi=hard -mthumb -o "Middlewares/Third_Party/FreeRTOS/Source/stream_buffer.o"
arm-none-eabi-gcc "../Middlewares/Third_Party/FreeRTOS/Source/tasks.c" -mcpu=cortex-m4 -std=gnu11 -g3 -DDEBUG -DUSE_HAL_DRIVER -DSTM32G474xx -c -I../Core/Inc -I../MPU6050/Src -I../Drivers/STM32G4xx_HAL_Driver/Inc -I../micro_ros_stm32cubemx_utils/microros_static_library_ide/libmicroros/include -I../Drivers/STM32G4xx_HAL_Driver/Inc/Legacy -I../Drivers/CMSIS/Device/ST/STM32G4xx/Include -I../Drivers/CMSIS/Include -I../Middlewares/Third_Party/FreeRTOS/Source/include -I../Middlewares/Third_Party/FreeRTOS/Source/CMSIS_RTOS_V2 -I../Middlewares/Third_Party/FreeRTOS/Source/portable/GCC/ARM_CM4F -O0 -ffunction-sections -fdata-sections -Wall -fstack-usage -fcyclomatic-complexity -MMD -MP -MF"Middlewares/Third_Party/FreeRTOS/Source/tasks.d" -MT"Middlewares/Third_Party/FreeRTOS/Source/tasks.o" --specs=nano.specs -mfpu=fpv4-sp-d16 -mfloat-abi=hard -mthumb -o "Middlewares/Third_Party/FreeRTOS/Source/tasks.o"
arm-none-eabi-gcc "../Middlewares/Third_Party/FreeRTOS/Source/timers.c" -mcpu=cortex-m4 -std=gnu11 -g3 -DDEBUG -DUSE_HAL_DRIVER -DSTM32G474xx -c -I../Core/Inc -I../MPU6050/Src -I../Drivers/STM32G4xx_HAL_Driver/Inc -I../micro_ros_stm32cubemx_utils/microros_static_library_ide/libmicroros/include -I../Drivers/STM32G4xx_HAL_Driver/Inc/Legacy -I../Drivers/CMSIS/Device/ST/STM32G4xx/Include -I../Drivers/CMSIS/Include -I../Middlewares/Third_Party/FreeRTOS/Source/include -I../Middlewares/Third_Party/FreeRTOS/Source/CMSIS_RTOS_V2 -I../Middlewares/Third_Party/FreeRTOS/Source/portable/GCC/ARM_CM4F -O0 -ffunction-sections -fdata-sections -Wall -fstack-usage -fcyclomatic-complexity -MMD -MP -MF"Middlewares/Third_Party/FreeRTOS/Source/timers.d" -MT"Middlewares/Third_Party/FreeRTOS/Source/timers.o" --specs=nano.specs -mfpu=fpv4-sp-d16 -mfloat-abi=hard -mthumb -o "Middlewares/Third_Party/FreeRTOS/Source/timers.o"
arm-none-eabi-gcc "../MPU6050/Src/mpu6050.c" -mcpu=cortex-m4 -std=gnu11 -g3 -DDEBUG -DUSE_HAL_DRIVER -DSTM32G474xx -c -I../Core/Inc -I../MPU6050/Src -I../Drivers/STM32G4xx_HAL_Driver/Inc -I../micro_ros_stm32cubemx_utils/microros_static_library_ide/libmicroros/include -I../Drivers/STM32G4xx_HAL_Driver/Inc/Legacy -I../Drivers/CMSIS/Device/ST/STM32G4xx/Include -I../Drivers/CMSIS/Include -I../Middlewares/Third_Party/FreeRTOS/Source/include -I../Middlewares/Third_Party/FreeRTOS/Source/CMSIS_RTOS_V2 -I../Middlewares/Third_Party/FreeRTOS/Source/portable/GCC/ARM_CM4F -O0 -ffunction-sections -fdata-sections -Wall -fstack-usage -fcyclomatic-complexity -MMD -MP -MF"MPU6050/Src/mpu6050.d" -MT"MPU6050/Src/mpu6050.o" --specs=nano.specs -mfpu=fpv4-sp-d16 -mfloat-abi=hard -mthumb -o "MPU6050/Src/mpu6050.o"
arm-none-eabi-gcc "../Drivers/STM32G4xx_HAL_Driver/Src/stm32g4xx_hal.c" -mcpu=cortex-m4 -std=gnu11 -g3 -DDEBUG -DUSE_HAL_DRIVER -DSTM32G474xx -c -I../Core/Inc -I../MPU6050/Src -I../Drivers/STM32G4xx_HAL_Driver/Inc -I../micro_ros_stm32cubemx_utils/microros_static_library_ide/libmicroros/include -I../Drivers/STM32G4xx_HAL_Driver/Inc/Legacy -I../Drivers/CMSIS/Device/ST/STM32G4xx/Include -I../Drivers/CMSIS/Include -I../Middlewares/Third_Party/FreeRTOS/Source/include -I../Middlewares/Third_Party/FreeRTOS/Source/CMSIS_RTOS_V2 -I../Middlewares/Third_Party/FreeRTOS/Source/portable/GCC/ARM_CM4F -O0 -ffunction-sections -fdata-sections -Wall -fstack-usage -fcyclomatic-complexity -MMD -MP -MF"Drivers/STM32G4xx_HAL_Driver/Src/stm32g4xx_hal.d" -MT"Drivers/STM32G4xx_HAL_Driver/Src/stm32g4xx_hal.o" --specs=nano.specs -mfpu=fpv4-sp-d16 -mfloat-abi=hard -mthumb -o "Drivers/STM32G4xx_HAL_Driver/Src/stm32g4xx_hal.o"
arm-none-eabi-gcc "../Drivers/STM32G4xx_HAL_Driver/Src/stm32g4xx_hal_cortex.c" -mcpu=cortex-m4 -std=gnu11 -g3 -DDEBUG -DUSE_HAL_DRIVER -DSTM32G474xx -c -I../Core/Inc -I../MPU6050/Src -I../Drivers/STM32G4xx_HAL_Driver/Inc -I../micro_ros_stm32cubemx_utils/microros_static_library_ide/libmicroros/include -I../Drivers/STM32G4xx_HAL_Driver/Inc/Legacy -I../Drivers/CMSIS/Device/ST/STM32G4xx/Include -I../Drivers/CMSIS/Include -I../Middlewares/Third_Party/FreeRTOS/Source/include -I../Middlewares/Third_Party/FreeRTOS/Source/CMSIS_RTOS_V2 -I../Middlewares/Third_Party/FreeRTOS/Source/portable/GCC/ARM_CM4F -O0 -ffunction-sections -fdata-sections -Wall -fstack-usage -fcyclomatic-complexity -MMD -MP -MF"Drivers/STM32G4xx_HAL_Driver/Src/stm32g4xx_hal_cortex.d" -MT"Drivers/STM32G4xx_HAL_Driver/Src/stm32g4xx_hal_cortex.o" --specs=nano.specs -mfpu=fpv4-sp-d16 -mfloat-abi=hard -mthumb -o "Drivers/STM32G4xx_HAL_Driver/Src/stm32g4xx_hal_cortex.o"
arm-none-eabi-gcc "../Drivers/STM32G4xx_HAL_Driver/Src/stm32g4xx_hal_dma.c" -mcpu=cortex-m4 -std=gnu11 -g3 -DDEBUG -DUSE_HAL_DRIVER -DSTM32G474xx -c -I../Core/Inc -I../MPU6050/Src -I../Drivers/STM32G4xx_HAL_Driver/Inc -I../micro_ros_stm32cubemx_utils/microros_static_library_ide/libmicroros/include -I../Drivers/STM32G4xx_HAL_Driver/Inc/Legacy -I../Drivers/CMSIS/Device/ST/STM32G4xx/Include -I../Drivers/CMSIS/Include -I../Middlewares/Third_Party/FreeRTOS/Source/include -I../Middlewares/Third_Party/FreeRTOS/Source/CMSIS_RTOS_V2 -I../Middlewares/Third_Party/FreeRTOS/Source/portable/GCC/ARM_CM4F -O0 -ffunction-sections -fdata-sections -Wall -fstack-usage -fcyclomatic-complexity -MMD -MP -MF"Drivers/STM32G4xx_HAL_Driver/Src/stm32g4xx_hal_dma.d" -MT"Drivers/STM32G4xx_HAL_Driver/Src/stm32g4xx_hal_dma.o" --specs=nano.specs -mfpu=fpv4-sp-d16 -mfloat-abi=hard -mthumb -o "Drivers/STM32G4xx_HAL_Driver/Src/stm32g4xx_hal_dma.o"
arm-none-eabi-gcc "../Drivers/STM32G4xx_HAL_Driver/Src/stm32g4xx_hal_dma_ex.c" -mcpu=cortex-m4 -std=gnu11 -g3 -DDEBUG -DUSE_HAL_DRIVER -DSTM32G474xx -c -I../Core/Inc -I../MPU6050/Src -I../Drivers/STM32G4xx_HAL_Driver/Inc -I../micro_ros_stm32cubemx_utils/microros_static_library_ide/libmicroros/include -I../Drivers/STM32G4xx_HAL_Driver/Inc/Legacy -I../Drivers/CMSIS/Device/ST/STM32G4xx/Include -I../Drivers/CMSIS/Include -I../Middlewares/Third_Party/FreeRTOS/Source/include -I../Middlewares/Third_Party/FreeRTOS/Source/CMSIS_RTOS_V2 -I../Middlewares/Third_Party/FreeRTOS/Source/portable/GCC/ARM_CM4F -O0 -ffunction-sections -fdata-sections -Wall -fstack-usage -fcyclomatic-complexity -MMD -MP -MF"Drivers/STM32G4xx_HAL_Driver/Src/stm32g4xx_hal_dma_ex.d" -MT"Drivers/STM32G4xx_HAL_Driver/Src/stm32g4xx_hal_dma_ex.o" --specs=nano.specs -mfpu=fpv4-sp-d16 -mfloat-abi=hard -mthumb -o "Drivers/STM32G4xx_HAL_Driver/Src/stm32g4xx_hal_dma_ex.o"
arm-none-eabi-gcc "../Drivers/STM32G4xx_HAL_Driver/Src/stm32g4xx_hal_exti.c" -mcpu=cortex-m4 -std=gnu11 -g3 -DDEBUG -DUSE_HAL_DRIVER -DSTM32G474xx -c -I../Core/Inc -I../MPU6050/Src -I../Drivers/STM32G4xx_HAL_Driver/Inc -I../micro_ros_stm32cubemx_utils/microros_static_library_ide/libmicroros/include -I../Drivers/STM32G4xx_HAL_Driver/Inc/Legacy -I../Drivers/CMSIS/Device/ST/STM32G4xx/Include -I../Drivers/CMSIS/Include -I../Middlewares/Third_Party/FreeRTOS/Source/include -I../Middlewares/Third_Party/FreeRTOS/Source/CMSIS_RTOS_V2 -I../Middlewares/Third_Party/FreeRTOS/Source/portable/GCC/ARM_CM4F -O0 -ffunction-sections -fdata-sections -Wall -fstack-usage -fcyclomatic-complexity -MMD -MP -MF"Drivers/STM32G4xx_HAL_Driver/Src/stm32g4xx_hal_exti.d" -MT"Drivers/STM32G4xx_HAL_Driver/Src/stm32g4xx_hal_exti.o" --specs=nano.specs -mfpu=fpv4-sp-d16 -mfloat-abi=hard -mthumb -o "Drivers/STM32G4xx_HAL_Driver/Src/stm32g4xx_hal_exti.o"
arm-none-eabi-gcc "../Drivers/STM32G4xx_HAL_Driver/Src/stm32g4xx_hal_flash.c" -mcpu=cortex-m4 -std=gnu11 -g3 -DDEBUG -DUSE_HAL_DRIVER -DSTM32G474xx -c -I../Core/Inc -I../MPU6050/Src -I../Drivers/STM32G4xx_HAL_Driver/Inc -I../micro_ros_stm32cubemx_utils/microros_static_library_ide/libmicroros/include -I../Drivers/STM32G4xx_HAL_Driver/Inc/Legacy -I../Drivers/CMSIS/Device/ST/STM32G4xx/Include -I../Drivers/CMSIS/Include -I../Middlewares/Third_Party/FreeRTOS/Source/include -I../Middlewares/Third_Party/FreeRTOS/Source/CMSIS_RTOS_V2 -I../Middlewares/Third_Party/FreeRTOS/Source/portable/GCC/ARM_CM4F -O0 -ffunction-sections -fdata-sections -Wall -fstack-usage -fcyclomatic-complexity -MMD -MP -MF"Drivers/STM32G4xx_HAL_Driver/Src/stm32g4xx_hal_flash.d" -MT"Drivers/STM32G4xx_HAL_Driver/Src/stm32g4xx_hal_flash.o" --specs=nano.specs -mfpu=fpv4-sp-d16 -mfloat-abi=hard -mthumb -o "Drivers/STM32G4xx_HAL_Driver/Src/stm32g4xx_hal_flash.o"
arm-none-eabi-gcc "../Drivers/STM32G4xx_HAL_Driver/Src/stm32g4xx_hal_flash_ex.c" -mcpu=cortex-m4 -std=gnu11 -g3 -DDEBUG -DUSE_HAL_DRIVER -DSTM32G474xx -c -I../Core/Inc -I../MPU6050/Src -I../Drivers/STM32G4xx_HAL_Driver/Inc -I../micro_ros_stm32cubemx_utils/microros_static_library_ide/libmicroros/include -I../Drivers/STM32G4xx_HAL_Driver/Inc/Legacy -I../Drivers/CMSIS/Device/ST/STM32G4xx/Include -I../Drivers/CMSIS/Include -I../Middlewares/Third_Party/FreeRTOS/Source/include -I../Middlewares/Third_Party/FreeRTOS/Source/CMSIS_RTOS_V2 -I../Middlewares/Third_Party/FreeRTOS/Source/portable/GCC/ARM_CM4F -O0 -ffunction-sections -fdata-sections -Wall -fstack-usage -fcyclomatic-complexity -MMD -MP -MF"Drivers/STM32G4xx_HAL_Driver/Src/stm32g4xx_hal_flash_ex.d" -MT"Drivers/STM32G4xx_HAL_Driver/Src/stm32g4xx_hal_flash_ex.o" --specs=nano.specs -mfpu=fpv4-sp-d16 -mfloat-abi=hard -mthumb -o "Drivers/STM32G4xx_HAL_Driver/Src/stm32g4xx_hal_flash_ex.o"
arm-none-eabi-gcc "../Drivers/STM32G4xx_HAL_Driver/Src/stm32g4xx_hal_flash_ramfunc.c" -mcpu=cortex-m4 -std=gnu11 -g3 -DDEBUG -DUSE_HAL_DRIVER -DSTM32G474xx -c -I../Core/Inc -I../MPU6050/Src -I../Drivers/STM32G4xx_HAL_Driver/Inc -I../micro_ros_stm32cubemx_utils/microros_static_library_ide/libmicroros/include -I../Drivers/STM32G4xx_HAL_Driver/Inc/Legacy -I../Drivers/CMSIS/Device/ST/STM32G4xx/Include -I../Drivers/CMSIS/Include -I../Middlewares/Third_Party/FreeRTOS/Source/include -I../Middlewares/Third_Party/FreeRTOS/Source/CMSIS_RTOS_V2 -I../Middlewares/Third_Party/FreeRTOS/Source/portable/GCC/ARM_CM4F -O0 -ffunction-sections -fdata-sections -Wall -fstack-usage -fcyclomatic-complexity -MMD -MP -MF"Drivers/STM32G4xx_HAL_Driver/Src/stm32g4xx_hal_flash_ramfunc.d" -MT"Drivers/STM32G4xx_HAL_Driver/Src/stm32g4xx_hal_flash_ramfunc.o" --specs=nano.specs -mfpu=fpv4-sp-d16 -mfloat-abi=hard -mthumb -o "Drivers/STM32G4xx_HAL_Driver/Src/stm32g4xx_hal_flash_ramfunc.o"
arm-none-eabi-gcc "../Drivers/STM32G4xx_HAL_Driver/Src/stm32g4xx_hal_gpio.c" -mcpu=cortex-m4 -std=gnu11 -g3 -DDEBUG -DUSE_HAL_DRIVER -DSTM32G474xx -c -I../Core/Inc -I../MPU6050/Src -I../Drivers/STM32G4xx_HAL_Driver/Inc -I../micro_ros_stm32cubemx_utils/microros_static_library_ide/libmicroros/include -I../Drivers/STM32G4xx_HAL_Driver/Inc/Legacy -I../Drivers/CMSIS/Device/ST/STM32G4xx/Include -I../Drivers/CMSIS/Include -I../Middlewares/Third_Party/FreeRTOS/Source/include -I../Middlewares/Third_Party/FreeRTOS/Source/CMSIS_RTOS_V2 -I../Middlewares/Third_Party/FreeRTOS/Source/portable/GCC/ARM_CM4F -O0 -ffunction-sections -fdata-sections -Wall -fstack-usage -fcyclomatic-complexity -MMD -MP -MF"Drivers/STM32G4xx_HAL_Driver/Src/stm32g4xx_hal_gpio.d" -MT"Drivers/STM32G4xx_HAL_Driver/Src/stm32g4xx_hal_gpio.o" --specs=nano.specs -mfpu=fpv4-sp-d16 -mfloat-abi=hard -mthumb -o "Drivers/STM32G4xx_HAL_Driver/Src/stm32g4xx_hal_gpio.o"
arm-none-eabi-gcc "../Drivers/STM32G4xx_HAL_Driver/Src/stm32g4xx_hal_i2c.c" -mcpu=cortex-m4 -std=gnu11 -g3 -DDEBUG -DUSE_HAL_DRIVER -DSTM32G474xx -c -I../Core/Inc -I../MPU6050/Src -I../Drivers/STM32G4xx_HAL_Driver/Inc -I../micro_ros_stm32cubemx_utils/microros_static_library_ide/libmicroros/include -I../Drivers/STM32G4xx_HAL_Driver/Inc/Legacy -I../Drivers/CMSIS/Device/ST/STM32G4xx/Include -I../Drivers/CMSIS/Include -I../Middlewares/Third_Party/FreeRTOS/Source/include -I../Middlewares/Third_Party/FreeRTOS/Source/CMSIS_RTOS_V2 -I../Middlewares/Third_Party/FreeRTOS/Source/portable/GCC/ARM_CM4F -O0 -ffunction-sections -fdata-sections -Wall -fstack-usage -fcyclomatic-complexity -MMD -MP -MF"Drivers/STM32G4xx_HAL_Driver/Src/stm32g4xx_hal_i2c.d" -MT"Drivers/STM32G4xx_HAL_Driver/Src/stm32g4xx_hal_i2c.o" --specs=nano.specs -mfpu=fpv4-sp-d16 -mfloat-abi=hard -mthumb -o "Drivers/STM32G4xx_HAL_Driver/Src/stm32g4xx_hal_i2c.o"
arm-none-eabi-gcc "../Drivers/STM32G4xx_HAL_Driver/Src/stm32g4xx_hal_i2c_ex.c" -mcpu=cortex-m4 -std=gnu11 -g3 -DDEBUG -DUSE_HAL_DRIVER -DSTM32G474xx -c -I../Core/Inc -I../MPU6050/Src -I../Drivers/STM32G4xx_HAL_Driver/Inc -I../micro_ros_stm32cubemx_utils/microros_static_library_ide/libmicroros/include -I../Drivers/STM32G4xx_HAL_Driver/Inc/Legacy -I../Drivers/CMSIS/Device/ST/STM32G4xx/Include -I../Drivers/CMSIS/Include -I../Middlewares/Third_Party/FreeRTOS/Source/include -I../Middlewares/Third_Party/FreeRTOS/Source/CMSIS_RTOS_V2 -I../Middlewares/Third_Party/FreeRTOS/Source/portable/GCC/ARM_CM4F -O0 -ffunction-sections -fdata-sections -Wall -fstack-usage -fcyclomatic-complexity -MMD -MP -MF"Drivers/STM32G4xx_HAL_Driver/Src/stm32g4xx_hal_i2c_ex.d" -MT"Drivers/STM32G4xx_HAL_Driver/Src/stm32g4xx_hal_i2c_ex.o" --specs=nano.specs -mfpu=fpv4-sp-d16 -mfloat-abi=hard -mthumb -o "Drivers/STM32G4xx_HAL_Driver/Src/stm32g4xx_hal_i2c_ex.o"
arm-none-eabi-gcc "../Drivers/STM32G4xx_HAL_Driver/Src/stm32g4xx_hal_iwdg.c" -mcpu=cortex-m4 -std=gnu11 -g3 -DDEBUG -DUSE_HAL_DRIVER -DSTM32G474xx -c -I../Core/Inc -I../MPU6050/Src -I../Drivers/STM32G4xx_HAL_Driver/Inc -I../micro_ros_stm32cubemx_utils/microros_static_library_ide/libmicroros/include -I../Drivers/STM32G4xx_HAL_Driver/Inc/Legacy -I../Drivers/CMSIS/Device/ST/STM32G4xx/Include -I../Drivers/CMSIS/Include -I../Middlewares/Third_Party/FreeRTOS/Source/include -I../Middlewares/Third_Party/FreeRTOS/Source/CMSIS_RTOS_V2 -I../Middlewares/Third_Party/FreeRTOS/Source/portable/GCC/ARM_CM4F -O0 -ffunction-sections -fdata-sections -Wall -fstack-usage -fcyclomatic-complexity -MMD -MP -MF"Drivers/STM32G4xx_HAL_Driver/Src/stm32g4xx_hal_iwdg.d" -MT"Drivers/STM32G4xx_HAL_Driver/Src/stm32g4xx_hal_iwdg.o" --specs=nano.specs -mfpu=fpv4-sp-d16 -mfloat-abi=hard -mthumb -o "Drivers/STM32G4xx_HAL_Driver/Src/stm32g4xx_hal_iwdg.o"
arm-none-eabi-gcc "../Drivers/STM32G4xx_HAL_Driver/Src/stm32g4xx_hal_pwr.c" -mcpu=cortex-m4 -std=gnu11 -g3 -DDEBUG -DUSE_HAL_DRIVER -DSTM32G474xx -c -I../Core/Inc -I../MPU6050/Src -I../Drivers/STM32G4xx_HAL_Driver/Inc -I../micro_ros_stm32cubemx_utils/microros_static_library_ide/libmicroros/include -I../Drivers/STM32G4xx_HAL_Driver/Inc/Legacy -I../Drivers/CMSIS/Device/ST/STM32G4xx/Include -I../Drivers/CMSIS/Include -I../Middlewares/Third_Party/FreeRTOS/Source/include -I../Middlewares/Third_Party/FreeRTOS/Source/CMSIS_RTOS_V2 -I../Middlewares/Third_Party/FreeRTOS/Source/portable/GCC/ARM_CM4F -O0 -ffunction-sections -fdata-sections -Wall -fstack-usage -fcyclomatic-complexity -MMD -MP -MF"Drivers/STM32G4xx_HAL_Driver/Src/stm32g4xx_hal_pwr.d" -MT"Drivers/STM32G4xx_HAL_Driver/Src/stm32g4xx_hal_pwr.o" --specs=nano.specs -mfpu=fpv4-sp-d16 -mfloat-abi=hard -mthumb -o "Drivers/STM32G4xx_HAL_Driver/Src/stm32g4xx_hal_pwr.o"
arm-none-eabi-gcc "../Drivers/STM32G4xx_HAL_Driver/Src/stm32g4xx_hal_pwr_ex.c" -mcpu=cortex-m4 -std=gnu11 -g3 -DDEBUG -DUSE_HAL_DRIVER -DSTM32G474xx -c -I../Core/Inc -I../MPU6050/Src -I../Drivers/STM32G4xx_HAL_Driver/Inc -I../micro_ros_stm32cubemx_utils/microros_static_library_ide/libmicroros/include -I../Drivers/STM32G4xx_HAL_Driver/Inc/Legacy -I../Drivers/CMSIS/Device/ST/STM32G4xx/Include -I../Drivers/CMSIS/Include -I../Middlewares/Third_Party/FreeRTOS/Source/include -I../Middlewares/Third_Party/FreeRTOS/Source/CMSIS_RTOS_V2 -I../Middlewares/Third_Party/FreeRTOS/Source/portable/GCC/ARM_CM4F -O0 -ffunction-sections -fdata-sections -Wall -fstack-usage -fcyclomatic-complexity -MMD -MP -MF"Drivers/STM32G4xx_HAL_Driver/Src/stm32g4xx_hal_pwr_ex.d" -MT"Drivers/STM32G4xx_HAL_Driver/Src/stm32g4xx_hal_pwr_ex.o" --specs=nano.specs -mfpu=fpv4-sp-d16 -mfloat-abi=hard -mthumb -o "Drivers/STM32G4xx_HAL_Driver/Src/stm32g4xx_hal_pwr_ex.o"
arm-none-eabi-gcc "../Drivers/STM32G4xx_HAL_Driver/Src/stm32g4xx_hal_rcc.c" -mcpu=cortex-m4 -std=gnu11 -g3 -DDEBUG -DUSE_HAL_DRIVER -DSTM32G474xx -c -I../Core/Inc -I../MPU6050/Src -I../Drivers/STM32G4xx_HAL_Driver/Inc -I../micro_ros_stm32cubemx_utils/microros_static_library_ide/libmicroros/include -I../Drivers/STM32G4xx_HAL_Driver/Inc/Legacy -I../Drivers/CMSIS/Device/ST/STM32G4xx/Include -I../Drivers/CMSIS/Include -I../Middlewares/Third_Party/FreeRTOS/Source/include -I../Middlewares/Third_Party/FreeRTOS/Source/CMSIS_RTOS_V2 -I../Middlewares/Third_Party/FreeRTOS/Source/portable/GCC/ARM_CM4F -O0 -ffunction-sections -fdata-sections -Wall -fstack-usage -fcyclomatic-complexity -MMD -MP -MF"Drivers/STM32G4xx_HAL_Driver/Src/stm32g4xx_hal_rcc.d" -MT"Drivers/STM32G4xx_HAL_Driver/Src/stm32g4xx_hal_rcc.o" --specs=nano.specs -mfpu=fpv4-sp-d16 -mfloat-abi=hard -mthumb -o "Drivers/STM32G4xx_HAL_Driver/Src/stm32g4xx_hal_rcc.o"
arm-none-eabi-gcc "../Drivers/STM32G4xx_HAL_Driver/Src/stm32g4xx_hal_rcc_ex.c" -mcpu=cortex-m4 -std=gnu11 -g3 -DDEBUG -DUSE_HAL_DRIVER -DSTM32G474xx -c -I../Core/Inc -I../MPU6050/Src -I../Drivers/STM32G4xx_HAL_Driver/Inc -I../micro_ros_stm32cubemx_utils/microros_static_library_ide/libmicroros/include -I../Drivers/STM32G4xx_HAL_Driver/Inc/Legacy -I../Drivers/CMSIS/Device/ST/STM32G4xx/Include -I../Drivers/CMSIS/Include -I../Middlewares/Third_Party/FreeRTOS/Source/include -I../Middlewares/Third_Party/FreeRTOS/Source/CMSIS_RTOS_V2 -I../Middlewares/Third_Party/FreeRTOS/Source/portable/GCC/ARM_CM4F -O0 -ffunction-sections -fdata-sections -Wall -fstack-usage -fcyclomatic-complexity -MMD -MP -MF"Drivers/STM32G4xx_HAL_Driver/Src/stm32g4xx_hal_rcc_ex.d" -MT"Drivers/STM32G4xx_HAL_Driver/Src/stm32g4xx_hal_rcc_ex.o" --specs=nano.specs -mfpu=fpv4-sp-d16 -mfloat-abi=hard -mthumb -o "Drivers/STM32G4xx_HAL_Driver/Src/stm32g4xx_hal_rcc_ex.o"
arm-none-eabi-gcc "../Drivers/STM32G4xx_HAL_Driver/Src/stm32g4xx_hal_tim.c" -mcpu=cortex-m4 -std=gnu11 -g3 -DDEBUG -DUSE_HAL_DRIVER -DSTM32G474xx -c -I../Core/Inc -I../MPU6050/Src -I../Drivers/STM32G4xx_HAL_Driver/Inc -I../micro_ros_stm32cubemx_utils/microros_static_library_ide/libmicroros/include -I../Drivers/STM32G4xx_HAL_Driver/Inc/Legacy -I../Drivers/CMSIS/Device/ST/STM32G4xx/Include -I../Drivers/CMSIS/Include -I../Middlewares/Third_Party/FreeRTOS/Source/include -I../Middlewares/Third_Party/FreeRTOS/Source/CMSIS_RTOS_V2 -I../Middlewares/Third_Party/FreeRTOS/Source/portable/GCC/ARM_CM4F -O0 -ffunction-sections -fdata-sections -Wall -fstack-usage -fcyclomatic-complexity -MMD -MP -MF"Drivers/STM32G4xx_HAL_Driver/Src/stm32g4xx_hal_tim.d" -MT"Drivers/STM32G4xx_HAL_Driver/Src/stm32g4xx_hal_tim.o" --specs=nano.specs -mfpu=fpv4-sp-d16 -mfloat-abi=hard -mthumb -o "Drivers/STM32G4xx_HAL_Driver/Src/stm32g4xx_hal_tim.o"
arm-none-eabi-gcc "../Drivers/STM32G4xx_HAL_Driver/Src/stm32g4xx_hal_tim_ex.c" -mcpu=cortex-m4 -std=gnu11 -g3 -DDEBUG -DUSE_HAL_DRIVER -DSTM32G474xx -c -I../Core/Inc -I../MPU6050/Src -I../Drivers/STM32G4xx_HAL_Driver/Inc -I../micro_ros_stm32cubemx_utils/microros_static_library_ide/libmicroros/include -I../Drivers/STM32G4xx_HAL_Driver/Inc/Legacy -I../Drivers/CMSIS/Device/ST/STM32G4xx/Include -I../Drivers/CMSIS/Include -I../Middlewares/Third_Party/FreeRTOS/Source/include -I../Middlewares/Third_Party/FreeRTOS/Source/CMSIS_RTOS_V2 -I../Middlewares/Third_Party/FreeRTOS/Source/portable/GCC/ARM_CM4F -O0 -ffunction-sections -fdata-sections -Wall -fstack-usage -fcyclomatic-complexity -MMD -MP -MF"Drivers/STM32G4xx_HAL_Driver/Src/stm32g4xx_hal_tim_ex.d" -MT"Drivers/STM32G4xx_HAL_Driver/Src/stm32g4xx_hal_tim_ex.o" --specs=nano.specs -mfpu=fpv4-sp-d16 -mfloat-abi=hard -mthumb -o "Drivers/STM32G4xx_HAL_Driver/Src/stm32g4xx_hal_tim_ex.o"
arm-none-eabi-gcc "../Drivers/STM32G4xx_HAL_Driver/Src/stm32g4xx_hal_uart.c" -mcpu=cortex-m4 -std=gnu11 -g3 -DDEBUG -DUSE_HAL_DRIVER -DSTM32G474xx -c -I../Core/Inc -I../MPU6050/Src -I../Drivers/STM32G4xx_HAL_Driver/Inc -I../micro_ros_stm32cubemx_utils/microros_static_library_ide/libmicroros/include -I../Drivers/STM32G4xx_HAL_Driver/Inc/Legacy -I../Drivers/CMSIS/Device/ST/STM32G4xx/Include -I../Drivers/CMSIS/Include -I../Middlewares/Third_Party/FreeRTOS/Source/include -I../Middlewares/Third_Party/FreeRTOS/Source/CMSIS_RTOS_V2 -I../Middlewares/Third_Party/FreeRTOS/Source/portable/GCC/ARM_CM4F -O0 -ffunction-sections -fdata-sections -Wall -fstack-usage -fcyclomatic-complexity -MMD -MP -MF"Drivers/STM32G4xx_HAL_Driver/Src/stm32g4xx_hal_uart.d" -MT"Drivers/STM32G4xx_HAL_Driver/Src/stm32g4xx_hal_uart.o" --specs=nano.specs -mfpu=fpv4-sp-d16 -mfloat-abi=hard -mthumb -o "Drivers/STM32G4xx_HAL_Driver/Src/stm32g4xx_hal_uart.o"
arm-none-eabi-gcc "../Drivers/STM32G4xx_HAL_Driver/Src/stm32g4xx_hal_uart_ex.c" -mcpu=cortex-m4 -std=gnu11 -g3 -DDEBUG -DUSE_HAL_DRIVER -DSTM32G474xx -c -I../Core/Inc -I../MPU6050/Src -I../Drivers/STM32G4xx_HAL_Driver/Inc -I../micro_ros_stm32cubemx_utils/microros_static_library_ide/libmicroros/include -I../Drivers/STM32G4xx_HAL_Driver/Inc/Legacy -I../Drivers/CMSIS/Device/ST/STM32G4xx/Include -I../Drivers/CMSIS/Include -I../Middlewares/Third_Party/FreeRTOS/Source/include -I../Middlewares/Third_Party/FreeRTOS/Source/CMSIS_RTOS_V2 -I../Middlewares/Third_Party/FreeRTOS/Source/portable/GCC/ARM_CM4F -O0 -ffunction-sections -fdata-sections -Wall -fstack-usage -fcyclomatic-complexity -MMD -MP -MF"Drivers/STM32G4xx_HAL_Driver/Src/stm32g4xx_hal_uart_ex.d" -MT"Drivers/STM32G4xx_HAL_Driver/Src/stm32g4xx_hal_uart_ex.o" --specs=nano.specs -mfpu=fpv4-sp-d16 -mfloat-abi=hard -mthumb -o "Drivers/STM32G4xx_HAL_Driver/Src/stm32g4xx_hal_uart_ex.o"
arm-none-eabi-gcc "../Core/Src/app_freertos.c" -mcpu=cortex-m4 -std=gnu11 -g3 -DDEBUG -DUSE_HAL_DRIVER -DSTM32G474xx -c -I../Core/Inc -I../MPU6050/Src -I../Drivers/STM32G4xx_HAL_Driver/Inc -I../micro_ros_stm32cubemx_utils/microros_static_library_ide/libmicroros/include -I../Drivers/STM32G4xx_HAL_Driver/Inc/Legacy -I../Drivers/CMSIS/Device/ST/STM32G4xx/Include -I../Drivers/CMSIS/Include -I../Middlewares/Third_Party/FreeRTOS/Source/include -I../Middlewares/Third_Party/FreeRTOS/Source/CMSIS_RTOS_V2 -I../Middlewares/Third_Party/FreeRTOS/Source/portable/GCC/ARM_CM4F -O0 -ffunction-sections -fdata-sections -Wall -fstack-usage -fcyclomatic-complexity -MMD -MP -MF"Core/Src/app_freertos.d" -MT"Core/Src/app_freertos.o" --specs=nano.specs -mfpu=fpv4-sp-d16 -mfloat-abi=hard -mthumb -o "Core/Src/app_freertos.o"
arm-none-eabi-gcc "../Core/Src/custom_memory_manager.c" -mcpu=cortex-m4 -std=gnu11 -g3 -DDEBUG -DUSE_HAL_DRIVER -DSTM32G474xx -c -I../Core/Inc -I../MPU6050/Src -I../Drivers/STM32G4xx_HAL_Driver/Inc -I../micro_ros_stm32cubemx_utils/microros_static_library_ide/libmicroros/include -I../Drivers/STM32G4xx_HAL_Driver/Inc/Legacy -I../Drivers/CMSIS/Device/ST/STM32G4xx/Include -I../Drivers/CMSIS/Include -I../Middlewares/Third_Party/FreeRTOS/Source/include -I../Middlewares/Third_Party/FreeRTOS/Source/CMSIS_RTOS_V2 -I../Middlewares/Third_Party/FreeRTOS/Source/portable/GCC/ARM_CM4F -O0 -ffunction-sections -fdata-sections -Wall -fstack-usage -fcyclomatic-complexity -MMD -MP -MF"Core/Src/custom_memory_manager.d" -MT"Core/Src/custom_memory_manager.o" --specs=nano.specs -mfpu=fpv4-sp-d16 -mfloat-abi=hard -mthumb -o "Core/Src/custom_memory_manager.o"
arm-none-eabi-gcc "../Core/Src/dma.c" -mcpu=cortex-m4 -std=gnu11 -g3 -DDEBUG -DUSE_HAL_DRIVER -DSTM32G474xx -c -I../Core/Inc -I../MPU6050/Src -I../Drivers/STM32G4xx_HAL_Driver/Inc -I../micro_ros_stm32cubemx_utils/microros_static_library_ide/libmicroros/include -I../Drivers/STM32G4xx_HAL_Driver/Inc/Legacy -I../Drivers/CMSIS/Device/ST/STM32G4xx/Include -I../Drivers/CMSIS/Include -I../Middlewares/Third_Party/FreeRTOS/Source/include -I../Middlewares/Third_Party/FreeRTOS/Source/CMSIS_RTOS_V2 -I../Middlewares/Third_Party/FreeRTOS/Source/portable/GCC/ARM_CM4F -O0 -ffunction-sections -fdata-sections -Wall -fstack-usage -fcyclomatic-complexity -MMD -MP -MF"Core/Src/dma.d" -MT"Core/Src/dma.o" --specs=nano.specs -mfpu=fpv4-sp-d16 -mfloat-abi=hard -mthumb -o "Core/Src/dma.o"
arm-none-eabi-gcc "../Core/Src/dma_transport.c" -mcpu=cortex-m4 -std=gnu11 -g3 -DDEBUG -DUSE_HAL_DRIVER -DSTM32G474xx -c -I../Core/Inc -I../MPU6050/Src -I../Drivers/STM32G4xx_HAL_Driver/Inc -I../micro_ros_stm32cubemx_utils/microros_static_library_ide/libmicroros/include -I../Drivers/STM32G4xx_HAL_Driver/Inc/Legacy -I../Drivers/CMSIS/Device/ST/STM32G4xx/Include -I../Drivers/CMSIS/Include -I../Middlewares/Third_Party/FreeRTOS/Source/include -I../Middlewares/Third_Party/FreeRTOS/Source/CMSIS_RTOS_V2 -I../Middlewares/Third_Party/FreeRTOS/Source/portable/GCC/ARM_CM4F -O0 -ffunction-sections -fdata-sections -Wall -fstack-usage -fcyclomatic-complexity -MMD -MP -MF"Core/Src/dma_transport.d" -MT"Core/Src/dma_transport.o" --specs=nano.specs -mfpu=fpv4-sp-d16 -mfloat-abi=hard -mthumb -o "Core/Src/dma_transport.o"
arm-none-eabi-gcc "../Core/Src/gpio.c" -mcpu=cortex-m4 -std=gnu11 -g3 -DDEBUG -DUSE_HAL_DRIVER -DSTM32G474xx -c -I../Core/Inc -I../MPU6050/Src -I../Drivers/STM32G4xx_HAL_Driver/Inc -I../micro_ros_stm32cubemx_utils/microros_static_library_ide/libmicroros/include -I../Drivers/STM32G4xx_HAL_Driver/Inc/Legacy -I../Drivers/CMSIS/Device/ST/STM32G4xx/Include -I../Drivers/CMSIS/Include -I../Middlewares/Third_Party/FreeRTOS/Source/include -I../Middlewares/Third_Party/FreeRTOS/Source/CMSIS_RTOS_V2 -I../Middlewares/Third_Party/FreeRTOS/Source/portable/GCC/ARM_CM4F -O0 -ffunction-sections -fdata-sections -Wall -fstack-usage -fcyclomatic-complexity -MMD -MP -MF"Core/Src/gpio.d" -MT"Core/Src/gpio.o" --specs=nano.specs -mfpu=fpv4-sp-d16 -mfloat-abi=hard -mthumb -o "Core/Src/gpio.o"
arm-none-eabi-gcc "../Core/Src/i2c.c" -mcpu=cortex-m4 -std=gnu11 -g3 -DDEBUG -DUSE_HAL_DRIVER -DSTM32G474xx -c -I../Core/Inc -I../MPU6050/Src -I../Drivers/STM32G4xx_HAL_Driver/Inc -I../micro_ros_stm32cubemx_utils/microros_static_library_ide/libmicroros/include -I../Drivers/STM32G4xx_HAL_Driver/Inc/Legacy -I../Drivers/CMSIS/Device/ST/STM32G4xx/Include -I../Drivers/CMSIS/Include -I../Middlewares/Third_Party/FreeRTOS/Source/include -I../Middlewares/Third_Party/FreeRTOS/Source/CMSIS_RTOS_V2 -I../Middlewares/Third_Party/FreeRTOS/Source/portable/GCC/ARM_CM4F -O0 -ffunction-sections -fdata-sections -Wall -fstack-usage -fcyclomatic-complexity -MMD -MP -MF"Core/Src/i2c.d" -MT"Core/Src/i2c.o" --specs=nano.specs -mfpu=fpv4-sp-d16 -mfloat-abi=hard -mthumb -o "Core/Src/i2c.o"
arm-none-eabi-gcc "../Core/Src/iwdg.c" -mcpu=cortex-m4 -std=gnu11 -g3 -DDEBUG -DUSE_HAL_DRIVER -DSTM32G474xx -c -I../Core/Inc -I../MPU6050/Src -I../Drivers/STM32G4xx_HAL_Driver/Inc -I../micro_ros_stm32cubemx_utils/microros_static_library_ide/libmicroros/include -I../Drivers/STM32G4xx_HAL_Driver/Inc/Legacy -I../Drivers/CMSIS/Device/ST/STM32G4xx/Include -I../Drivers/CMSIS/Include -I../Middlewares/Third_Party/FreeRTOS/Source/include -I../Middlewares/Third_Party/FreeRTOS/Source/CMSIS_RTOS_V2 -I../Middlewares/Third_Party/FreeRTOS/Source/portable/GCC/ARM_CM4F -O0 -ffunction-sections -fdata-sections -Wall -fstack-usage -fcyclomatic-complexity -MMD -MP -MF"Core/Src/iwdg.d" -MT"Core/Src/iwdg.o" --specs=nano.specs -mfpu=fpv4-sp-d16 -mfloat-abi=hard -mthumb -o "Core/Src/iwdg.o"
arm-none-eabi-gcc "../Core/Src/main.c" -mcpu=cortex-m4 -std=gnu11 -g3 -DDEBUG -DUSE_HAL_DRIVER -DSTM32G474xx -c -I../Core/Inc -I../MPU6050/Src -I../Drivers/STM32G4xx_HAL_Driver/Inc -I../micro_ros_stm32cubemx_utils/microros_static_library_ide/libmicroros/include -I../Drivers/STM32G4xx_HAL_Driver/Inc/Legacy -I../Drivers/CMSIS/Device/ST/STM32G4xx/Include -I../Drivers/CMSIS/Include -I../Middlewares/Third_Party/FreeRTOS/Source/include -I../Middlewares/Third_Party/FreeRTOS/Source/CMSIS_RTOS_V2 -I../Middlewares/Third_Party/FreeRTOS/Source/portable/GCC/ARM_CM4F -O0 -ffunction-sections -fdata-sections -Wall -fstack-usage -fcyclomatic-complexity -MMD -MP -MF"Core/Src/main.d" -MT"Core/Src/main.o" --specs=nano.specs -mfpu=fpv4-sp-d16 -mfloat-abi=hard -mthumb -o "Core/Src/main.o"
arm-none-eabi-gcc "../Core/Src/microros_allocators.c" -mcpu=cortex-m4 -std=gnu11 -g3 -DDEBUG -DUSE_HAL_DRIVER -DSTM32G474xx -c -I../Core/Inc -I../MPU6050/Src -I../Drivers/STM32G4xx_HAL_Driver/Inc -I../micro_ros_stm32cubemx_utils/microros_static_library_ide/libmicroros/include -I../Drivers/STM32G4xx_HAL_Driver/Inc/Legacy -I../Drivers/CMSIS/Device/ST/STM32G4xx/Include -I../Drivers/CMSIS/Include -I../Middlewares/Third_Party/FreeRTOS/Source/include -I../Middlewares/Third_Party/FreeRTOS/Source/CMSIS_RTOS_V2 -I../Middlewares/Third_Party/FreeRTOS/Source/portable/GCC/ARM_CM4F -O0 -ffunction-sections -fdata-sections -Wall -fstack-usage -fcyclomatic-complexity -MMD -MP -MF"Core/Src/microros_allocators.d" -MT"Core/Src/microros_allocators.o" --specs=nano.specs -mfpu=fpv4-sp-d16 -mfloat-abi=hard -mthumb -o "Core/Src/microros_allocators.o"
arm-none-eabi-gcc "../Core/Src/microros_time.c" -mcpu=cortex-m4 -std=gnu11 -g3 -DDEBUG -DUSE_HAL_DRIVER -DSTM32G474xx -c -I../Core/Inc -I../MPU6050/Src -I../Drivers/STM32G4xx_HAL_Driver/Inc -I../micro_ros_stm32cubemx_utils/microros_static_library_ide/libmicroros/include -I../Drivers/STM32G4xx_HAL_Driver/Inc/Legacy -I../Drivers/CMSIS/Device/ST/STM32G4xx/Include -I../Drivers/CMSIS/Include -I../Middlewares/Third_Party/FreeRTOS/Source/include -I../Middlewares/Third_Party/FreeRTOS/Source/CMSIS_RTOS_V2 -I../Middlewares/Third_Party/FreeRTOS/Source/portable/GCC/ARM_CM4F -O0 -ffunction-sections -fdata-sections -Wall -fstack-usage -fcyclomatic-complexity -MMD -MP -MF"Core/Src/microros_time.d" -MT"Core/Src/microros_time.o" --specs=nano.specs -mfpu=fpv4-sp-d16 -mfloat-abi=hard -mthumb -o "Core/Src/microros_time.o"
arm-none-eabi-gcc "../Core/Src/stm32g4xx_hal_msp.c" -mcpu=cortex-m4 -std=gnu11 -g3 -DDEBUG -DUSE_HAL_DRIVER -DSTM32G474xx -c -I../Core/Inc -I../MPU6050/Src -I../Drivers/STM32G4xx_HAL_Driver/Inc -I../micro_ros_stm32cubemx_utils/microros_static_library_ide/libmicroros/include -I../Drivers/STM32G4xx_HAL_Driver/Inc/Legacy -I../Drivers/CMSIS/Device/ST/STM32G4xx/Include -I../Drivers/CMSIS/Include -I../Middlewares/Third_Party/FreeRTOS/Source/include -I../Middlewares/Third_Party/FreeRTOS/Source/CMSIS_RTOS_V2 -I../Middlewares/Third_Party/FreeRTOS/Source/portable/GCC/ARM_CM4F -O0 -ffunction-sections -fdata-sections -Wall -fstack-usage -fcyclomatic-complexity -MMD -MP -MF"Core/Src/stm32g4xx_hal_msp.d" -MT"Core/Src/stm32g4xx_hal_msp.o" --specs=nano.specs -mfpu=fpv4-sp-d16 -mfloat-abi=hard -mthumb -o "Core/Src/stm32g4xx_hal_msp.o"
arm-none-eabi-gcc "../Core/Src/stm32g4xx_hal_timebase_tim.c" -mcpu=cortex-m4 -std=gnu11 -g3 -DDEBUG -DUSE_HAL_DRIVER -DSTM32G474xx -c -I../Core/Inc -I../MPU6050/Src -I../Drivers/STM32G4xx_HAL_Driver/Inc -I../micro_ros_stm32cubemx_utils/microros_static_library_ide/libmicroros/include -I../Drivers/STM32G4xx_HAL_Driver/Inc/Legacy -I../Drivers/CMSIS/Device/ST/STM32G4xx/Include -I../Drivers/CMSIS/Include -I../Middlewares/Third_Party/FreeRTOS/Source/include -I../Middlewares/Third_Party/FreeRTOS/Source/CMSIS_RTOS_V2 -I../Middlewares/Third_Party/FreeRTOS/Source/portable/GCC/ARM_CM4F -O0 -ffunction-sections -fdata-sections -Wall -fstack-usage -fcyclomatic-complexity -MMD -MP -MF"Core/Src/stm32g4xx_hal_timebase_tim.d" -MT"Core/Src/stm32g4xx_hal_timebase_tim.o" --specs=nano.specs -mfpu=fpv4-sp-d16 -mfloat-abi=hard -mthumb -o "Core/Src/stm32g4xx_hal_timebase_tim.o"
arm-none-eabi-gcc "../Core/Src/stm32g4xx_it.c" -mcpu=cortex-m4 -std=gnu11 -g3 -DDEBUG -DUSE_HAL_DRIVER -DSTM32G474xx -c -I../Core/Inc -I../MPU6050/Src -I../Drivers/STM32G4xx_HAL_Driver/Inc -I../micro_ros_stm32cubemx_utils/microros_static_library_ide/libmicroros/include -I../Drivers/STM32G4xx_HAL_Driver/Inc/Legacy -I../Drivers/CMSIS/Device/ST/STM32G4xx/Include -I../Drivers/CMSIS/Include -I../Middlewares/Third_Party/FreeRTOS/Source/include -I../Middlewares/Third_Party/FreeRTOS/Source/CMSIS_RTOS_V2 -I../Middlewares/Third_Party/FreeRTOS/Source/portable/GCC/ARM_CM4F -O0 -ffunction-sections -fdata-sections -Wall -fstack-usage -fcyclomatic-complexity -MMD -MP -MF"Core/Src/stm32g4xx_it.d" -MT"Core/Src/stm32g4xx_it.o" --specs=nano.specs -mfpu=fpv4-sp-d16 -mfloat-abi=hard -mthumb -o "Core/Src/stm32g4xx_it.o"
arm-none-eabi-gcc "../Core/Src/system_stm32g4xx.c" -mcpu=cortex-m4 -std=gnu11 -g3 -DDEBUG -DUSE_HAL_DRIVER -DSTM32G474xx -c -I../Core/Inc -I../MPU6050/Src -I../Drivers/STM32G4xx_HAL_Driver/Inc -I../micro_ros_stm32cubemx_utils/microros_static_library_ide/libmicroros/include -I../Drivers/STM32G4xx_HAL_Driver/Inc/Legacy -I../Drivers/CMSIS/Device/ST/STM32G4xx/Include -I../Drivers/CMSIS/Include -I../Middlewares/Third_Party/FreeRTOS/Source/include -I../Middlewares/Third_Party/FreeRTOS/Source/CMSIS_RTOS_V2 -I../Middlewares/Third_Party/FreeRTOS/Source/portable/GCC/ARM_CM4F -O0 -ffunction-sections -fdata-sections -Wall -fstack-usage -fcyclomatic-complexity -MMD -MP -MF"Core/Src/system_stm32g4xx.d" -MT"Core/Src/system_stm32g4xx.o" --specs=nano.specs -mfpu=fpv4-sp-d16 -mfloat-abi=hard -mthumb -o "Core/Src/system_stm32g4xx.o"
arm-none-eabi-gcc "../Core/Src/tim.c" -mcpu=cortex-m4 -std=gnu11 -g3 -DDEBUG -DUSE_HAL_DRIVER -DSTM32G474xx -c -I../Core/Inc -I../MPU6050/Src -I../Drivers/STM32G4xx_HAL_Driver/Inc -I../micro_ros_stm32cubemx_utils/microros_static_library_ide/libmicroros/include -I../Drivers/STM32G4xx_HAL_Driver/Inc/Legacy -I../Drivers/CMSIS/Device/ST/STM32G4xx/Include -I../Drivers/CMSIS/Include -I../Middlewares/Third_Party/FreeRTOS/Source/include -I../Middlewares/Third_Party/FreeRTOS/Source/CMSIS_RTOS_V2 -I../Middlewares/Third_Party/FreeRTOS/Source/portable/GCC/ARM_CM4F -O0 -ffunction-sections -fdata-sections -Wall -fstack-usage -fcyclomatic-complexity -MMD -MP -MF"Core/Src/tim.d" -MT"Core/Src/tim.o" --specs=nano.specs -mfpu=fpv4-sp-d16 -mfloat-abi=hard -mthumb -o "Core/Src/tim.o"
arm-none-eabi-gcc "../Core/Src/usart.c" -mcpu=cortex-m4 -std=gnu11 -g3 -DDEBUG -DUSE_HAL_DRIVER -DSTM32G474xx -c -I../Core/Inc -I../MPU6050/Src -I../Drivers/STM32G4xx_HAL_Driver/Inc -I../micro_ros_stm32cubemx_utils/microros_static_library_ide/libmicroros/include -I../Drivers/STM32G4xx_HAL_Driver/Inc/Legacy -I../Drivers/CMSIS/Device/ST/STM32G4xx/Include -I../Drivers/CMSIS/Include -I../Middlewares/Third_Party/FreeRTOS/Source/include -I../Middlewares/Third_Party/FreeRTOS/Source/CMSIS_RTOS_V2 -I../Middlewares/Third_Party/FreeRTOS/Source/portable/GCC/ARM_CM4F -O0 -ffunction-sections -fdata-sections -Wall -fstack-usage -fcyclomatic-complexity -MMD -MP -MF"Core/Src/usart.d" -MT"Core/Src/usart.o" --specs=nano.specs -mfpu=fpv4-sp-d16 -mfloat-abi=hard -mthumb -o "Core/Src/usart.o"
arm-none-eabi-gcc -o "sensor_fusion.elf" @"objects.list"  -lmicroros -mcpu=cortex-m4 -T"/home/natthanicha/FRA502_ROS2/ROS_PROJECT_WS/firmware/sensor_fusion/STM32G474RETX_FLASH.ld" --specs=nosys.specs -Wl,-Map="sensor_fusion.map" -Wl,--gc-sections -static -L../micro_ros_stm32cubemx_utils/microros_static_library_ide/libmicroros --specs=nano.specs -mfpu=fpv4-sp-d16 -mfloat-abi=hard -mthumb -Wl,--start-group -lc -lm -Wl,--end-group
/opt/st/stm32cubeide_1.19.0/plugins/com.st.stm32cube.ide.mcu.externaltools.gnu-tools-for-stm32.13.3.rel1.linux64_1.0.0.202410170706/tools/bin/../lib/gcc/arm-none-eabi/13.3.1/../../../../arm-none-eabi/bin/ld: /opt/st/stm32cubeide_1.19.0/plugins/com.st.stm32cube.ide.mcu.externaltools.gnu-tools-for-stm32.13.3.rel1.linux64_1.0.0.202410170706/tools/bin/../lib/gcc/arm-none-eabi/13.3.1/../../../../arm-none-eabi/lib/thumb/v7e-m+fp/hard/libc_nano.a(libc_a-gettimeofdayr.o): in function `_gettimeofday_r':
(.text._gettimeofday_r+0xe): warning: _gettimeofday is not implemented and will always fail
/opt/st/stm32cubeide_1.19.0/plugins/com.st.stm32cube.ide.mcu.externaltools.gnu-tools-for-stm32.13.3.rel1.linux64_1.0.0.202410170706/tools/bin/../lib/gcc/arm-none-eabi/13.3.1/../../../../arm-none-eabi/bin/ld: /opt/st/stm32cubeide_1.19.0/plugins/com.st.stm32cube.ide.mcu.externaltools.gnu-tools-for-stm32.13.3.rel1.linux64_1.0.0.202410170706/tools/bin/../lib/gcc/arm-none-eabi/13.3.1/../../../../arm-none-eabi/lib/thumb/v7e-m+fp/hard/libc_nano.a(libc_a-gettimeofdayr.o): note: the message above does not take linker garbage collection into account
Finished building target: sensor_fusion.elf
 
arm-none-eabi-size  sensor_fusion.elf 
arm-none-eabi-objdump -h -S sensor_fusion.elf  > "sensor_fusion.list"
   text	   data	    bss	    dec	    hex	filename
 110992	   1988	  46184	 159164	  26dbc	sensor_fusion.elf
Finished building: default.size.stdout
 
Finished building: sensor_fusion.list
 
15:04:23 **** Incremental Build of configuration Debug for project sensor_fusion ****
make -j16 all 
docker pull microros/micro_ros_static_library_builder:humble && docker run --rm -v /home/natthanicha/FRA502_ROS2/ROS_PROJECT_WS/firmware/sensor_fusion:/project --env MICROROS_LIBRARY_FOLDER=micro_ros_stm32cubemx_utils/microros_static_library_ide microros/micro_ros_static_library_builder:humble
humble: Pulling from microros/micro_ros_static_library_builder
Digest: sha256:e291f74890e81b31eb1d70731cb79b2d767dd585269325031effc72952b24b9d
Status: Image is up to date for microros/micro_ros_static_library_builder:humble
docker.io/microros/micro_ros_static_library_builder:humble
dos2unix: converting file /project/micro_ros_stm32cubemx_utils/microros_static_library_ide/library_generation/library_generation.sh to Unix format...
micro-ROS library found. Skipping...
Delete micro_ros_stm32cubemx_utils/microros_static_library_ide/libmicroros/ for rebuild.
 
arm-none-eabi-size  sensor_fusion.elf 
   text	   data	    bss	    dec	    hex	filename
 110992	   1988	  46184	 159164	  26dbc	sensor_fusion.elf
Finished building: default.size.stdout
 
